"Country ";"Short";"League ";"Hour";"Status";"Home Team";"Result Home";"Result Visitor";"Visitor Team";"Odds";"Odds";"Casa | Fora";"Casa | Fora";"Global";"Casa | Fora";"Casa | Fora";"Casa | Fora";"Casa | Fora";"Global";"Casa | Fora";"Global";"Casa | Fora";"Casa | Fora";"Casa | Fora";"Casa | Fora";"Casa | Fora";"Casa | Fora";"Casa | Fora";"Casa | Fora";"Global";"Casa | Fora";"Casa | Fora";"Global";"Casa | Fora";"Casa | Fora";"Casa | Fora";"Casa | Fora";"Casa | Fora";"Global";"Casa | Fora";"Casa | Fora";"Casa | Fora";"Casa | Fora";"Global";"Global"
"World";"WOR";"World Cup";"30-06-2026 14:00";"NS";"Côte d'Ivoire";"";"";"Norway";"3.49";"2.13";"70 | 56";"65 | 75";"5";"55 | 54";"1.9 | 1.8";"48 | 52";"5.3 | 5.3";"";"";"";"60 | 50";"10 | 30";"30 | 20";"63 | 60";"70 | 80";"90 | 70";"40 | 50";"0x1 | 1x4";"24.5";"1.9 | 2.2";"1 | 1.4";"3.2";"54 | 53";"";"10 | 10";"13.1 | 12.9";"11.1 | 11.9";"7.8";"3.2 | 4.2";"3.8 | 4.5";"1.1 | 0.5";"0.9 | 0.8";"1.6";"2.6"
"World";"WOR";"World Cup";"30-06-2026 18:00";"NS";"France";"";"";"Sweden";"1.28";"9.97";"70 | 32";"95 | 61";"3";"68 | 49";"2.5 | 1.2";"67 | 44";"5.1 | 5.1";"7";"71 | 29";"0";"80 | 30";"10 | 30";"10 | 40";"83 | 40";"90 | 60";"90 | 70";"20 | 70";"3x1 | 1x1";"23.4";"2.8 | 1.8";"1 | 2.1";"3.8";"62 | 48";"";"10 | 10";"17.3 | 11";"6.8 | 11.7";"9.1";"2.3 | 4.7";"6.4 | 4.8";"1 | 1.5";"1.3 | 1.3";"2.6";"2.6"
"World";"WOR";"World Cup";"30-06-2026 22:00";"NS";"Mexico";"";"";"Ecuador";"2.24";"3.84";"100 | 84";"68 | 41";"5";"57 | 60";"2.6 | 1.7";"44 | 55";"5.6 | 9.1";"10";"30 | 30";"40";"80 | 40";"20 | 50";"0 | 10";"87 | 57";"100 | 90";"80 | 50";"20 | 60";"1x0 | 1x1";"19.8";"2 | 1.2";"0.2 | 0.6";"2";"52 | 59";"";"10 | 10";"12.3 | 12.1";"7.1 | 8.2";"6.9";"1.9 | 2.4";"4.6 | 4.9";"1.5 | 1.9";"1.8 | 1.7";"3.4";"2.6"
"Brazil";"BRA";"Serie B";"30-06-2026 20:00";"NS";"Botafogo SP";"";"";"CRB";"2.25";"3.33";"74 | 60";"24 | 68";"5";"52 | 52";"1 | 1.8";"43 | 47";"12.4 | 7.9";"8";"25 | 62";"12";"20 | 50";"40 | 30";"40 | 20";"33 | 60";"60 | 80";"60 | 70";"80 | 50";"0x1 | 1x2";"28.8";"0.7 | 2";"0.9 | 1.3";"2.4";"51 | 53";"15 | 16";"10 | 10";"12.1 | 20.4";"11.9 | 13.3";"9.4";"3.3 | 4.9";"3.8 | 6.9";"2.8 | 2.3";"3.1 | 3";"5.6";"5.4"
"Venezuela";"VEN";"Copa Venezuela";"30-06-2026 21:00";"NS";"Marítimo";"";"";"Atlético Ávila";"";"";"66 | 63";"48 | 27";"";"53 | 43";"1.5 | 0.9";"56 | 42";"6.1 | 9";"2";"0 | 50";"50";"40 | 10";"30 | 60";"30 | 30";"50 | 30";"70 | 70";"70 | 40";"60 | 90";"2x1 | 0x0";"15.7";"1.4 | 0.8";"1.1 | 1.2";"2.2";"52 | 48";"";"10 | 10";"8.6 | 7.2";"5.8 | 9.8";"6.4";"2.8 | 3.9";"4 | 2.1";"3.9 | 3.1";"3.8 | 3.6";"7.2";""
"Venezuela";"VEN";"Copa Venezuela";"30-06-2026 21:00";"NS";"Deportivo Miranda FC";"";"";"Academia Anzoátegui";"";"";"80 | 46";"20 | 44";"";"46 | 45";"1.4 | 0.9";"42 | 41";"12.5 | 9.2";"10";"10 | 50";"40";"40 | 20";"20 | 30";"40 | 50";"47 | 30";"60 | 50";"80 | 70";"60 | 80";"1x0 | 1x0";"21.3";"0.6 | 1.3";"0.7 | 1.7";"2.2";"50 | 46";"";"10 | 10";"7.5 | 11.9";"8 | 15.2";"8.2";"4 | 5.4";"3 | 3.9";"2.7 | 2.7";"3.9 | 4";"6.6";""
"Venezuela";"VEN";"Copa Venezuela";"30-06-2026 21:00";"NS";"Aragua";"";"";"Yaracuyanos";"";"";"80 | 70";"31 | 58";"";"53 | 51";"1.4 | 1.7";"51 | 61";"13.3 | 6.9";"10";"30 | 30";"40";"30 | 50";"50 | 20";"20 | 30";"47 | 57";"80 | 70";"50 | 80";"70 | 50";"1x1 | 0x1";"22.2";"0.9 | 1.7";"0.7 | 1";"2.2";"54 | 52";"";"10 | 10";"12 | 11.7";"10.3 | 10.3";"9.5";"4 | 4.5";"5.3 | 5.2";"3.4 | 3.1";"3.8 | 3.1";"6.7";""
"Venezuela";"VEN";"Copa Venezuela";"30-06-2026 21:00";"NS";"Caracas";"";"";"Fundación Lara Deportiva";"";"";"52 | 70";"48 | 41";"";"45 | 58";"1.4 | 1.4";"43 | 65";"8.4 | 10.7";"";"";"";"30 | 40";"50 | 20";"20 | 40";"47 | 47";"80 | 60";"50 | 80";"70 | 60";"1x1 | 1x0";"25.8";"1.4 | 1.2";"1.5 | 1";"2.6";"44 | 56";"";"10 | 10";"13.5 | 12.8";"17.1 | 8.1";"9.7";"5.4 | 4";"4.8 | 5.2";"2.5 | 3.7";"2 | 3.8";"6";""
"Venezuela";"VEN";"Copa Venezuela";"30-06-2026 21:00";"NS";"Bolívar SC";"";"";"Monagas";"";"";"70 | 74";"37 | 54";"";"45 | 44";"1.3 | 1.5";"43 | 39";"6.8 | 7.4";"2";"0 | 50";"50";"30 | 40";"40 | 30";"30 | 30";"43 | 50";"70 | 70";"60 | 70";"70 | 60";"0x0 | 1x1";"20.6";"1.1 | 1.6";"1 | 0.9";"2.3";"50 | 48";"";"10 | 10";"7.5 | 11.9";"10.6 | 11.1";"6.8";"4.1 | 3.4";"2.8 | 3.2";"4.2 | 2.3";"3.1 | 2.6";"6.1";""
"Venezuela";"VEN";"Copa Venezuela";"30-06-2026 21:00";"NS";"Mineros de Guayana";"";"";"Dinamo Puerto La Cruz";"";"";"60 | 56";"24 | 31";"";"56 | 49";"0.6 | 1";"55 | 42";"15.3 | 9.8";"6";"17 | 67";"17";"0 | 20";"60 | 40";"40 | 40";"20 | 33";"60 | 60";"40 | 60";"100 | 80";"1x1 | 0x0";"17.8";"0.7 | 0.9";"1.3 | 1.4";"2.2";"53 | 47";"";"10 | 10";"10.7 | 8.8";"7.7 | 8.3";"6.7";"3.1 | 3";"3.4 | 3.9";"3 | 3.7";"3.2 | 3.6";"6.7";""
"Venezuela";"VEN";"Copa Venezuela";"30-06-2026 21:00";"NS";"Atlético El Vigía";"";"";"Atlético Barinas";"";"";"10 | 42";"24 | 71";"";"46 | 53";"0.4 | 1.6";"51 | 60";"11 | 5.5";"2";"50 | 50";"0";"10 | 50";"10 | 10";"80 | 40";"13 | 53";"20 | 60";"90 | 90";"90 | 50";"0x1 | 1x2";"21.2";"0.7 | 2.1";"2.7 | 1.8";"3.6";"45 | 55";"";"10 | 10";"7.7 | 11.6";"13.3 | 9.8";"9";"6.6 | 3.9";"3 | 4.4";"2.4 | 1.9";"2.8 | 2.8";"5";""
"Venezuela";"VEN";"Copa Venezuela";"30-06-2026 21:00";"NS";"Zamora Fútbol Club";"";"";"Real Frontera";"";"";"70 | 46";"51 | 31";"";"50 | 40";"1.3 | 0.7";"46 | 42";"8 | 8.8";"";"";"";"30 | 20";"40 | 10";"30 | 70";"43 | 23";"70 | 30";"60 | 90";"70 | 80";"1x1 | 2x0";"24";"1.5 | 0.9";"1 | 1.7";"2.6";"50 | 43";"";"10 | 10";"12 | 7.9";"12.5 | 15.5";"8.1";"3.7 | 4.8";"4.3 | 3.4";"3.6 | 3.7";"3 | 2.1";"6.2";""
"Venezuela";"VEN";"Copa Venezuela";"30-06-2026 21:00";"NS";"Trujillanos";"";"";"Deportivo Lara";"";"";"32 | 77";"20 | 54";"";"51 | 53";"0.2 | 2";"51 | 53";"14 | 5.6";"10";"30 | 60";"10";"0 | 60";"20 | 20";"80 | 20";"7 | 67";"20 | 80";"80 | 80";"100 | 40";"1x3 | 0x1";"17.4";"0.6 | 1.6";"2.1 | 0.8";"2.6";"51 | 51";"";"10 | 10";"8.4 | 8.9";"9 | 8.4";"7.6";"3.8 | 3.8";"3.6 | 3.9";"3.1 | 3";"3 | 2.5";"5.8";""
"Venezuela";"VEN";"Copa Venezuela";"30-06-2026 21:00";"NS";"Rayo Zuliano";"";"";"Ureña";"";"";"38 | 80";"20 | 44";"";"43 | 50";"0.6 | 2.1";"38 | 52";"14.7 | 9.2";"4";"25 | 50";"25";"10 | 60";"30 | 30";"60 | 10";"20 | 70";"40 | 90";"70 | 70";"90 | 40";"0x0 | 0x0";"22";"0.6 | 1.3";"1.9 | 0.7";"2.2";"45 | 49";"";"10 | 10";"10 | 11.9";"14.3 | 7.9";"7.9";"5.3 | 2.8";"2.9 | 4.8";"3.2 | 1.7";"2.8 | 3";"5.4";""
"Brazil";"BRA";"Carioca C";"30-06-2026 14:45";"POSTPONED";"Campos AA";"";"";"Uni Souza";"";"";"88 | 42";"44 | 34";"";"59 | 61";"2 | 0.8";"58 | 68";"9.2 | 12.5";"3";"0 | 33";"67";"50 | 20";"50 | 20";"0 | 60";"67 | 27";"100 | 40";"50 | 80";"50 | 80";"0x0 | 1x0";"20.8";"1.3 | 1";"0.5 | 1.8";"2.3";"52 | 53";"2 | 9";"10 | 10";"12 | 12.5";"8.4 | 8.6";"7.9";"2.8 | 4.2";"4.1 | 4.6";"2.4 | 2";"2.9 | 2.1";"4.7";"5.8"
"Chile";"CHI";"Chilean Cup";"30-06-2026 19:00";"NS";"Audax Italiano";"";"";"Palestino";"2.28";"2.81";"60 | 66";"41 | 54";"5";"46 | 48";"1.5 | 1.5";"49 | 50";"7.9 | 8.7";"10";"30 | 30";"40";"40 | 40";"30 | 30";"30 | 30";"50 | 50";"70 | 70";"70 | 70";"60 | 60";"2x1 | 1x2";"29.7";"1.2 | 1.6";"1.3 | 1.1";"2.6";"51 | 46";"";"10 | 10";"12 | 16.1";"15.6 | 15.7";"10.2";"4.6 | 5.9";"3.7 | 6.3";"2.5 | 2.7";"2.6 | 2.1";"4.9";"4.5"
"Chile";"CHI";"Chilean Cup";"30-06-2026 21:30";"NS";"Universidad Católica";"";"";"Everton";"1.50";"5.10";"80 | 56";"99 | 58";"1";"53 | 50";"2.7 | 1.5";"56 | 57";"4.4 | 6.7";"10";"40 | 30";"30";"90 | 40";"0 | 30";"10 | 30";"90 | 50";"90 | 70";"100 | 70";"10 | 60";"2x0 | 2x1";"27.8";"2.9 | 1.7";"0.7 | 1.4";"3.4";"58 | 44";"";"10 | 10";"15.1 | 13.4";"12.2 | 14.8";"9.2";"2.7 | 5";"5.3 | 5.3";"2.3 | 2.6";"2.9 | 3.6";"5.7";"4.5"
"Paraguay";"PAR";"Copa Paraguay";"30-06-2026 13:00";"NS";"General Caballero CG";"";"";"29 de Setiembre";"8.90";"1.24";"42 | 2";"17 | 24";"4";"";"0.5 | 0";"";"";"";"";"";"0 | 0";"50 | 0";"50 | 100";"17 | 0";"50 | 0";"50 | 100";"100 | 100";"1x1 | 3x1";"";"0.5 | 0.7";"1.8 | 4";"3.5";"";"";"6 | 3";"";"";"";"";"";"";"";"";"5.2"
"Paraguay";"PAR";"Copa Paraguay";"30-06-2026 15:30";"NS";"Olimpia Itá";"";"";"Sportivo Valois Rivarola";"1.25";"10.00";"25 | 2";"34 | 41";"3";"";"0.2 | 1.5";"";"";"";"";"";"0 | 50";"17 | 0";"83 | 50";"6 | 50";"17 | 50";"83 | 100";"100 | 50";"1x2 | 1x2";"";"1 | 1.2";"2.3 | 4.8";"4.6";"";"";"6 | 4";"";"";"";"";"";"2.5 | 1.5";"1 | 3";"4";"5.2"
"Paraguay";"PAR";"Copa Paraguay";"30-06-2026 18:00";"NS";"14 de Mayo F. Yegros";"";"";"Campo Florido";"";"";"";"";"";"";"";"";"";"";"";"";"";"";"";"";"";"";"";" | ";"";"";"";"";"";"";"";"";"";"";"";"";"";"";"";""
"Argentina";"ARG";"Primera C";"30-06-2026 15:00";"NS";"Central Ballester";"";"";"Atlas";"3.52";"2.17";"56 | 70";"27 | 31";"5";"43 | 53";"0.9 | 1.2";"44 | 56";"7 | 11.4";"10";"30 | 50";"20";"20 | 30";"30 | 30";"50 | 40";"30 | 40";"50 | 60";"70 | 70";"80 | 70";"0x0 | 1x0";"16.6";"0.8 | 0.9";"1.4 | 1";"2";"49 | 47";"22 | 23";"10 | 10";"5.6 | 10.3";"8.1 | 9.2";"6.6";"3.4 | 3.4";"2.1 | 4.3";"3.4 | 3.5";"2.2 | 3.7";"6.4";"6.4"
"Argentina";"ARG";"Primera C";"30-06-2026 15:00";"NS";"Claypole";"";"";"Cañuelas";"3.95";"1.89";"60 | 84";"27 | 44";"2";"54 | 53";"1.2 | 1.9";"60 | 54";"9.9 | 6.6";"10";"20 | 50";"30";"30 | 50";"30 | 40";"40 | 10";"40 | 63";"60 | 90";"70 | 60";"70 | 50";"0x0 | 0x0";"16.4";"0.8 | 1.3";"1.3 | 0.6";"2";"51 | 52";"20 | 6";"10 | 10";"8.4 | 8.6";"8.4 | 7.3";"7";"3.1 | 3.6";"3.1 | 4.1";"3 | 3.1";"3.7 | 3.2";"6.5";"6.4"
"Australia";"AUS";"New South Wales";"30-06-2026 07:00";"FT";"SD Raiders";"0";"1";"Sydney II";"2.42";"2.46";"66 | 60";"51 | 48";"5";"49 | 49";"1.8 | 1.8";"43 | 56";"7.3 | 8.7";"";"";"";"50 | 50";"30 | 30";"20 | 20";"60 | 60";"80 | 80";"70 | 70";"50 | 50";"2x1 | 0x0";"21.6";"1.5 | 1.4";"1.1 | 1.3";"2.7";"51 | 47";"10 | 6";"10 | 10";"10.9 | 12.1";"10.2 | 10";"9.4";"3.9 | 4.6";"5.7 | 4.7";"3 | 1.9";"2.7 | 1.4";"4.5";"3.7"
"Australia";"AUS";"Brisbane Reserves Premier League";"30-06-2026 06:30";"NS";"Newmarket U23";"";"";"North Lakes United U23";"";"";"46 | 32";"100 | 61";"";"";"2.4 | 1";"";"";"";"";"";"80 | 30";"0 | 10";"20 | 60";"80 | 33";"80 | 40";"100 | 90";"20 | 70";"4x1 | 0x3";"";"5.8 | 1.8";"1.7 | 2.1";"5.7";"";"4 | 8";"10 | 10";"";"";"";"";"";"";"";"";"0"
"Australia";"AUS";"Queensland Premier League";"30-06-2026 07:30";"INPLAY_2ND_HALF";"Logan Lightning";"4";"1";"Redlands United";"2.35";"2.30";"52 | 38";"41 | 75";"5";"55 | 50";"1.3 | 1.1";"61 | 56";"11.6 | 5.2";"5";"60 | 20";"20";"40 | 30";"10 | 20";"50 | 50";"43 | 37";"50 | 50";"90 | 80";"60 | 70";"1x3 | 4x2";"22.8";"1.2 | 2.2";"1.5 | 1.9";"3.4";"54 | 48";"9 | 8";"10 | 10";"13.9 | 11.5";"10.4 | 10";"11.7";"5.9 | 5.1";"6.4 | 6.1";"1.5 | 1.6";"0.5 | 1.8";"2.7";"4"
"Australia";"AUS";"New South Wales NPL Youth League";"30-06-2026 05:00";"DELAYED";"SD Raiders U20";"";"";"Sydney U20";"2.85";"2.18";"35 | 42";"65 | 85";"5";"52 | 50";"1.5 | 1.8";"50 | 60";"7.2 | 4";"";"";"";"40 | 50";"30 | 30";"30 | 20";"50 | 60";"70 | 80";"70 | 70";"60 | 50";"2x2 | 0x2";"22.8";"1.9 | 2.5";"2 | 1.8";"4.1";"51 | 49";"7 | 5";"10 | 10";"13.6 | 10.1";"11.5 | 10.4";"11.4";"6.1 | 4.4";"6 | 6.2";"0.9 | 0.9";"1.2 | 2.2";"2.6";"3"
"Australia";"AUS";"Victoria NPL 2 Youth";"30-06-2026 06:00";"AWAITING_UPDATES";"Bayside Argonauts U23";"";"";"Kingston City U23";"";"";"38 | 2";"65 | 65";"";"";"1.4 | 0.7";"";"";"";"";"";"40 | 20";"20 | 10";"40 | 70";"47 | 23";"60 | 30";"80 | 90";"60 | 80";"2x0 | 0x1";"";"1.9 | 1.9";"1.9 | 5";"5.4";"";"7 | 13";"10 | 10";"";"";"";"";"";"";"";"";"0"
"Australia";"AUS";"Victoria Dockerty Cup";"30-06-2026 06:30";"FT";"Brunswick Juventus";"0";"2";"Heidelberg United";"";"";"60 | 63";"27 | 61";"";"54 | 64";"1.4 | 1.6";"56 | 69";"10.1 | 8.4";"";"";"";"40 | 50";"20 | 10";"40 | 40";"47 | 53";"60 | 60";"80 | 90";"60 | 50";"1x0 | 1x0";"18.8";"0.8 | 1.8";"1.3 | 1.2";"2.6";"51 | 58";"";"10 | 10";"8.1 | 15.2";"7.3 | 7";"8.8";"3.3 | 3.8";"2.8 | 7.7";"2.4 | 1.1";"2.1 | 0.8";"3.2";""
"Australia";"AUS";"Queensland PL Youth";"30-06-2026 05:30";"FT";"Logan Lightning U23";"0";"0";"Redlands United U23";"";"";"52 | 4";"100 | 37";"";"56 | 48";"2.3 | 0.6";"69 | 52";"4.7 | 10.2";"2";"100 | 0";"0";"70 | 20";"20 | 0";"10 | 80";"77 | 20";"90 | 20";"80 | 100";"30 | 80";"0x0 | 2x0";"24.6";"3.1 | 1.1";"1.5 | 2.9";"4.3";"55 | 45";"5 | 10";"10 | 10";"14.6 | 11.2";"11.2 | 12.2";"11.9";"5.1 | 6.2";"7.4 | 5";"0.9 | 0.5";"0.4 | 0.9";"1.4";"2.4"
"Australia";"AUS";"Queensland PL Youth";"30-06-2026 06:30";"TBA";"Robina City U23";"";"";"Capalaba U23";"";"";"32 | 10";"100 | 48";"";"57 | 41";"2.1 | 0.6";"65 | 43";"3.7 | 5.5";"";"";"";"70 | 20";"0 | 0";"30 | 80";"70 | 20";"70 | 20";"100 | 100";"30 | 80";"4x2 | 2x0";"21.8";"3.7 | 1.4";"2.1 | 2.7";"4.9";"57 | 46";"3 | 11";"10 | 10";"13.6 | 7.7";"9 | 13.4";"11.6";"5.4 | 6.6";"8 | 3.2";"0.9 | 1.3";"1 | 1.4";"2.3";"2.4"
"Brazil";"BRA";"Serie C";"30-06-2026 19:30";"NS";"Caxias";"";"";"Anápolis";"1.66";"4.82";"80 | 66";"41 | 37";"1";"51 | 49";"1.7 | 1.2";"53 | 58";"10.4 | 12.6";"";"";"";"40 | 30";"50 | 30";"10 | 40";"57 | 40";"90 | 60";"50 | 70";"60 | 70";"1x1 | 1x0";"24.8";"1.2 | 1.1";"0.7 | 1.1";"2";"51 | 46";"10 | 20";"10 | 10";"12.5 | 13.9";"10.9 | 12.2";"9.2";"4 | 4.3";"5.3 | 4.7";"2.7 | 3";"3.5 | 3";"6.1";"5.5"
"Brazil";"BRA";"Serie C";"30-06-2026 20:30";"NS";"Botafogo PB";"";"";"Brusque";"1.96";"3.54";"46 | 70";"44 | 51";"1";"51 | 43";"0.9 | 1.8";"58 | 50";"11.1 | 7.9";"2";"0 | 100";"0";"20 | 50";"30 | 30";"50 | 20";"30 | 60";"50 | 80";"70 | 70";"80 | 50";"0x1 | 1x0";"27.8";"1.3 | 1.5";"1.7 | 1";"2.8";"51 | 45";"16 | 2";"10 | 10";"14.4 | 11.8";"13.1 | 16.3";"9.8";"5.3 | 4.9";"5 | 4.4";"2.5 | 2.6";"2.1 | 2.5";"4.8";"5.5"
"Brazil";"BRA";"Serie C";"30-06-2026 20:30";"NS";"Volta Redonda";"";"";"Amazonas";"1.92";"4.02";"60 | 52";"27 | 37";"1";"49 | 49";"1.2 | 1.2";"54 | 51";"14.8 | 7.4";"5";"20 | 60";"20";"30 | 30";"30 | 30";"40 | 40";"40 | 40";"60 | 60";"70 | 70";"70 | 70";"1x0 | 1x1";"21.5";"0.8 | 1.1";"1.3 | 1.5";"2.4";"50 | 50";"14 | 9";"10 | 10";"11.8 | 8.1";"12 | 11";"8.2";"4.8 | 4.4";"4.3 | 2.8";"2.5 | 3.5";"2.6 | 3.3";"5.9";"5.5"
"Brazil";"BRA";"Amazonense U20";"30-06-2026 16:00";"NS";"Desportivo Librade U20";"";"";"Clipper U20";"";"";"2 | 10";"27 | 31";"";"20 | 62";"0 | 0.3";"0 | 56";"";"";"";"";"0 | 10";"0 | 0";"100 | 90";"0 | 10";"0 | 10";"100 | 100";"100 | 90";"1x4 | 1x0";"";"0.8 | 0.9";"6.3 | 2.7";"5.4";"";"10 | 7";"10 | 10";"";"";"";"";"";"";"";"";"5.7"
"Brazil";"BRA";"Amazonense U20";"30-06-2026 16:00";"NS";"Inter Academy U20";"";"";"Sul América U20";"";"";"2 | 18";"20 | 44";"";"";"0 | 0.8";"";"";"";"";"";"0 | 20";"0 | 20";"100 | 60";"0 | 27";"0 | 40";"100 | 80";"100 | 80";"1x2 | 2x1";"";"0.6 | 1.3";"5 | 2.5";"4.7";"";"9 | 8";"10 | 10";"";"";"";"";"";"";"";"";"5.7"
"Brazil";"BRA";"Paraibano U20";"30-06-2026 19:30";"NS";"Treze U20";"";"";"Queimadense U20";"1.72";"3.70";"63 | 49";"75 | 85";"1";"79 | 41";"2 | 1.3";"81 | 45";"8.6 | 3.6";"6";"33 | 17";"50";"60 | 30";"20 | 40";"20 | 30";"67 | 43";"80 | 70";"80 | 60";"40 | 70";"2x1 | 2x1";"17.8";"2.2 | 2.5";"1.2 | 1.6";"3.8";"59 | 46";"1 | 2";"10 | 10";"19 | 9";"3.3 | 4.3";"8.5";"1.3 | 2.3";"9.7 | 3.7";"3.7 | 2.8";"2.3 | 3";"5.9";"6"
"Denmark";"DEN";"Future Cup";"30-06-2026 07:00";"CANCELLED";"Nordsjælland Res.";"";"";"Lyngby Res.";"";"";"60 | 42";"71 | 58";"";"59 | 47";"2 | 1.1";"58 | 36";"5.8 | 6";"8";"50 | 12";"38";"60 | 30";"20 | 20";"20 | 50";"67 | 37";"80 | 50";"80 | 80";"40 | 70";"1x3 | 3x1";"20";"2.1 | 1.7";"1.3 | 1.8";"3.4";"56 | 47";"";"10 | 10";"12.1 | 10.2";"9 | 8.6";"8.9";"3.3 | 4.2";"5.5 | 4.8";"0.7 | 1.6";"1.2 | 0.7";"2";"1.4"
"Estonia";"EST";"Esiliiga A";"30-06-2026 13:00";"NS";"Nõmme United II";"";"";"Flora II";"5.74";"1.35";"10 | 56";"58 | 100";"2";"44 | 51";"0.8 | 2.3";"56 | 61";"7.1 | 4.3";"";"";"";"20 | 70";"20 | 20";"60 | 10";"27 | 77";"40 | 90";"80 | 80";"80 | 30";"1x2 | 0x5";"27.7";"1.7 | 3.1";"2.7 | 1.4";"4.4";"48 | 52";"8 | 3";"10 | 10";"12 | 13.3";"17.1 | 13";"12.6";"7.5 | 5.5";"5.2 | 7";"1.9 | 1.4";"2.6 | 2.3";"4.1";"4.4"
"Estonia";"EST";"Estonian Cup";"30-06-2026 13:30";"NS";"Jarva-Jaani";"";"";"Elva";"";"";"2 | 38";"37 | 58";"";"";"0.7 | 1.3";"";"";"";"";"";"20 | 40";"10 | 10";"70 | 50";"23 | 43";"30 | 50";"90 | 90";"80 | 60";"0x0 | 1x0";"";"1.1 | 1.7";"4.3 | 1.9";"4.5";"";"";"10 | 10";"";"";"";"";"";"1 | 1.7";"0.5 | 2.2";"2.7";"4.5"
"Finland";"FIN";"Finland Cup";"30-06-2026 12:00";"NS";"VPS";"";"";"Inter Turku";"3.34";"2.05";"80 | 70";"78 | 65";"5";"52 | 55";"1.9 | 2.2";"53 | 52";"4.5 | 4.9";"10";"40 | 40";"20";"50 | 60";"40 | 40";"10 | 0";"63 | 73";"90 | 100";"60 | 60";"50 | 40";"1x1 | 1x2";"23.1";"2.3 | 1.9";"0.7 | 1";"3";"51 | 53";"";"10 | 10";"12.7 | 11.7";"11.9 | 9.9";"8.4";"2.7 | 3.5";"6.1 | 4.4";"1.7 | 1.8";"1.9 | 2.6";"4";"3.3"
"Finland";"FIN";"Kakkonen";"30-06-2026 12:30";"NS";"SJK Akatemia II";"";"";"Vaajakoski";"2.04";"2.60";"21 | 21";"51 | 61";"5";"49 | 50";"1 | 1";"56 | 55";"7.1 | 6.8";"";"";"";"30 | 30";"10 | 10";"60 | 60";"33 | 33";"40 | 40";"90 | 90";"70 | 70";"0x4 | 2x3";"25.4";"1.5 | 1.8";"2.4 | 2.4";"4";"55 | 49";"9 | 8";"10 | 10";"10.6 | 12.3";"16.1 | 11.8";"10.8";"6.6 | 4.6";"4.4 | 5.9";"1.9 | 2.3";"2.1 | 1.9";"4.1";"4.3"
"Finland";"FIN";"Kolmonen - Southern Group";"30-06-2026 14:00";"NS";"PPJ / Lauttasaari";"";"";"Atlantis / PM";"1.34";"5.89";"56 | 2";"100 | 75";"1";"61 | 53";"2.1 | 1.1";"70 | 56";"4.6 | 5.9";"";"";"";"60 | 30";"30 | 20";"10 | 50";"70 | 37";"90 | 50";"70 | 80";"40 | 70";"2x2 | 2x2";"24.5";"3.7 | 2.2";"1.4 | 3.2";"5.2";"56 | 49";"3 | 10";"10 | 10";"16.9 | 13";"8.1 | 11";"13.6";"4.1 | 6.6";"9.1 | 7.3";"1.2 | 1.7";"2 | 1.7";"3.3";"3.6"
"Germany";"GER";"Reg. Cup Bayern";"30-06-2026 14:00";"NS";"Dingolfing";"";"";"Sportfreunde Schwaig";"";"";"74 | 70";"100 | 58";"";"";"2.6 | 1.5";"";"";"";"";"";"80 | 40";"20 | 30";"0 | 30";"87 | 50";"100 | 70";"80 | 70";"20 | 60";"3x1 | 0x4";"";"3.5 | 1.7";"0.9 | 1";"3.6";"";"";"10 | 10";"";"";"";"";"";"";"";"";""
"Republic of Ireland";"IRL";"Leinster Senior Cup";"30-06-2026 15:45";"NS";"Bray Wanderers";"";"";"St Patrick's";"4.72";"1.52";"46 | 77";"92 | 41";"2";"56 | 61";"1.8 | 1.5";"56 | 61";"4.5 | 10.2";"10";"10 | 90";"0";"50 | 40";"30 | 30";"20 | 30";"60 | 50";"80 | 70";"70 | 70";"50 | 60";"2x2 | 0x2";"23.2";"2.7 | 1.2";"1.7 | 0.8";"3.2";"55 | 55";"";"10 | 10";"12.1 | 17.4";"6.9 | 10.1";"8.7";"3.5 | 3.1";"6 | 4.8";"3 | 1.7";"4.3 | 2.8";"5.9";"2.8"
"Iceland";"ISL";"U19 League";"30-06-2026 17:00";"NS";"Fylkir / Ellidi U19";"";"";"HK / Ýmir U19";"6.47";"1.28";"4 | 46";"82 | 88";"4";"46 | 51";"1.1 | 1.5";"58 | 49";"6.2 | 5.3";"9";"22 | 33";"44";"30 | 50";"20 | 0";"50 | 50";"37 | 50";"50 | 50";"80 | 100";"70 | 50";"2x2 | 2x1";"28.9";"2.4 | 2.6";"2.9 | 1.7";"4.8";"44 | 51";"1 | 2";"10 | 10";"15 | 13.7";"18.8 | 10.3";"17.2";"9.5 | 7";"9 | 9";"2 | 1.7";"3.2 | 3";"5";"4.3"
"Iceland";"ISL";"U19 League B";"30-06-2026 15:00";"NS";"Víkingur / BF108 U19";"";"";"Njar. / Grin. / Víð. U19";"";"";"60 | 7";"100 | 78";"";"";"2.4 | 1.4";"";"";"";"";"";"70 | 40";"30 | 20";"0 | 40";"80 | 47";"100 | 60";"70 | 80";"30 | 60";"1x1 | 1x2";"";"4.5 | 2.3";"1.3 | 2.8";"5.4";"";"1 | 2";"10 | 10";"";"";"";"";"";"";"";"";"6"
"Iceland";"ISL";"U19 League B";"30-06-2026 17:00";"NS";"Stjarnan / KFG U19";"";"";"Leiknir/Árb/KB";"";"";"14 | 46";"85 | 92";"";"";"1.4 | 1.9";"";"";"";"";"";"40 | 60";"20 | 10";"40 | 30";"47 | 63";"60 | 70";"80 | 90";"60 | 40";"0x0 | 0x3";"";"2.5 | 2.7";"2.6 | 1.7";"4.8";"";"1 | 2";"10 | 10";"";"";"";"";"";"";"";"";"6"
"Iceland";"ISL";"U19 League C";"30-06-2026 15:00";"NS";"Grotta / Kria U19";"";"";"Breidablik II U19";"";"";"0 | 2";"100 | 82";"";"";"1.6 | 0.9";"";"";"2";"0 | 50";"50";"50 | 22";"10 | 22";"40 | 56";"53 | 30";"60 | 44";"90 | 78";"50 | 78";"0x1 | 1x3";"";"4.5 | 2.4";"3 | 3.2";"6.6";"";"2 | 6";"10 | 9";"";"";"";"";"";"";"";"";"0"
"Iceland";"ISL";"U19 League C";"30-06-2026 15:00";"NS";"Selfoss Árb. Æ Stok U19";"";"";"ÍA / Ka / Sk / VÓ II U19";"";"";"";"";"";"";"";"";"";"";"";"";"";"";"";"";"";"";"";" | ";"";"";"";"";"";"";"";"";"";"";"";"";"";"";"";""
"Latvia";"LVA";"Virsliga";"30-06-2026 12:00";"NS";"Rīgas FS";"";"";"FC Daugavpils";"1.14";"13.42";"88 | 70";"100 | 27";"3";"65 | 46";"2.7 | 1";"72 | 50";"4.3 | 11.5";"10";"100 | 0";"0";"90 | 20";"0 | 40";"10 | 40";"90 | 33";"90 | 60";"100 | 60";"10 | 80";"3x1 | 1x0";"26.2";"3 | 0.8";"0.5 | 1";"2.6";"64 | 47";"2 | 6";"10 | 10";"17.3 | 13.4";"7.6 | 14.1";"9.6";"2.9 | 4.9";"6.9 | 4.4";"1.5 | 1";"2.2 | 1.1";"2.9";"4.4"
"Latvia";"LVA";"Virsliga";"30-06-2026 13:00";"NS";"Liepāja";"";"";"Ogre United";"1.32";"7.23";"38 | 2";"44 | 37";"1";"51 | 38";"1.3 | 0.7";"51 | 38";"6.9 | 6.4";"2";"100 | 0";"0";"40 | 20";"10 | 10";"50 | 70";"43 | 23";"50 | 30";"90 | 90";"60 | 80";"2x1 | 3x1";"27.9";"1.3 | 1.1";"1.9 | 3.1";"3.7";"50 | 40";"4 | 10";"10 | 10";"13.6 | 9.6";"13.5 | 19.1";"10.1";"5.2 | 7.6";"4.3 | 3.1";"2.3 | 2.1";"1.9 | 2.2";"4.2";"4.4"
"Mongolia";"MNG";"Premier League";"30-06-2026 05:00";"FT";"Ulaanbaatar";"2";"3";"Central Stallions";"1.40";"5.65";"66 | 60";"95 | 92";"1";"54 | 52";"2.4 | 1.5";"61 | 58";"4.8 | 4.9";"8";"50 | 38";"12";"80 | 40";"0 | 30";"20 | 30";"80 | 50";"80 | 70";"100 | 70";"20 | 60";"2x0 | 1x1";"23.4";"2.8 | 2.7";"1.1 | 1.3";"4";"55 | 51";"1 | 2";"10 | 10";"13.5 | 13.1";"9.8 | 10.4";"10.6";"4.1 | 4.4";"6.1 | 6.5";"2 | 1.9";"1.6 | 1.1";"3.3";"3.5"
"Mongolia";"MNG";"Premier League";"30-06-2026 08:00";"INPLAY_2ND_HALF";"Deren";"1";"1";"Khangarid";"2.25";"2.45";"63 | 49";"100 | 85";"5";"58 | 54";"1.6 | 1.7";"62 | 59";"3.9 | 5";"10";"20 | 40";"40";"50 | 50";"10 | 20";"40 | 30";"53 | 57";"60 | 70";"90 | 80";"50 | 50";"1x2 | 1x2";"20.8";"3.3 | 2.5";"1.2 | 1.6";"4.3";"57 | 51";"3 | 4";"10 | 10";"12.8 | 12.4";"7.5 | 9";"9.6";"3.6 | 4.7";"5.8 | 5.2";"1 | 2";"1.4 | 2.9";"3.6";"3.5"
"Paraguay";"PAR";"Division Intermedia";"30-06-2026 15:30";"NS";"Resistencia";"";"";"Encarnación";"2.11";"3.08";"66 | 42";"37 | 34";"5";"47 | 51";"1.4 | 0.5";"49 | 63";"6.5 | 10.6";"4";"50 | 0";"50";"30 | 10";"50 | 20";"20 | 70";"47 | 17";"80 | 30";"50 | 80";"70 | 90";"1x1 | 1x0";"18.8";"1.1 | 1";"1.1 | 1.8";"2.5";"47 | 51";"10 | 15";"10 | 10";"7.2 | 10.6";"9.6 | 10.1";"8.4";"3.1 | 5.2";"3.3 | 5.2";"3 | 3.5";"3.5 | 3.4";"6.7";"5.7"
"Paraguay";"PAR";"Division Intermedia";"30-06-2026 18:00";"NS";"Independiente FBC";"";"";"Benjamin Aceval";"2.57";"2.48";"66 | 70";"48 | 54";"5";"46 | 48";"1.7 | 2";"50 | 54";"7.6 | 6.6";"2";"50 | 50";"0";"50 | 60";"20 | 20";"30 | 20";"57 | 67";"70 | 80";"80 | 80";"50 | 40";"2x0 | 0x2";"21.8";"1.4 | 1.6";"1.1 | 1";"2.6";"46 | 50";"6 | 3";"10 | 10";"10.7 | 10.6";"11.5 | 10.8";"9.1";"5 | 4.3";"4.6 | 4.4";"3 | 3.3";"1.5 | 2.7";"5.2";"5.7"
"Syria";"SYR";"Premier League";"30-06-2026 21:00";"NS";"Khan Sheikhoun";"";"";"Homs Al Fidaa";"";"";"56 | 100";"24 | 71";"";"";"0.8 | 2.8";"";"";"";"";"";"20 | 90";"20 | 10";"60 | 0";"27 | 93";"40 | 100";"80 | 90";"80 | 10";"0x2 | 0x1";"";"0.7 | 2.1";"1.4 | 0.3";"2.2";"";"14 | 2";"10 | 10";"";"";"";"";"";"";"";"";"3"
"Syria";"SYR";"Premier League";"30-06-2026 21:00";"NS";"Damascus Al Ahli";"";"";"Al Futuwa";"";"";"60 | 38";"54 | 37";"";"";"1.9 | 1.1";"";"";"";"";"";"60 | 30";"10 | 20";"30 | 50";"63 | 37";"70 | 50";"90 | 80";"40 | 70";"3x2 | 2x0";"";"1.6 | 1.1";"1.3 | 1.9";"3";"";"9 | 11";"10 | 10";"";"";"";"";"";"";"";"";"3"
"Syria";"SYR";"Premier League";"30-06-2026 21:00";"NS";"Al-Ittihad Aleppo";"";"";"Al Jaish";"";"";"80 | 77";"92 | 31";"";"61 | 38";"2.5 | 1.6";"58 | 32";"5.4 | 5.6";"10";"40 | 30";"30";"80 | 50";"10 | 10";"10 | 40";"83 | 53";"90 | 60";"90 | 90";"20 | 50";"4x0 | 0x1";"18.4";"2.7 | 0.9";"0.7 | 0.8";"2.6";"60 | 52";"1 | 8";"10 | 10";"14.5 | 5";"8.2 | 9";"2.1";"0.3 | 0";"2.8 | 1";"1.2 | 2";"2.8 | 1";"3.5";"3"
"Syria";"SYR";"Premier League";"30-06-2026 21:00";"NS";"Taliya";"";"";"Hottin";"";"";"66 | 38";"34 | 44";"";"";"1.5 | 1.2";"";"";"10";"30 | 20";"50";"40 | 40";"30 | 0";"30 | 60";"50 | 40";"70 | 40";"70 | 100";"60 | 60";"1x0 | 1x2";"";"1 | 1.3";"1.1 | 1.9";"2.7";"";"6 | 5";"10 | 10";"";"";"";"";"";"";"";"";"3"
"Syria";"SYR";"Premier League";"30-06-2026 21:00";"NS";"Tishreen";"";"";"Jabala";"";"";"63 | 21";"41 | 17";"";"";"1.1 | 0.3";"";"";"10";"60 | 20";"20";"30 | 10";"20 | 0";"50 | 90";"37 | 10";"50 | 10";"80 | 100";"70 | 90";"1x2 | 1x0";"";"1.2 | 0.5";"1.2 | 2.4";"2.6";"";"7 | 15";"10 | 10";"";"";"";"";"";"";"";"";"3"
"Syria";"SYR";"Premier League";"30-06-2026 21:00";"NS";"Al Shorta";"";"";"Horriya";"";"";"35 | 70";"37 | 44";"";"";"1.1 | 1";"";"";"10";"60 | 0";"40";"30 | 30";"20 | 10";"50 | 60";"37 | 33";"50 | 40";"80 | 90";"70 | 70";"1x1 | 1x0";"";"1.1 | 1.3";"2 | 1";"2.7";"";"12 | 10";"10 | 10";"";"";"";"";"";"";"";"";"3"
"Syria";"SYR";"Premier League";"30-06-2026 21:00";"NS";"Al Karama";"";"";"Umayya";"";"";"60 | 56";"82 | 37";"";"";"2 | 1.3";"";"";"9";"44 | 33";"22";"60 | 40";"20 | 10";"20 | 50";"67 | 43";"80 | 50";"80 | 90";"40 | 60";"0x1 | 0x1";"";"2.4 | 1.1";"1.3 | 1.4";"3.1";"";"4 | 13";"10 | 10";"";"";"";"";"";"";"";"";"3"
"Syria";"SYR";"Premier League";"30-06-2026 21:00";"NS";"Al Shouleh";"";"";"Wahda";"";"";"52 | 88";"14 | 48";"";"";"0.5 | 2.3";"";"";"2";"0 | 100";"0";"10 | 70";"20 | 20";"70 | 10";"17 | 77";"30 | 90";"80 | 80";"90 | 30";"1x2 | 0x1";"";"0.4 | 1.4";"1.5 | 0.5";"1.9";"";"16 | 3";"10 | 10";"";"";"";"";"";"";"";"";"3"
"Tanzania";"TAN";"Ligi kuu Bara";"30-06-2026 10:00";"NS";"Namungo";"";"";"Mtibwa Sugar";"1.61";"5.08";"74 | 18";"20 | 27";"1";"48 | 46";"0.9 | 0.4";"64 | 58";"16.8 | 9.8";"10";"40 | 10";"50";"10 | 10";"60 | 10";"30 | 80";"30 | 13";"70 | 20";"40 | 90";"90 | 90";"0x0 | 1x0";"18.9";"0.6 | 0.8";"0.9 | 2.5";"2.4";"50 | 45";"11 | 15";"10 | 10";"10.1 | 7.8";"10.2 | 9.7";"7.7";"3.9 | 4.8";"4.3 | 2.3";"1.9 | 1.8";"1.2 | 0.8";"2.9";"3"
"Tanzania";"TAN";"Ligi kuu Bara";"30-06-2026 10:00";"NS";"Mashujaa";"";"";"Tanzania Prisons";"";"";"74 | 42";"17 | 41";"";"43 | 41";"1.2 | 1.5";"60 | 47";"15.6 | 3.3";"5";"20 | 40";"40";"30 | 50";"30 | 0";"40 | 50";"40 | 50";"60 | 50";"70 | 100";"70 | 50";"0x0 | 0x1";"16";"0.5 | 1.2";"0.9 | 1.8";"2.2";"48 | 43";"10 | 14";"10 | 10";"7.8 | 4";"10.4 | 9.9";"6.2";"4.4 | 3.6";"3 | 1.6";"1.5 | 1.8";"1.1 | 1.1";"2.8";"3"
"Tanzania";"TAN";"Ligi kuu Bara";"30-06-2026 10:00";"NS";"JKT Tanzania";"";"";"Young Africans";"9.95";"1.24";"70 | 84";"34 | 82";"4";"48 | 64";"1.3 | 2.5";"51 | 78";"5.3 | 5.7";"10";"0 | 70";"30";"30 | 80";"40 | 10";"30 | 10";"43 | 83";"70 | 90";"60 | 90";"70 | 20";"0x1 | 0x3";"16.2";"1 | 2.4";"1 | 0.6";"2.5";"50 | 56";"6 | 1";"10 | 10";"5.3 | 13.8";"6.2 | 7";"7.8";"2.8 | 2.9";"2.7 | 7.3";"3.2 | 0.9";"1.3 | 1.8";"3.6";"3"
"Tanzania";"TAN";"Ligi kuu Bara";"30-06-2026 10:00";"NS";"Simba";"";"";"KMC";"1.02";"35.33";"100 | 28";"71 | 27";"3";"66 | 45";"2.8 | 0";"71 | 54";"5.4 | 8.9";"10";"80 | 0";"20";"90 | 0";"10 | 0";"0 | 100";"93 | 0";"100 | 0";"90 | 100";"10 | 100";"1x0 | 1x0";"17";"2.1 | 0.8";"0.4 | 2.2";"2.8";"60 | 48";"2 | 16";"10 | 10";"11.4 | 7.1";"5.6 | 9.8";"7.4";"1.7 | 5.2";"4.6 | 3.3";"1 | 1";"2.9 | 1.3";"3.1";"3"
"Tanzania";"TAN";"Ligi kuu Bara";"30-06-2026 10:00";"NS";"Coastal Union";"";"";"Pamba Jiji";"";"";"56 | 52";"44 | 41";"";"44 | 48";"1.4 | 1";"57 | 61";"6.5 | 5.7";"3";"33 | 67";"0";"40 | 30";"20 | 10";"40 | 60";"47 | 33";"60 | 40";"80 | 90";"60 | 70";"1x1 | 2x0";"16.8";"1.3 | 1.2";"1.4 | 1.5";"2.7";"49 | 46";"9 | 7";"10 | 10";"8.5 | 6.8";"11.1 | 7.1";"7.5";"4.8 | 3.4";"3.7 | 3.1";"1 | 2";"1.4 | 1";"2.7";"3"
"Tanzania";"TAN";"Ligi kuu Bara";"30-06-2026 10:00";"NS";"Azam";"";"";"Dodoma Jiji";"1.15";"14.13";"80 | 60";"61 | 24";"3";"55 | 47";"2.4 | 1.1";"77 | 52";"6.2 | 10";"10";"70 | 10";"20";"80 | 20";"0 | 50";"20 | 30";"80 | 37";"80 | 70";"100 | 50";"20 | 80";"2x0 | 0x0";"18";"1.8 | 0.7";"0.7 | 1.3";"2.2";"55 | 51";"3 | 8";"10 | 10";"11.2 | 7";"7.2 | 10.6";"8.2";"3.1 | 5.1";"5.4 | 2.8";"1.2 | 1.8";"1.6 | 1.4";"3";"3"
"Tanzania";"TAN";"Ligi kuu Bara";"30-06-2026 10:00";"NS";"Mbeya City";"";"";"TRA United SC";"";"";"66 | 70";"27 | 44";"";"50 | 52";"1.2 | 1.5";"56 | 64";"7.1 | 7.2";"";"";"";"30 | 40";"30 | 30";"40 | 30";"40 | 50";"60 | 70";"70 | 70";"70 | 60";"1x1 | 1x1";"15.2";"0.8 | 1.3";"1.1 | 1";"2.1";"48 | 51";"13 | 5";"10 | 10";"5.7 | 9.3";"6.8 | 8.8";"5.8";"2.2 | 3.4";"1.3 | 4.7";"0.8 | 0.9";"1 | 1.4";"2";"3"
"Tanzania";"TAN";"Ligi kuu Bara";"30-06-2026 10:00";"NS";"Fountain Gate";"";"";"Singida Black Stars";"";"";"52 | 66";"37 | 78";"";"46 | 52";"1.1 | 2.1";"64 | 65";"7.9 | 4.2";"3";"0 | 100";"0";"30 | 70";"20 | 0";"50 | 30";"37 | 70";"50 | 70";"80 | 100";"70 | 30";"0x1 | 1x3";"17.4";"1.1 | 2.3";"1.5 | 1.1";"3";"44 | 51";"12 | 4";"10 | 10";"8.7 | 9.7";"10 | 6.4";"7.6";"5 | 2.9";"3.2 | 4.2";"1 | 0.8";"1.4 | 1.3";"2.2";"3"
"United States";"USA";"USL League Two";"30-06-2026 19:00";"NS";"Inter Gainesville";"";"";"Brooke House";"";"";"28 | 32";"31 | 51";"";"49 | 58";"0.8 | 1.2";"42 | 52";"16.1 | 7.5";"5";"20 | 80";"0";"20 | 30";"20 | 30";"60 | 40";"27 | 40";"40 | 60";"80 | 70";"80 | 70";"0x0 | 2x2";"24.5";"0.9 | 1.5";"2.2 | 2.1";"3.4";"44 | 56";"6 | 3";"10 | 10";"14.5 | 11.3";"13.5 | 9.7";"10.2";"7.5 | 4.3";"5.5 | 3";"1 | 3";"2.5 | 2.3";"4.4";"4"
"United States";"USA";"USL League Two";"30-06-2026 20:00";"NS";"Midwest United";"";"";"Michigan Bucks";"";"";"63 | 74";"68 | 68";"";"60 | 57";"1.4 | 2";"47 | 51";"8.8 | 6.6";"10";"20 | 80";"0";"40 | 60";"20 | 20";"40 | 20";"47 | 67";"60 | 80";"80 | 80";"60 | 40";"0x1 | 1x2";"24.8";"2 | 2";"1.2 | 0.9";"3";"43 | 51";"3 | 2";"10 | 10";"17.7 | 14.8";"6.7 | 10.4";"11.2";"2.3 | 4";"9 | 7.2";"2.3 | 1.6";"2 | 2.4";"4.2";"4"
"United States";"USA";"USL League Two";"30-06-2026 20:00";"NS";"Kalamazoo FC";"";"";"Oakland County";"3.63";"1.70";"38 | 77";"82 | 82";"2";"";"1.4 | 2.1";"";"";"10";"50 | 30";"20";"40 | 60";"20 | 30";"40 | 10";"47 | 70";"60 | 90";"80 | 70";"60 | 40";"1x2 | 0x0";"";"2.4 | 2.4";"1.9 | 0.8";"3.8";"";"4 | 1";"10 | 10";"";"";"";"";"";"";"";"";"4"
"United States";"USA";"USL League Two";"30-06-2026 20:00";"NS";"Erie Sports Center";"";"";"Akron City";"";"";"2 | 56";"24 | 54";"";"40 | 50";"0 | 1.3";"40 | 48";"16.4 | 8";"2";"50 | 50";"0";"0 | 40";"0 | 10";"100 | 50";"0 | 43";"0 | 50";"100 | 90";"100 | 60";"0x4 | 1x0";"29";"0.7 | 1.6";"3.7 | 1.4";"3.7";"49 | 48";"7 | 6";"10 | 10";"11.5 | 12.8";"19.5 | 14.2";"14.7";"10.5 | 6.2";"6.5 | 6.2";"2 | 3";"1 | 2.6";"4.3";"4"
"United States";"USA";"USL League Two";"30-06-2026 20:00";"NS";"Charlotte Eagles";"";"";"Hickory";"2.70";"2.11";"60 | 66";"37 | 78";"5";"";"1.2 | 2.1";"";"";"";"";"";"30 | 70";"30 | 0";"40 | 30";"40 | 70";"60 | 70";"70 | 100";"70 | 30";"0x1 | 1x2";"";"1.1 | 2.3";"1.3 | 1.1";"2.9";"";"7 | 2";"10 | 10";"";"";"";"";"";"";"";"";"4"
"United States";"USA";"USL League Two";"30-06-2026 20:00";"NS";"Boston";"";"";"Western Mass Pioneers";"4.66";"1.51";"35 | 70";"51 | 58";"2";"54 | 54";"1.1 | 2.1";"53 | 48";"8.8 | 8.1";"10";"10 | 70";"20";"30 | 60";"20 | 30";"50 | 10";"37 | 70";"50 | 90";"80 | 70";"70 | 40";"0x1 | 0x1";"24.8";"1.5 | 1.7";"2 | 1";"3.1";"57 | 50";"7 | 3";"10 | 10";"13.2 | 13.7";"14.5 | 8.1";"12.2";"7.5 | 2.9";"7.2 | 6.9";"1.2 | 1.4";"2.7 | 1.4";"3.4";"4"
"United States";"USA";"USL League Two";"30-06-2026 20:00";"NS";"Patuxent";"";"";"Hill City";"";"";"2 | 35";"10 | 85";"";"30 | 42";"0 | 1.4";"40 | 38";"13.3 | 4.1";"";"";"";"0 | 40";"0 | 20";"100 | 40";"0 | 47";"0 | 60";"100 | 80";"100 | 60";"0x1 | 0x0";"23.8";"0.3 | 2.5";"4.2 | 2";"4.5";"36 | 48";"11 | 8";"10 | 10";"4 | 10.2";"18.8 | 14.5";"11.2";"9.8 | 7.2";"0.8 | 4.8";"3.2 | 2.2";"0.5 | 1.2";"3.6";"4"
"United States";"USA";"USL League Two";"30-06-2026 20:30";"NS";"Virginia Marauders";"";"";"Annapolis Blues";"10.65";"1.16";"2 | 42";"10 | 78";"4";"32 | 64";"0.3 | 1.3";"34 | 71";"22.7 | 6.3";"2";"0 | 100";"0";"10 | 40";"0 | 10";"90 | 50";"10 | 43";"10 | 50";"100 | 90";"90 | 60";"0x3 | 2x0";"21.9";"0.3 | 2.3";"3.1 | 1.8";"3.8";"43 | 60";"10 | 5";"10 | 10";"6.8 | 14.6";"15.8 | 6.7";"10.2";"9.2 | 3.4";"2.2 | 5.5";"2.8 | 2.3";"1.2 | 1.9";"4.1";"4"
"United States";"USA";"USL League Two";"30-06-2026 21:00";"NS";"Sunflower State";"";"";"Des Moines Menace";"";"";"14 | 35";"41 | 48";"";"";"0.9 | 1";"";"";"5";"40 | 60";"0";"30 | 30";"0 | 10";"70 | 60";"30 | 33";"30 | 40";"100 | 90";"70 | 70";"1x3 | 1x3";"";"1.2 | 1.4";"2.6 | 2";"3.6";"";"5 | 4";"10 | 10";"";"";"";"";"";"";"";"";"4"
"United States";"USA";"USL League Two";"30-06-2026 21:00";"NS";"Memphis";"";"";"Mississippi Brilla";"";"";"35 | 49";"44 | 54";"";"";"0.9 | 1.2";"";"";"5";"0 | 60";"40";"20 | 30";"30 | 30";"50 | 40";"30 | 40";"50 | 60";"70 | 70";"80 | 70";"0x1 | 1x0";"";"1.3 | 1.6";"2 | 1.6";"3.2";"";"6 | 4";"10 | 10";"";"";"";"";"";"";"";"";"4"
"United States";"USA";"USL League Two";"30-06-2026 22:00";"NS";"Colorado Storm";"";"";"Colorado ISA";"";"";"77 | 2";"92 | 44";"";"";"2.5 | 0.4";"";"";"4";"100 | 0";"0";"80 | 0";"10 | 40";"10 | 60";"83 | 13";"90 | 40";"90 | 60";"20 | 100";"4x0 | 0x0";"";"2.7 | 1.3";"0.8 | 3.5";"4.2";"";"2 | 6";"10 | 10";"";"";"";"";"";"";"";"";"4"
"United States";"USA";"USL League Two";"30-06-2026 22:00";"NS";"Snohomish United";"";"";"Tacoma Stars";"1.27";"6.78";"100 | 28";"100 | 68";"3";"55 | 48";"3 | 1.1";"66 | 53";"5.1 | 2";"2";"100 | 0";"0";"100 | 30";"0 | 20";"0 | 50";"100 | 37";"100 | 50";"100 | 80";"0 | 70";"3x0 | 2x1";"18.6";"3.4 | 2";"0.3 | 2.2";"4";"51 | 45";"2 | 4";"10 | 10";"17.2 | 3.9";"11.8 | 4.4";"8.2";"4.2 | 2.1";"7.7 | 2.4";"1.8 | 2.4";"3 | 1.9";"4.5";"4"
"United States";"USA";"USL League Two";"30-06-2026 23:00";"NS";"Ventura County Fusion";"";"";"Tucson";"";"";"80 | 74";"82 | 37";"";"53 | 57";"2.1 | 1.4";"43 | 46";"3.8 | 10.4";"8";"25 | 38";"38";"60 | 30";"30 | 50";"10 | 20";"70 | 47";"90 | 80";"70 | 50";"40 | 70";"2x0 | 1x1";"19.5";"2.4 | 1.1";"0.7 | 0.9";"2.6";"51 | 52";"1 | 4";"10 | 10";"9 | 11.4";"11 | 7.6";"9";"4 | 3.4";"4 | 6.6";"2.3 | 1.8";"1.3 | 1.8";"3.6";"4"
"United States";"USA";"USL League Two";"30-06-2026 23:00";"NS";"Bangers";"";"";"Oly Town";"";"";"52 | 28";"54 | 51";"";"55 | 45";"2.1 | 1.1";"58 | 48";"4.8 | 2.8";"2";"0 | 50";"50";"70 | 30";"0 | 20";"30 | 50";"70 | 37";"70 | 50";"100 | 80";"30 | 70";"1x0 | 0x0";"12.6";"1.6 | 1.5";"1.5 | 2.2";"3.4";"55 | 47";"3 | 6";"10 | 10";"7.7 | 4.2";"6 | 7.2";"6.4";"2.7 | 4.4";"4 | 1.8";"1.2 | 2";"1.8 | 1.6";"3.3";"4"
"United States";"USA";"NPSL";"30-06-2026 19:00";"NS";"Gio's Lions";"";"";"Michigan Rangers";"4.99";"1.46";"42 | 42";"82 | 100";"2";"43 | 41";"1.7 | 1.9";"46 | 38";"5.1 | 2.1";"4";"0 | 100";"0";"50 | 60";"20 | 10";"30 | 30";"57 | 63";"70 | 70";"80 | 90";"50 | 40";"1x1 | 1x2";"25";"2.4 | 3.6";"1.8 | 1.8";"4.8";"48 | 50";"2 | 3";"10 | 10";"12.3 | 8.3";"13 | 16.3";"11.6";"6.3 | 6.3";"5.7 | 5";"3.2 | 3";"1.5 | 2.3";"5";"4.2"
"United States";"USA";"NPSL";"30-06-2026 20:00";"NS";"WC Predators";"";"";"Hershey";"";"";"18 | 2";"92 | 10";"";"";"1.2 | 0";"";"";"";"";"";"30 | 0";"30 | 0";"40 | 100";"40 | 0";"60 | 0";"70 | 100";"70 | 100";"2x3 | 5x0";"";"2.7 | 0.3";"2.5 | 8";"6.8";"";"6 | 8";"10 | 10";"";"";"";"";"";"";"";"";"4.2"
"United States";"USA";"NPSL";"30-06-2026 20:00";"TBA";"Ambassadors Ohio";"";"";"Buffalo Stallions";"1.10";"12.93";"66 | 0";"92 | 37";"3";"";"2.1 | 0.6";"";"";"3";"100 | 0";"0";"70 | 20";"0 | 0";"30 | 80";"70 | 20";"70 | 20";"100 | 100";"30 | 80";"2x1 | 2x1";"";"2.7 | 1.1";"1.1 | 3";"4";"";"3 | 6";"10 | 10";"";"";"";"";"";"";"";"";"4.2"
"United States";"USA";"WPSL";"30-06-2026 19:00";"NS";"865 Alliance W";"";"";"Decatur W";"";"";"77 | 77";"99 | 99";"";"";"1.9 | 2.1";"";"";"";"";"";"60 | 60";"10 | 30";"30 | 10";"63 | 70";"70 | 90";"90 | 70";"40 | 40";"0x1 | 1x1";"";"2.9 | 2.9";"0.8 | 0.8";"3.7";"";"4 | 3";"10 | 10";"";"";"";"";"";"";"";"";"0.9"
"United States";"USA";"WPSL";"30-06-2026 21:00";"NS";"Nashville Rhythm W";"";"";"TN Tempo W";"1.04";"23.00";"77 | 2";"85 | 48";"3";"60 | 35";"1.6 | 1";"64 | 31";"8.2 | 6.9";"3";"67 | 0";"33";"50 | 30";"10 | 10";"40 | 60";"53 | 33";"60 | 40";"90 | 90";"50 | 70";"6x0 | 3x0";"31.2";"2.5 | 1.4";"0.8 | 3.2";"4";"57 | 43";"2 | 7";"10 | 10";"20.6 | 9.6";"13.2 | 19";"14.8";"5.2 | 9.4";"10.6 | 4.4";"0.8 | 0.2";"0.4 | 2";"1.7";"0.9"
"United States";"USA";"WPSL";"30-06-2026 23:00";"NS";"Yuba W";"";"";"Davis W";"";"";"21 | 52";"27 | 27";"";"";"0.4 | 1.1";"";"";"2";"0 | 100";"0";"11 | 30";"11 | 20";"78 | 50";"15 | 37";"22 | 50";"89 | 80";"89 | 70";"0x1 | 0x1";"";"0.8 | 0.8";"2.4 | 1.5";"2.8";"";"5 | 4";"9 | 10";"";"";"";"";"";"";"";"";"0.9"
"United States";"USA";"WPSL";"30-06-2026 23:00";"NS";"Davis W";"";"";"California Storm W";"";"";"52 | 100";"27 | 100";"";"";"1.1 | 2.6";"";"";"7";"0 | 71";"29";"30 | 80";"20 | 20";"50 | 0";"37 | 87";"50 | 100";"80 | 80";"70 | 20";"0x3 | 0x2";"";"0.8 | 3.2";"1.5 | 0.3";"2.9";"";"4 | 1";"10 | 10";"";"";"";"";"";"";"";"";"0.9"
"United States";"USA";"UWS";"30-06-2026 20:30";"NS";"Michigan Stars W";"";"";"Michigan Jaguars II W";"";"";"18 | 2";"61 | 68";"";"";"1 | 1.2";"";"";"";"";"";"20 | 40";"40 | 0";"40 | 60";"33 | 40";"60 | 40";"60 | 100";"80 | 60";"1x1 | 0x2";"";"1.8 | 2";"2.5 | 4";"5.2";"";"8 | 7";"10 | 5";"";"";"";"";"";"";"";"";"0"
"Vietnam";"VIE";"U21 Championship";"30-06-2026 03:30";"TBA";"TĐTT Gia Lai U21";"";"";"Đà Nẵng U21";"";"";"";"";"";"";"";"";"";"";"";"";"";"";"";"";"";"";"";" | ";"";"";"";"";"";"";"";"";"";"";"";"";"";"";"";""
"Vietnam";"VIE";"U21 Championship";"30-06-2026 04:30";"FT";"Đồng Nai U21";"1";"0";"Mê Kông Cần Thơ U21";"";"";"";"";"";"";"";"";"";"";"";"";"";"";"";"";"";"";"";" | ";"";"";"";"";"";"";"";"";"";"";"";"";"";"";"";""
"Vietnam";"VIE";"U21 Championship";"30-06-2026 04:30";"FT";"HV An Giang U21";"1";"5";"Tây Ninh U21";"";"";"2 | 38";"41 | 34";"";"32 | 29";"0.8 | 0.8";"36 | 25";"2.5 | 4.4";"";"";"";"25 | 20";"0 | 20";"75 | 60";"25 | 27";"25 | 40";"100 | 80";"75 | 80";"0x4 | 1x0";"17.9";"1.2 | 1";"3.8 | 1.9";"4";"";"1 | 2";"4 | 10";"3 | 4.4";"14 | 14.4";"9";"9 | 6.6";"1.3 | 1.2";"2.5 | 2";"0.5 | 1.4";"3.2";""
"Vietnam";"VIE";"U21 Championship";"30-06-2026 04:55";"FT";"TP Hồ Chí Minh U21";"1";"2";"Hoàng Anh Gia Lai U21 I";"";"";"42 | 88";"44 | 51";"";"";"1 | 1.8";"26 | 38";"7.7 | 5.6";"2";"0 | 50";"50";"20 | 40";"40 | 60";"40 | 0";"33 | 60";"60 | 100";"60 | 40";"80 | 60";"0x0 | 0x0";"17";"1.3 | 1.5";"1.8 | 0.5";"2.6";"44 | 52";"1 | 2";"10 | 10";"10 | 8.4";"7.8 | 7.9";"9.2";"4.3 | 3";"6.2 | 4.9";"2.8 | 2.9";"1 | 1.6";"4.2";""
"Vietnam";"VIE";"U21 Championship";"30-06-2026 05:30";"FT";"Thể Công – Viettel U21";"1";"1";"Hà Nội U21";"";"";"77 | 84";"58 | 61";"";"58 | 54";"1.4 | 1.9";"39 | 42";"5.2 | 6.7";"8";"25 | 25";"50";"30 | 50";"50 | 40";"20 | 10";"47 | 63";"80 | 90";"50 | 60";"70 | 50";"1x1 | 0x0";"16.4";"1.7 | 1.8";"0.8 | 0.6";"2.4";"59 | 55";"1 | 2";"10 | 10";"8.8 | 12.1";"5.8 | 6";"8";"3.7 | 2";"3.7 | 6.8";"2.2 | 2";"2.2 | 2";"4.2";""
"Vietnam";"VIE";"U21 Championship";"30-06-2026 05:30";"AWAITING_UPDATES";"PVF Vietnam U21";"";"";"Hà Nội Bulls U21";"";"";"";"";"";"";"";"";"";"";"";"";"";"";"";"";"";"";"";" | ";"";"";"";"";"";"";"";"";"";"";"";"";"";"";"";""
"Vietnam";"VIE";"U21 Championship";"30-06-2026 06:00";"FT";"Phù Đổng U21";"0";"1";"SLNA U21";"22.00";"1.10";"52 | 80";"0 | 65";"4";"";"0 | 1.7";"";"";"";"";"";"0 | 40";"0 | 50";"100 | 10";"0 | 57";"0 | 90";"100 | 50";"100 | 60";"0x1 | 0x0";"";"0 | 1.9";"1.5 | 0.7";"2";"";"1 | 2";"2 | 10";"";"";"";"";"";"";"";"";""
"Vietnam";"VIE";"U21 Championship";"30-06-2026 06:00";"FT";"Thanh Hóa U21";"1";"1";"Công An Hà Nội U21";"";"";"66 | 38";"85 | 34";"";"";"1.7 | 1";"";"6.3 | 8";"2";"50 | 50";"0";"50 | 30";"20 | 10";"30 | 60";"57 | 33";"70 | 40";"80 | 90";"50 | 70";"0x2 | 2x0";"20.6";"2.5 | 1";"1.1 | 1.9";"3.2";"60 | 46";"1 | 2";"10 | 10";"15.8 | 8";"5 | 12.5";"10.8";"2.5 | 8";"7.7 | 3.5";"2 | 3.5";"1.8 | 2";"4.6";""
"Australia";"AUS";"Queensland NPL Women";"30-06-2026 06:30";"FT";"Eastern Suburbs NPL";"0";"0";"Gold Coast United W";"1.20";"10.68";"80 | 52";"99 | 75";"3";"59 | 49";"2.3 | 1.9";"88 | 49";"5.2 | 3.7";"10";"60 | 10";"30";"70 | 60";"20 | 10";"10 | 30";"77 | 63";"90 | 70";"80 | 90";"30 | 40";"3x0 | 1x2";"20.8";"2.9 | 2.2";"0.7 | 1.5";"3.6";"53 | 49";"1 | 6";"10 | 10";"16 | 8.1";"8.8 | 8.8";"10.3";"3.6 | 4.8";"8.6 | 3.8";"0.3 | 0.3";"0.6 | 0.7";"1";"1.3"
"Australia";"AUS";"Queensland NPL Women";"30-06-2026 06:30";"FT";"Gold Coast Knights W";"2";"0";"Lions W";"1.50";"5.07";"77 | 49";"99 | 78";"1";"70 | 51";"2.1 | 2";"138 | 51";"7.4 | 5";"6";"67 | 17";"17";"60 | 60";"30 | 20";"10 | 20";"70 | 67";"90 | 80";"70 | 80";"40 | 40";"1x1 | 1x3";"26.1";"2.9 | 2.3";"0.8 | 1.6";"3.8";"57 | 50";"4 | 3";"10 | 10";"21.4 | 13.9";"4.7 | 12.3";"11.9";"1.9 | 5";"10.3 | 6.7";"0.2 | 1.3";"0.7 | 0.4";"1.2";"1.3"
"Australia";"AUS";"Queensland NPL Women";"30-06-2026 06:30";"FT";"Sunshine Coast Wanderers W";"0";"1";"Brisbane Olympic W";"3.29";"1.91";"32 | 49";"51 | 82";"2";"39 | 53";"0.8 | 1.6";"43 | 66";"4.2 | 5.4";"10";"20 | 40";"40";"20 | 50";"20 | 10";"60 | 40";"27 | 53";"40 | 60";"80 | 90";"80 | 50";"1x1 | 1x2";"21.8";"1.5 | 2.4";"2.1 | 1.6";"3.8";"48 | 53";"8 | 5";"10 | 10";"6.3 | 13";"11.1 | 13.3";"10.6";"5.4 | 6.7";"3.4 | 5.7";"1 | 0.6";"0.2 | 0.6";"1.2";"1.3"
"Australia";"AUS";"Queensland NPL Women";"30-06-2026 07:15";"FT";"Capalaba W";"3";"0";"FQ QAS W";"";"";"2 | 4";"37 | 71";"";"32 | 57";"0.7 | 1";"38 | 72";"6.5 | 5.7";"10";"50 | 50";"0";"20 | 30";"10 | 10";"70 | 60";"23 | 33";"30 | 40";"90 | 90";"80 | 70";"0x3 | 4x3";"29.4";"1.1 | 2.1";"3.2 | 2.9";"4.6";"40 | 54";"9 | 7";"10 | 10";"8 | 18.5";"19.4 | 12.8";"11";"7.6 | 5.5";"3 | 5.8";"0.6 | 1.3";"0.4 | 1.1";"1.7";"1.3"
"Australia";"AUS";"Queensland NPL Women";"30-06-2026 07:15";"FT";"Brisbane City W";"6";"0";"Souths Strikers W";"1.02";"43.33";"77 | 2";"100 | 41";"3";"66 | 32";"2.1 | 0";"76 | 42";"4.4 | 4.5";"2";"100 | 0";"0";"60 | 0";"30 | 0";"10 | 100";"70 | 0";"90 | 0";"70 | 100";"40 | 100";"1x1 | 3x0";"23.6";"3.4 | 1.2";"0.8 | 4.5";"5";"57 | 42";"2 | 10";"10 | 6";"14.8 | 5.4";"6.5 | 20.6";"11.8";"3.2 | 10.8";"6.3 | 3.2";"0 | 0.6";"0.7 | 0.6";"1";"1.3"
"Australia";"AUS";"Victoria Women's State Knockout Cup";"30-06-2026 06:00";"FT_PEN";"Box Hill United W";"3";"3";"Bulleen Lions W";"2.62";"2.27";"52 | 80";"75 | 68";"5";"57 | 59";"2 | 2.5";"60 | 63";"5.3 | 7.3";"10";"10 | 70";"20";"60 | 80";"20 | 10";"20 | 10";"67 | 83";"80 | 90";"80 | 90";"40 | 20";"2x2 | 1x2";"21.2";"2.2 | 2";"1.5 | 0.7";"3.2";"59 | 55";"";"10 | 10";"11.7 | 14.6";"8.6 | 7.6";"10.3";"4.2 | 4";"5.7 | 6.7";"0.7 | 1";"0.8 | 0.6";"1.5";"0.8"
"Australia";"AUS";"Victoria Women's State Knockout Cup";"30-06-2026 07:00";"TBA";"Alamein W";"0";"0";"Essendon Royals W";"4.64";"1.48";"66 | 77";"58 | 88";"2";"54 | 59";"1.9 | 2.3";"60 | 73";"7.4 | 5.4";"6";"50 | 33";"17";"60 | 70";"10 | 20";"30 | 10";"63 | 77";"70 | 90";"90 | 80";"40 | 30";"3x0 | 1x1";"22.4";"1.7 | 2.6";"1.1 | 0.8";"3.1";"50 | 55";"";"10 | 10";"12.6 | 14.1";"8.3 | 9.8";"11.9";"4.3 | 4.8";"6.3 | 8.3";"0.7 | 0.8";"1.4 | 1.5";"2.2";"0.8"
"Australia";"AUS";"Victoria Women's State Knockout Cup";"30-06-2026 07:00";"FT";"Bentleigh Greens W";"2";"3";"South Melbourne W";"12.50";"1.17";"38 | 70";"61 | 99";"4";"34 | 67";"1 | 2.1";"37 | 72";"3.3 | 6";"6";"0 | 83";"17";"30 | 60";"10 | 30";"60 | 10";"33 | 70";"40 | 90";"90 | 70";"70 | 40";"0x1 | 0x2";"22.5";"1.8 | 2.9";"1.9 | 1";"3.8";"42 | 53";"";"10 | 10";"6 | 17.4";"15.9 | 5.8";"12.4";"7.5 | 4.1";"3.8 | 9.5";"0.9 | 1.1";"0 | 1.1";"1.6";"0.8"
"Europe";"EUR";"Euro U19 Women";"30-06-2026 12:00";"NS";"Bosnia & Herzegovina U19 W";"";"";"Sweden U19 W";"24.08";"1.06";"52 | 63";"75 | 34";"4";"48 | 48";"1.1 | 1.9";"50 | 44";"4.1 | 8.9";"";"";"";"30 | 60";"20 | 10";"50 | 30";"37 | 63";"50 | 70";"80 | 90";"70 | 40";"1x2 | 0x1";"19.7";"2.2 | 1";"1.5 | 1.2";"3";"51 | 48";"4 | 2";"10 | 10";"9 | 8.9";"12 | 9.5";"8.2";"4.9 | 3.4";"5 | 3.2";"1.4 | 1.4";"2.4 | 1.2";"3.2";""
"Europe";"EUR";"Euro U19 Women";"30-06-2026 15:00";"NS";"Poland U19 W";"";"";"Germany U19 W";"5.04";"1.49";"100 | 60";"68 | 88";"2";"61 | 69";"2.1 | 1.9";"55 | 77";"7.9 | 7.4";"";"";"";"60 | 60";"30 | 10";"10 | 30";"70 | 63";"90 | 70";"70 | 90";"40 | 40";"0x0 | 0x1";"26";"2 | 2.6";"0.1 | 1.3";"3";"58 | 62";"3 | 1";"10 | 10";"16.1 | 19.9";"9.7 | 6.3";"11.6";"3.9 | 3.7";"6.6 | 9.1";"0.4 | 1.3";"2 | 1.4";"2.6";""
"Finland";"FIN";"Women's Cup";"30-06-2026 13:00";"NS";"PK-35 Vantaa W";"";"";"HJK W";"15.00";"1.12";"21 | 70";"88 | 100";"4";"46 | 64";"1.2 | 2.7";"46 | 69";"3.5 | 4.7";"10";"0 | 90";"10";"40 | 90";"0 | 0";"60 | 10";"40 | 90";"40 | 90";"100 | 100";"60 | 10";"0x5 | 0x5";"20.8";"2.6 | 3.4";"2.4 | 1";"4.7";"49 | 59";"";"10 | 10";"9.2 | 16.1";"10 | 6.2";"11";"6.1 | 2.7";"4.9 | 8.2";"0.6 | 0.4";"0.6 | 0.7";"1.2";"0.8"
"Finland";"FIN";"Ykkönen Women";"30-06-2026 12:30";"NS";"HJK II W";"";"";"PKKU W";"1.65";"3.75";"52 | 32";"82 | 54";"1";"54 | 48";"1.8 | 1.2";"56 | 54";"4.3 | 5.4";"2";"100 | 0";"0";"60 | 40";"0 | 0";"40 | 60";"60 | 40";"60 | 40";"100 | 100";"40 | 60";"4x1 | 0x3";"18.2";"2.4 | 1.6";"1.5 | 2.1";"3.8";"54 | 49";"4 | 7";"10 | 10";"10.4 | 8.6";"8.2 | 9.3";"9.6";"4.9 | 4.7";"6.2 | 3.4";"0.4 | 0.9";"0.7 | 0.1";"1";"1.7"
"Vietnam";"VIE";"Women's National League";"30-06-2026 06:00";"FT";"PP Ha Nam W";"2";"1";"TKS Viet Nam W";"3.25";"2.09";"60 | 74";"34 | 41";"5";"47 | 41";"0.9 | 1.4";"39 | 31";"5 | 4.6";"10";"10 | 50";"40";"20 | 30";"30 | 50";"50 | 20";"30 | 47";"50 | 80";"70 | 50";"80 | 70";"0x1 | 0x0";"13.5";"1 | 1.2";"1.3 | 0.9";"2.2";"44 | 51";"4 | 5";"10 | 10";"5 | 5.5";"8.6 | 7.9";"7.2";"4.4 | 3.9";"2.6 | 3.6";"0.5 | 1";"0.4 | 1.2";"1.6";"0"
"Vietnam";"VIE";"Women's National League";"30-06-2026 06:00";"FT";"Hà Nội II W";"1";"1";"Ho Chi Minh City II W";"4.39";"1.68";"2 | 32";"14 | 7";"2";"23 | 22";"0.2 | 0.1";"23 | 18";"8.2 | 17";"";"";"";"0 | 0";"20 | 10";"80 | 90";"7 | 3";"20 | 10";"80 | 90";"100 | 100";"0x2 | 1x0";"20.6";"0.4 | 0.2";"4 | 2.1";"3.4";"35 | 28";"7 | 6";"5 | 10";"3.3 | 3.4";"20.7 | 13.7";"11.5";"13 | 6.9";"1.3 | 1.8";"0.3 | 0.9";"0 | 0.4";"0.8";"0"
"World";"WOR";"Club Friendlies 3";"30-06-2026 07:00";"FT";"Kazincbarcika";"0";"0";"Zemplín Michalovce";"";"";"28 | 52";"51 | 41";"";"41 | 48";"1.1 | 1.5";"38 | 44";"5.5 | 7.3";"4";"0 | 50";"50";"30 | 50";"20 | 0";"50 | 50";"37 | 50";"50 | 50";"80 | 100";"70 | 50";"0x0 | 1x2";"26.4";"1.5 | 1.2";"2.2 | 1.5";"3.2";"43 | 48";"1 | 2";"10 | 10";"9.3 | 12.3";"16.3 | 14.7";"9";"6.6 | 4.5";"3.8 | 3.2";"2.6 | 1.6";"1.6 | 1.3";"3.5";"2.1"
"World";"WOR";"Club Friendlies 3";"30-06-2026 09:00";"INPLAY_1ST_HALF";"RKC Waalwijk";"0";"0";"Rot-Weiß Oberhausen";"1.66";"3.74";"49 | 60";"68 | 65";"1";"";"1.3 | 2.1";"";"";"";"";"";"30 | 60";"40 | 30";"30 | 10";"43 | 70";"70 | 90";"60 | 70";"70 | 40";"1x1 | 0x1";"";"2 | 1.9";"1.6 | 1.3";"3.4";"";"1 | 2";"10 | 10";"";"";"";"";"";"1.9 | 0.5";"2 | 1";"2.7";"2.1"
"World";"WOR";"Club Friendlies 3";"30-06-2026 09:00";"INPLAY_1ST_HALF";"Olimpia Grudziądz";"2";"1";"Petrolul 52";"";"";"60 | 52";"61 | 34";"";"57 | 53";"1.7 | 1.2";"55 | 48";"5.7 | 10.5";"";"";"";"50 | 30";"20 | 30";"30 | 40";"57 | 40";"70 | 60";"80 | 70";"50 | 70";"2x0 | 1x1";"22";"1.8 | 1";"1.3 | 1.5";"2.8";"52 | 49";"";"10 | 10";"10.2 | 13.8";"7.1 | 12.9";"8.8";"3.2 | 4.4";"4.6 | 5.3";"1.9 | 2.6";"2 | 2.3";"4.4";"2.1"
"World";"WOR";"Club Friendlies 3";"30-06-2026 09:00";"CANCELLED";"Clydebank";"";"";"Hamilton Academical";"";"";"80 | 56";"100 | 61";"";"66 | 48";"2.5 | 1.9";"50 | 43";"3.4 | 4.8";"";"";"";"80 | 60";"10 | 10";"10 | 30";"83 | 63";"90 | 70";"90 | 90";"20 | 40";"4x0 | 1x3";"19.5";"3.4 | 1.8";"0.7 | 1.4";"3.6";"56 | 48";"1 | 2";"10 | 10";"11.5 | 10.6";"5.7 | 11.3";"7.8";"1.7 | 4.2";"4.3 | 5.3";"2.3 | 1.9";"2.7 | 1";"4";"2.1"
"World";"WOR";"Club Friendlies 3";"30-06-2026 11:00";"NS";"CSKA Moskva";"";"";"Shinnik";"1.20";"12.10";"63 | 84";"51 | 44";"3";"53 | 46";"1.5 | 1.8";"48 | 39";"6.1 | 3.8";"10";"50 | 20";"30";"40 | 40";"30 | 60";"30 | 0";"50 | 60";"70 | 100";"70 | 40";"60 | 60";"0x1 | 0x0";"18";"1.5 | 1.3";"1.2 | 0.6";"2.3";"54 | 46";"1 | 2";"10 | 10";"12.7 | 5";"12.3 | 5.9";"6.6";"4.1 | 2.7";"3.9 | 2.4";"1.6 | 1.4";"2.1 | 1.9";"3.5";"2.1"
"World";"WOR";"Club Friendlies 3";"30-06-2026 11:00";"NS";"Aarau";"";"";"St. Gallen II";"1.05";"18.29";"66 | 42";"65 | 58";"3";"55 | 43";"1.7 | 1.6";"56 | 45";"6.8 | 4.2";"";"";"";"40 | 50";"50 | 10";"10 | 40";"57 | 53";"90 | 60";"50 | 90";"60 | 50";"0x0 | 0x1";"26.6";"1.9 | 1.7";"1.1 | 1.8";"3.2";"52 | 47";"1 | 2";"10 | 10";"17.4 | 7.2";"14.7 | 13.8";"9.9";"4.8 | 5.8";"5.5 | 3.8";"2.5 | 2.5";"3.2 | 2.2";"5.2";"2.1"
"World";"WOR";"Club Friendlies 3";"30-06-2026 12:00";"NS";"Nyíregyháza Spartacus";"";"";"Zbrojovka Brno";"2.81";"2.15";"38 | 74";"48 | 61";"5";"54 | 57";"1.2 | 2.3";"52 | 45";"7.8 | 5.2";"";"";"";"30 | 70";"30 | 20";"40 | 10";"40 | 77";"60 | 90";"70 | 80";"70 | 30";"1x1 | 0x1";"21";"1.4 | 1.8";"1.9 | 0.9";"3";"52 | 51";"1 | 2";"10 | 10";"14.4 | 9.4";"11.6 | 6.6";"8.2";"4.9 | 2.6";"4.9 | 4.1";"1.7 | 1.1";"2.3 | 1.4";"3.2";"2.1"
"World";"WOR";"Club Friendlies 3";"30-06-2026 12:00";"NS";"Táborsko";"";"";"Amstetten";"2.64";"2.20";"46 | 46";"34 | 34";"5";"44 | 50";"1.3 | 0.9";"39 | 51";"7.9 | 9.3";"";"";"";"40 | 20";"10 | 30";"50 | 50";"43 | 30";"50 | 50";"90 | 70";"60 | 80";"1x0 | 0x0";"19.7";"1 | 1";"1.7 | 1.7";"2.7";"45 | 47";"1 | 2";"10 | 10";"7.9 | 9.4";"11.4 | 10.7";"8.1";"4.6 | 4.8";"3.4 | 3.4";"1.9 | 1.5";"2.2 | 2.7";"4.2";"2.1"
"World";"WOR";"Club Friendlies 3";"30-06-2026 13:00";"NS";"Sturm Graz";"";"";"LNZ Cherkasy";"1.48";"4.81";"80 | 84";"61 | 31";"1";"58 | 58";"1.8 | 1.3";"55 | 42";"6.8 | 9.9";"";"";"";"40 | 30";"60 | 40";"0 | 30";"60 | 43";"100 | 70";"40 | 60";"60 | 70";"1x1 | 1x0";"21";"1.8 | 0.9";"0.7 | 0.6";"2";"54 | 48";"1 | 2";"10 | 10";"16.8 | 8.9";"11.3 | 4.9";"6.4";"3.2 | 1.9";"4.5 | 3.2";"1.8 | 1.4";"1.5 | 1.3";"3";"2.1"
"World";"WOR";"Club Friendlies 3";"30-06-2026 13:00";"NS";"Levski Sofia";"";"";"Radnik Surdulica";"1.10";"20.70";"88 | 49";"65 | 37";"3";"56 | 44";"1.9 | 1.1";"71 | 42";"5.7 | 6.6";"";"";"";"50 | 20";"40 | 50";"10 | 30";"63 | 37";"90 | 70";"60 | 50";"50 | 80";"1x1 | 1x1";"20.4";"1.9 | 1.1";"0.5 | 1.6";"2.6";"52 | 43";"1 | 2";"10 | 10";"10.8 | 10.1";"7.8 | 12.1";"7.2";"2.2 | 4.3";"4.4 | 3.5";"1.6 | 2.8";"2 | 1.7";"4";"2.1"
"World";"WOR";"Club Friendlies 3";"30-06-2026 13:30";"NS";"Chemie Leipzig";"";"";"Eichstätt";"";"";"63 | 70";"68 | 34";"";"";"2 | 1.2";"";"";"";"";"";"60 | 30";"20 | 30";"20 | 40";"67 | 40";"80 | 60";"80 | 70";"40 | 70";"1x0 | 1x0";"";"2 | 1";"1.2 | 1";"2.6";"";"1 | 2";"10 | 10";"";"";"";"";"";"";"";"";"2.1"
"World";"WOR";"Club Friendlies 3";"30-06-2026 13:30";"NS";"Musselburgh Athletic";"";"";"Spartans";"";"";"84 | 70";"68 | 44";"";"";"2.3 | 1.4";"";"";"";"";"";"70 | 30";"20 | 50";"10 | 20";"77 | 47";"90 | 80";"80 | 50";"30 | 70";"1x0 | 1x1";"";"2 | 1.3";"0.6 | 1";"2.4";"";"1 | 2";"10 | 10";"";"";"";"";"";"";"";"";"2.1"
"World";"WOR";"Club Friendlies 3";"30-06-2026 13:45";"NS";"Nairn County";"";"";"Elgin City";"5.57";"1.42";"46 | 66";"44 | 44";"2";"49 | 49";"1.2 | 1.3";"46 | 36";"7.3 | 6.1";"3";"0 | 100";"0";"40 | 30";"0 | 40";"60 | 30";"40 | 43";"40 | 70";"100 | 60";"60 | 70";"0x1 | 1x1";"19.3";"1.3 | 1.3";"1.7 | 1.1";"2.7";"48 | 49";"1 | 2";"10 | 10";"9.5 | 9";"9.5 | 10.6";"8.4";"3.5 | 4.2";"5.5 | 3.7";"4 | 1.6";"0.7 | 2.1";"4.2";"2.1"
"World";"WOR";"Club Friendlies 3";"30-06-2026 14:30";"NS";"FC Eindhoven";"";"";"UNA";"1.16";"11.22";"42 | 49";"37 | 54";"3";"49 | 51";"1.3 | 1.4";"48 | 55";"11.3 | 6.7";"5";"80 | 20";"0";"40 | 40";"10 | 20";"50 | 40";"43 | 47";"50 | 60";"90 | 80";"60 | 60";"1x0 | 0x2";"25.8";"1.1 | 1.6";"1.8 | 1.6";"3";"44 | 48";"1 | 2";"10 | 10";"16.3 | 10.7";"13.4 | 11.2";"9.5";"5.2 | 4.5";"5.6 | 3.7";"1.7 | 0.7";"1.1 | 2.7";"3";"2.1"
"World";"WOR";"Club Friendlies 3";"30-06-2026 15:00";"NS";"Cove Rangers";"";"";"Inverurie Loco Works";"";"";"70 | 42";"41 | 75";"";"46 | 41";"1.5 | 1.5";"36 | 32";"4.8 | 3.6";"4";"100 | 0";"0";"40 | 50";"30 | 0";"30 | 50";"50 | 50";"70 | 50";"70 | 100";"60 | 50";"2x0 | 0x2";"20";"1.2 | 2.2";"1 | 1.8";"3.1";"47 | 47";"1 | 2";"10 | 10";"6.6 | 8";"11 | 14.3";"8.9";"4.6 | 6.3";"3.2 | 3.7";"1.1 | 2";"1.8 | 2.7";"3.8";"2.1"
"World";"WOR";"Club Friendlies 3";"30-06-2026 15:30";"NS";"Ayr United";"";"";"Dumbarton";"1.22";"9.86";"56 | 42";"27 | 44";"3";"51 | 44";"0.8 | 1.2";"51 | 38";"7.9 | 4.5";"10";"60 | 10";"30";"20 | 30";"20 | 30";"60 | 40";"27 | 40";"40 | 60";"80 | 70";"80 | 70";"0x1 | 1x1";"19.1";"0.8 | 1.3";"1.4 | 1.8";"2.7";"51 | 44";"1 | 2";"10 | 10";"9.1 | 8.1";"8.7 | 12.3";"7.4";"3.7 | 5.1";"3.4 | 2.7";"2.6 | 1.8";"2.1 | 1";"3.8";"2.1"
"World";"WOR";"Club Friendlies 3";"30-06-2026 15:30";"NS";"Alloa Athletic";"";"";"Livingston";"4.85";"1.50";"70 | 49";"48 | 37";"2";"52 | 45";"1.8 | 1";"48 | 41";"6.9 | 7.5";"10";"10 | 70";"20";"60 | 20";"0 | 40";"40 | 40";"60 | 33";"60 | 60";"100 | 60";"40 | 80";"1x0 | 2x2";"23";"1.4 | 1.1";"1 | 1.6";"2.6";"51 | 48";"1 | 2";"10 | 10";"11.6 | 11.2";"8.8 | 14.6";"7.8";"3.6 | 3.9";"4.7 | 3.5";"1.3 | 1.6";"2.6 | 1.2";"3.4";"2.1"
"World";"WOR";"Club Friendlies 3";"30-06-2026 15:30";"NS";"Clachnacuddin";"";"";"Ross County";"14.64";"1.10";"38 | 46";"65 | 71";"4";"40 | 52";"1.3 | 1.3";"35 | 44";"5.9 | 3";"4";"0 | 100";"0";"40 | 40";"10 | 10";"50 | 50";"43 | 43";"50 | 50";"90 | 90";"60 | 60";"0x1 | 1x5";"20.8";"1.9 | 2.1";"1.9 | 1.7";"3.8";"41 | 51";"1 | 2";"10 | 10";"11.3 | 8.1";"15 | 7.2";"8.1";"6 | 3.1";"3.7 | 3.4";"1 | 2.8";"0 | 1.2";"2.5";"2.1"
"World";"WOR";"Club Friendlies 3";"30-06-2026 15:45";"NS";"Clyde";"";"";"Queen's Park";"4.65";"1.93";"52 | 60";"61 | 14";"2";"50 | 40";"1.7 | 0.8";"47 | 34";"4.5 | 13";"10";"20 | 40";"40";"50 | 10";"20 | 50";"30 | 40";"57 | 27";"70 | 60";"80 | 50";"50 | 90";"2x0 | 1x1";"18.8";"1.8 | 0.4";"1.5 | 1.3";"2.5";"48 | 42";"1 | 2";"10 | 10";"10.3 | 6";"10 | 11.4";"8";"4.9 | 4.4";"4.1 | 2.4";"1.4 | 1.7";"1.5 | 1.8";"3.2";"2.1"
"World";"WOR";"Club Friendlies 3";"30-06-2026 15:45";"NS";"Forfar Athletic";"";"";"St. Johnstone";"8.15";"1.27";"63 | 100";"48 | 68";"4";"46 | 62";"1.5 | 2.6";"38 | 55";"5.3 | 4.8";"4";"25 | 75";"0";"40 | 80";"30 | 20";"30 | 0";"50 | 87";"70 | 100";"70 | 80";"60 | 20";"1x0 | 0x2";"17";"1.4 | 2";"1.2 | 0.4";"2.5";"47 | 57";"1 | 2";"10 | 10";"8.3 | 12.2";"8.9 | 4.6";"7";"3.4 | 1.3";"5 | 4.3";"1.5 | 1.9";"1.3 | 2.3";"3.5";"2.1"
"World";"WOR";"Club Friendlies 3";"30-06-2026 15:45";"NS";"Gretna 2008";"";"";"Annan Athletic";"7.72";"1.25";"35 | 66";"44 | 51";"4";"38 | 53";"1.1 | 1.4";"32 | 45";"5.4 | 4.1";"2";"0 | 50";"50";"30 | 40";"20 | 20";"50 | 40";"37 | 47";"50 | 60";"80 | 80";"70 | 60";"1x1 | 0x3";"20.2";"1.3 | 1.5";"2 | 1.1";"3";"44 | 52";"1 | 2";"10 | 10";"7 | 7";"17.5 | 8.9";"8.6";"8 | 3.1";"3.2 | 2.9";"2 | 1.6";"2.5 | 1.9";"4";"2.1"
"World";"WOR";"Club Friendlies 3";"30-06-2026 16:00";"NS";"Shamrock Rovers";"";"";"Hibernian";"2.16";"2.80";"70 | 63";"61 | 44";"5";"58 | 40";"1.9 | 1.2";"51 | 38";"5.9 | 5.2";"";"";"";"60 | 30";"10 | 30";"30 | 40";"63 | 40";"70 | 60";"90 | 70";"40 | 70";"1x2 | 0x0";"24.8";"1.8 | 1.3";"1 | 1.2";"2.6";"66 | 45";"1 | 2";"10 | 10";"14.9 | 8.8";"11.6 | 14.4";"7.8";"3 | 4.2";"5.7 | 2.7";"1.8 | 3.1";"2.1 | 2.2";"4.6";"2.1"
"World";"WOR";"Club Friendlies 3";"30-06-2026 21:00";"NS";"Wisła Kraków";"";"";"Puszcza Niepołomice";"";"";"63 | 66";"61 | 44";"";"60 | 52";"1.9 | 1.7";"63 | 44";"8.4 | 5.8";"10";"30 | 50";"20";"50 | 50";"40 | 20";"10 | 30";"63 | 57";"90 | 70";"60 | 80";"50 | 50";"1x1 | 0x1";"20.4";"1.8 | 1.3";"1.2 | 1.1";"2.7";"56 | 48";"1 | 2";"10 | 10";"14.7 | 7.6";"8.4 | 10.1";"7.4";"2.9 | 3.2";"5.8 | 3";"1.6 | 2.9";"1.1 | 1";"3.3";"2.1"
"World";"WOR";"Club Friendlies 3";"30-06-2026 21:00";"NS";"Botev Vratsa";"";"";"Spartak Pleven";"";"";"70 | 60";"54 | 44";"";"49 | 45";"1.9 | 1.5";"52 | 47";"6.4 | 7.8";"3";"0 | 33";"67";"50 | 40";"40 | 30";"10 | 30";"63 | 50";"90 | 70";"60 | 70";"50 | 60";"1x1 | 0x0";"21";"1.6 | 1.3";"1 | 1.3";"2.6";"49 | 44";"1 | 2";"10 | 10";"10.3 | 10.1";"10.7 | 10.8";"7.8";"3.7 | 4.5";"3.6 | 3.9";"1.9 | 2.1";"2.8 | 1.4";"4.1";"2.1"
"World";"WOR";"Club Friendlies 3";"30-06-2026 21:00";"NS";"KAMAZ";"";"";"Neftekhimik";"";"";"80 | 70";"20 | 37";"";"49 | 49";"1.3 | 1.3";"45 | 60";"10.5 | 6.4";"10";"20 | 30";"50";"30 | 30";"40 | 40";"30 | 30";"43 | 43";"70 | 70";"60 | 60";"70 | 70";"0x0 | 2x0";"13.8";"0.6 | 1.1";"0.7 | 1";"1.7";"52 | 46";"1 | 2";"10 | 10";"6.3 | 7";"6.9 | 7.3";"7.2";"3.3 | 4.2";"2.7 | 4.2";"2.3 | 1.9";"1.9 | 1.3";"3.7";"2.1"
"World";"WOR";"Club Friendlies 3";"30-06-2026 21:00";"NS";"Celje";"";"";"Hajduk Split";"";"";"80 | 70";"92 | 61";"";"55 | 48";"2.4 | 1.8";"62 | 49";"4.4 | 4.3";"";"";"";"80 | 50";"0 | 30";"20 | 20";"80 | 60";"80 | 80";"100 | 70";"20 | 50";"2x0 | 0x1";"22.1";"2.7 | 1.8";"0.7 | 1";"3.1";"59 | 53";"1 | 2";"10 | 10";"11.8 | 9.5";"10.9 | 12";"9.4";"3.6 | 3.9";"6.6 | 4.6";"1.9 | 1.4";"1.9 | 1.2";"3.2";"2.1"
"World";"WOR";"Club Friendlies 3";"30-06-2026 21:00";"NS";"KSC Lokeren";"";"";"Oudenaarde";"";"";"52 | 56";"61 | 41";"";"55 | 49";"1.3 | 1.2";"56 | 46";"5.3 | 11.7";"4";"25 | 25";"50";"30 | 30";"40 | 30";"30 | 40";"43 | 40";"70 | 60";"60 | 70";"70 | 70";"1x1 | 0x1";"26.3";"1.8 | 1.2";"1.5 | 1.4";"3";"54 | 41";"1 | 2";"10 | 10";"13.9 | 14";"12.7 | 12";"9";"4.9 | 3";"4.1 | 6";"2.5 | 2";"2.5 | 1.5";"4.2";"2.1"
"World";"WOR";"Club Friendlies 3";"30-06-2026 21:00";"NS";"ŁKS Łódź";"";"";"Stal Mielec";"";"";"60 | 56";"71 | 68";"";"53 | 49";"1.8 | 1.6";"56 | 52";"6.1 | 5.2";"10";"60 | 20";"20";"50 | 50";"30 | 10";"20 | 40";"60 | 53";"80 | 60";"70 | 90";"50 | 50";"2x2 | 1x3";"23";"2.1 | 2";"1.3 | 1.4";"3.4";"51 | 50";"1 | 2";"10 | 10";"12.9 | 10.4";"10.4 | 12.2";"8.6";"4.2 | 3.7";"5.1 | 4.3";"1.2 | 1";"1.4 | 1.8";"2.7";"2.1"
"World";"WOR";"Club Friendlies 3";"30-06-2026 21:00";"NS";"Krylya Sovetov";"";"";"Sokol Saratov";"";"";"49 | 42";"54 | 20";"";"40 | 36";"1.2 | 1";"38 | 30";"4.9 | 8.3";"4";"50 | 0";"50";"30 | 30";"30 | 10";"40 | 60";"40 | 33";"60 | 40";"70 | 90";"70 | 70";"1x1 | 0x1";"19.2";"1.6 | 0.6";"1.6 | 1.8";"2.8";"44 | 42";"1 | 2";"10 | 10";"10.7 | 5";"14.2 | 8.6";"7";"4.2 | 2.6";"4.6 | 2.6";"2.6 | 2.4";"2.4 | 1.5";"4.4";"2.1"
"World";"WOR";"Club Friendlies 3";"30-06-2026 21:00";"NS";"Pardubice";"";"";"Žilina";"";"";"66 | 60";"44 | 48";"";"51 | 47";"1.7 | 1.2";"47 | 42";"7.7 | 6.6";"";"";"";"50 | 30";"20 | 30";"30 | 40";"57 | 40";"70 | 60";"80 | 70";"50 | 70";"2x1 | 1x0";"24.6";"1.3 | 1.4";"1.1 | 1.3";"2.6";"51 | 50";"1 | 2";"10 | 10";"11.8 | 11.1";"12.6 | 13.8";"9.5";"4.4 | 5.3";"4.3 | 5";"1.7 | 1.4";"1.9 | 2";"3.5";"2.1"
"World";"WOR";"Club Friendlies 3";"30-06-2026 21:00";"NS";"Rudeš";"";"";"Čukarički";"";"";"70 | 80";"68 | 27";"";"52 | 41";"2 | 1";"55 | 38";"6.2 | 8.2";"";"";"";"60 | 10";"20 | 70";"20 | 20";"67 | 33";"80 | 80";"80 | 30";"40 | 90";"1x1 | 0x0";"24";"2 | 0.8";"1 | 0.7";"2.2";"52 | 42";"1 | 2";"10 | 10";"12.3 | 9";"10 | 16.8";"8.4";"4.3 | 4.8";"5.1 | 2.7";"1.7 | 2.8";"2.7 | 1.2";"4.2";"2.1"
"World";"WOR";"Club Friendlies 3";"30-06-2026 21:00";"NS";"Zagłębie Lubin";"";"";"Podbrezová";"";"";"74 | 28";"27 | 31";"";"46 | 47";"1 | 0.7";"44 | 46";"11.1 | 10";"";"";"";"30 | 20";"10 | 10";"60 | 70";"33 | 23";"40 | 30";"90 | 90";"70 | 80";"0x1 | 2x0";"27";"0.8 | 0.9";"0.9 | 2.2";"2.4";"41 | 43";"1 | 2";"10 | 10";"12.4 | 11.7";"14.8 | 15.1";"7.9";"3.8 | 4.9";"3.1 | 4";"2.4 | 2.7";"1.7 | 2.7";"4.8";"2.1"
"World";"WOR";"Club Friendlies 3";"30-06-2026 21:00";"NS";"Arda";"";"";"Rilski Sportist";"";"";"56 | 84";"41 | 41";"";"";"1.4 | 2.2";"";"";"";"";"";"40 | 70";"20 | 10";"40 | 20";"47 | 73";"60 | 80";"80 | 90";"60 | 30";"0x2 | 0x1";"";"1.2 | 1.2";"1.4 | 0.6";"2.2";"";"1 | 2";"10 | 10";"";"";"";"";"";"";"";"";"2.1"
"World";"WOR";"Club Friendlies 3";"30-06-2026 21:00";"NS";"MTK";"";"";"Vasas";"1.44";"5.24";"66 | 74";"51 | 92";"1";"46 | 57";"1.5 | 2.4";"50 | 66";"6.4 | 4.6";"10";"60 | 30";"10";"30 | 80";"60 | 0";"10 | 20";"50 | 80";"90 | 80";"40 | 100";"70 | 20";"0x0 | 0x2";"23";"1.5 | 2.7";"1.1 | 0.9";"3.1";"48 | 56";"1 | 2";"10 | 10";"13.9 | 12.4";"13.2 | 6.6";"8.4";"3.4 | 2.5";"5 | 6";"1.3 | 1.8";"1.7 | 2.1";"3.4";"2.1"
"World";"WOR";"Club Friendlies 3";"30-06-2026 21:00";"NS";"Thes Sport";"";"";"Sint-Truiden";"";"";"42 | 66";"51 | 48";"";"53 | 56";"1.2 | 1.4";"61 | 49";"5.9 | 6.8";"3";"0 | 100";"0";"30 | 40";"30 | 20";"40 | 40";"40 | 47";"60 | 60";"70 | 80";"70 | 60";"1x1 | 0x0";"24.3";"1.5 | 1.4";"1.8 | 1.1";"2.9";"55 | 52";"1 | 2";"10 | 10";"8.9 | 12.9";"13 | 13.8";"8.8";"6 | 3.6";"3.8 | 4.2";"1.3 | 1.3";"1.3 | 1.8";"2.9";"2.1"
"World";"WOR";"Club Friendlies 3";"30-06-2026 21:00";"NS";"Odra Opole";"";"";"Pardubice";"";"";"74 | 66";"27 | 44";"";"42 | 51";"1.4 | 1.7";"44 | 47";"12.9 | 7.7";"";"";"";"40 | 50";"20 | 20";"40 | 30";"47 | 57";"60 | 70";"80 | 80";"60 | 50";"0x2 | 1x2";"25.2";"0.8 | 1.3";"0.9 | 1.1";"2";"50 | 51";"1 | 2";"10 | 10";"10.3 | 11.8";"15.8 | 12.6";"8.3";"4.1 | 4.4";"3.8 | 4.3";"1.4 | 1.7";"1.7 | 1.9";"3.4";"2.1"
"World";"WOR";"Club Friendlies 3";"30-06-2026 21:00";"NS";"Correcaminos UAT";"";"";"Necaxa";"";"";"35 | 56";"41 | 34";"";"47 | 44";"0.8 | 0.9";"46 | 39";"7.6 | 8.8";"10";"10 | 50";"40";"20 | 20";"20 | 30";"60 | 50";"27 | 30";"40 | 50";"80 | 70";"80 | 80";"1x3 | 0x0";"26";"1.2 | 1";"2 | 1.4";"2.8";"45 | 49";"1 | 2";"10 | 10";"9.1 | 11.1";"14.7 | 17.1";"9";"6.4 | 5.1";"3.2 | 3.2";"3.3 | 2.8";"3.2 | 1.9";"5.6";"2.1"
"World";"WOR";"Club Friendlies 3";"30-06-2026 21:00";"NS";"Mačva Šabac";"";"";"Novi Pazar";"";"";"84 | 28";"41 | 34";"";"58 | 47";"2 | 0.6";"45 | 48";"7.8 | 8.1";"4";"25 | 50";"25";"60 | 10";"20 | 30";"20 | 60";"67 | 20";"80 | 40";"80 | 70";"40 | 90";"0x2 | 2x0";"19";"1.2 | 1";"0.6 | 2.2";"2.5";"53 | 49";"1 | 2";"10 | 10";"9.3 | 11.6";"5.9 | 11.2";"7.3";"2.3 | 3.6";"4.5 | 4.2";"2.7 | 2.3";"2.3 | 1.9";"4.6";"2.1"
"World";"WOR";"Club Friendlies 3";"30-06-2026 21:00";"NS";"Botev Plovdiv";"";"";"Spartak Varna";"";"";"70 | 63";"65 | 37";"";"57 | 46";"1.6 | 1.4";"60 | 46";"6.5 | 8.6";"10";"50 | 40";"10";"50 | 40";"10 | 20";"40 | 40";"53 | 47";"60 | 60";"90 | 80";"50 | 60";"1x2 | 2x1";"21.8";"1.9 | 1.1";"1 | 1.2";"2.6";"55 | 48";"1 | 2";"10 | 10";"12.4 | 9.5";"8.5 | 13.2";"10.2";"3.8 | 6.3";"6 | 4.3";"2.3 | 2.6";"1.5 | 2.6";"4.5";"2.1"
"World";"WOR";"Club Friendlies 3";"30-06-2026 21:00";"NS";"Chrobry Głogów";"";"";"Falubaz Zielona Góra";"";"";"56 | 100";"41 | 61";"";"46 | 58";"1.2 | 2.3";"43 | 57";"8.2 | 7.3";"";"";"";"30 | 70";"30 | 20";"40 | 10";"40 | 77";"60 | 90";"70 | 80";"70 | 30";"1x1 | 0x0";"22.1";"1.2 | 1.8";"1.4 | 0.4";"2.4";"48 | 56";"1 | 2";"10 | 10";"9.8 | 13.2";"13 | 8.1";"7.8";"4.3 | 2.2";"3.8 | 5.4";"1.8 | 1.7";"1.7 | 2.4";"3.8";"2.1"
"World";"WOR";"Club Friendlies 3";"30-06-2026 21:00";"NS";"Katowice";"";"";"Piast Gliwice";"";"";"60 | 49";"92 | 44";"";"48 | 57";"1.8 | 0.9";"49 | 60";"4.4 | 8.8";"10";"10 | 40";"50";"40 | 20";"60 | 30";"0 | 50";"60 | 30";"100 | 50";"40 | 70";"60 | 80";"1x1 | 2x0";"27.4";"2.7 | 1.3";"1.3 | 1.6";"3.4";"45 | 56";"1 | 2";"10 | 10";"14 | 15.9";"16.6 | 8.2";"10.2";"4.9 | 3.9";"6.6 | 5.2";"1.2 | 2.3";"1.8 | 1.5";"3.4";"2.1"
"World";"WOR";"Club Friendlies 3";"30-06-2026 21:00";"NS";"Katowice";"";"";"Miedź Legnica";"";"";"60 | 60";"92 | 31";"";"48 | 52";"1.8 | 1.4";"49 | 61";"4.4 | 16.1";"10";"20 | 50";"30";"40 | 40";"60 | 20";"0 | 40";"60 | 47";"100 | 60";"40 | 80";"60 | 60";"1x1 | 0x1";"28.1";"2.7 | 0.9";"1.3 | 1.3";"3.1";"45 | 52";"1 | 2";"10 | 10";"14 | 14.5";"16.6 | 11.1";"9.6";"4.9 | 4.3";"6.6 | 3.5";"1.2 | 1.2";"1.8 | 2.1";"3.2";"2.1"
"World";"WOR";"Club Friendlies 3";"30-06-2026 21:00";"NS";"Viktoria Plzeň";"";"";"Spartak Trnava";"";"";"74 | 66";"58 | 51";"";"60 | 52";"1.8 | 1.6";"59 | 42";"7.9 | 6.2";"";"";"";"50 | 50";"30 | 10";"20 | 40";"60 | 53";"80 | 60";"70 | 90";"50 | 50";"0x0 | 0x3";"25.4";"1.7 | 1.5";"0.9 | 1.1";"2.6";"58 | 54";"1 | 2";"10 | 10";"17.9 | 11.9";"9.6 | 11.5";"8.7";"3.2 | 3.6";"6.6 | 4";"1.2 | 3.3";"2 | 2.3";"4.4";"2.1"
"World";"WOR";"Club Friendlies 3";"30-06-2026 21:00";"CANCELLED";"Arsenal Česká Lípa";"";"";"Erzgebirge Aue";"";"";"66 | 49";"100 | 71";"";"63 | 40";"2.7 | 1.6";"62 | 39";"3.4 | 4.5";"";"";"";"90 | 40";"0 | 40";"10 | 20";"90 | 53";"90 | 80";"100 | 60";"10 | 60";"3x2 | 2x2";"20.6";"3.3 | 2.1";"1.1 | 1.6";"4.1";"58 | 43";"1 | 2";"10 | 10";"11.3 | 9.4";"6 | 14.5";"9.4";"2.6 | 5.8";"5.6 | 4.9";"1.2 | 1.5";"1.8 | 1.4";"3";"2.1"
"World";"WOR";"Club Friendlies 3";"30-06-2026 21:00";"CANCELLED";"Baník Ostrava";"";"";"Hanácká";"";"";"74 | 84";"54 | 51";"";"58 | 48";"1.3 | 1.8";"54 | 42";"6.7 | 5.9";"4";"75 | 0";"25";"40 | 50";"10 | 30";"50 | 20";"43 | 60";"50 | 80";"90 | 70";"60 | 50";"1x2 | 0x2";"19.7";"1.6 | 1.5";"0.9 | 0.6";"2.3";"55 | 47";"1 | 2";"10 | 10";"14.8 | 8.9";"7.3 | 8.4";"7.6";"2.9 | 3.5";"5.3 | 3.6";"1.7 | 2.1";"2.5 | 1.5";"3.9";"2.1"
"Brazil";"BRA";"Brasileiro U17";"30-06-2026 15:00";"NS";"Vitória U17";"";"";"Vasco da Gama U17";"";"";"42 | 63";"14 | 41";"";"";"0.6 | 1.5";"";"";"";"";"";"20 | 40";"0 | 30";"80 | 30";"20 | 50";"20 | 70";"100 | 70";"80 | 60";"0x1 | 0x1";"";"0.4 | 1.2";"1.8 | 1.2";"2.3";"";"18 | 13";"5 | 10";"";"";"";"";"";"";"";"";""
"Brazil";"BRA";"Brasileiro U17";"30-06-2026 15:00";"NS";"Botafogo U17";"";"";"Atlético Mineiro U17";"";"";"0 | 52";"34 | 68";"";"";"0.6 | 1.6";"";"";"3";"0 | 33";"67";"10 | 40";"30 | 40";"60 | 20";"20 | 53";"40 | 80";"70 | 60";"90 | 60";"1x1 | 1x1";"";"1 | 2";"3 | 1.5";"3.8";"";"17 | 12";"10 | 10";"";"";"";"";"";"";"";"";""
"Brazil";"BRA";"Brasileiro U17";"30-06-2026 15:00";"NS";"Santos U17";"";"";"Corinthians U17";"";"";"38 | 70";"34 | 92";"";"";"1.1 | 2";"";"10.8 | 4.4";"5";"40 | 60";"0";"30 | 60";"20 | 20";"50 | 20";"37 | 67";"50 | 80";"80 | 80";"70 | 40";"1x0 | 1x1";"27.5";"1 | 2.7";"1.9 | 1";"3.3";"56 | 46";"11 | 4";"10 | 10";"16 | 15.8";"10.2 | 13";"10.6";"5.2 | 5.4";"5 | 5.6";"";"";"";""
"Brazil";"BRA";"Brasileiro U17";"30-06-2026 15:00";"NS";"Flamengo U17";"";"";"Juventude U17";"";"";"56 | 38";"41 | 37";"";"";"0.8 | 1";"";"";"";"";"";"20 | 30";"20 | 10";"60 | 60";"27 | 33";"40 | 40";"80 | 90";"80 | 70";"1x1 | 2x0";"";"1.2 | 1.1";"1.4 | 1.9";"2.8";"";"19 | 9";"10 | 10";"";"";"";"";"";"";"";"";""
"Brazil";"BRA";"Brasileiro U17";"30-06-2026 15:00";"NS";"Internacional U17";"";"";"Fluminense U17";"";"";"18 | 84";"48 | 68";"";"";"0.8 | 2.4";"";"8.4 | 5.3";"3";"0 | 67";"33";"20 | 70";"20 | 30";"60 | 0";"27 | 80";"40 | 100";"80 | 70";"80 | 30";"1x2 | 0x1";"29.4";"1.4 | 2";"2.5 | 0.6";"3.2";"43 | 51";"16 | 2";"10 | 10";"15 | 14";"15.3 | 14.6";"12.1";"7.7 | 5";"6 | 5.6";"3 | 2";"3 | 1.7";"4.8";""
"Brazil";"BRA";"Brasileiro U17";"30-06-2026 15:00";"NS";"Grêmio U17";"";"";"Atlético GO U17";"";"";"60 | 2";"65 | 20";"";"";"2 | 0.1";"";"5.5 | 9.5";"4";"50 | 50";"0";"60 | 0";"20 | 10";"20 | 90";"67 | 3";"80 | 10";"80 | 90";"40 | 100";"2x1 | 2x0";"27.2";"1.9 | 0.6";"1.3 | 3.6";"3.7";"54 | 40";"10 | 20";"10 | 10";"14.2 | 8.7";"11 | 20.5";"11.6";"4.5 | 10.3";"7 | 1.5";"";"";"";""
"Brazil";"BRA";"Brasileiro U17";"30-06-2026 15:00";"NS";"Fortaleza U17";"";"";"Bahia U17";"";"";"74 | 56";"58 | 54";"";"";"1.8 | 1";"";"";"8";"62 | 12";"25";"50 | 20";"30 | 40";"20 | 40";"60 | 33";"80 | 60";"70 | 60";"50 | 80";"1x1 | 1x0";"";"1.7 | 1.6";"0.9 | 1.4";"2.8";"";"3 | 14";"10 | 10";"";"";"";"";"";"";"";"";""
"Brazil";"BRA";"Brasileiro U17";"30-06-2026 15:00";"NS";"Cruzeiro U17";"";"";"São Paulo U17";"";"";"70 | 49";"82 | 31";"";"";"1.9 | 0.6";"";"";"5";"60 | 20";"20";"60 | 0";"10 | 60";"30 | 40";"63 | 20";"70 | 60";"90 | 40";"40 | 100";"1x2 | 1x1";"";"2.4 | 0.9";"1 | 1.6";"3";"";"6 | 15";"10 | 10";"";"";"";"";"";"";"";"";""
"Brazil";"BRA";"Brasileiro U17";"30-06-2026 16:00";"NS";"Palmeiras U17";"";"";"Athletico PR U17";"";"";"60 | 66";"100 | 78";"";"";"2.2 | 1.9";"";"";"6";"50 | 33";"17";"70 | 50";"10 | 40";"20 | 10";"73 | 63";"80 | 90";"90 | 60";"30 | 50";"0x1 | 1x1";"";"3.7 | 2.3";"1.3 | 1.1";"4.2";"";"1 | 7";"10 | 10";"";"";"";"";"";"";"";"";""