"Country ";"Short";"League ";"Hour";"Status";"Home Team";"Result Home";"Result Visitor";"Visitor Team";"Result Home HT";"Result Visitor HT";"Casa";"Fora";"Casa";"Fora";"Global";"Global";"Global";"Global";"Global";"Global";"Global";"Global";"Casa";"Fora";"Casa";"Fora"
"World";"WOR";"World Cup";"28-06-2026 16:00";"NS";"South Africa";"";"";"Canada";"";"";"2.2";"2.4";"1.8";"2.2";"4.3";"2.6";"85";"60";"35";"25";"2.4";"3.8";"1.6";"1.9";"2";"2.1"
"Brazil";"BRA";"Serie B";"28-06-2026 16:00";"NS";"Juventude";"";"";"Ceará";"";"";"2.2";"2.8";"2.8";"2.4";"5.1";"5.5";"90";"85";"65";"40";"5.1";"4.6";"2.4";"2.2";"2.2";"2.3"
"Brazil";"BRA";"Serie B";"28-06-2026 16:00";"NS";"Atlético GO";"";"";"Ponte Preta";"";"";"2.6";"3.7";"2.2";"2";"5.2";"5.5";"85";"75";"70";"55";"5.1";"4.8";"2.2";"1.8";"2.4";"3.2"
"Brazil";"BRA";"Serie B";"28-06-2026 16:00";"NS";"Athletic Club";"";"";"Avaí";"";"";"2.5";"2.5";"2.2";"2.4";"4.8";"5.5";"90";"80";"60";"35";"5.1";"4.4";"2.2";"2.4";"2.1";"2.2"
"Brazil";"BRA";"Serie B";"28-06-2026 18:30";"NS";"Náutico";"";"";"Goiás";"";"";"2.5";"2.7";"3.6";"2.7";"5.8";"5.5";"100";"95";"60";"55";"5.1";"5.4";"3.2";"2.5";"2.5";"2.5"
"Brazil";"BRA";"Serie B";"28-06-2026 18:30";"NS";"Fortaleza";"";"";"Sport Recife";"";"";"2.9";"2.7";"2.4";"2.9";"5.4";"5.5";"90";"80";"65";"60";"5.1";"5.1";"2.4";"2.7";"2.5";"2.6"
"China";"CHN";"League One";"28-06-2026 08:00";"FT";"Suzhou Dongwu";"1";"2";"Shanghai Jiading Huilong";"0";"2";"1.8";"1.4";"2.1";"1";"3.2";"3.8";"60";"30";"20";"15";"3.7";"3.1";"2.1";"0.9";"1.8";"1.4"
"China";"CHN";"League One";"28-06-2026 09:00";"FT";"Jiangxi Dingnan United";"3";"3";"Wuxi Wugou";"2";"2";"1.7";"1.9";"1.1";"1.7";"3.2";"3.8";"70";"40";"25";"15";"3.7";"3.1";"1.1";"1.6";"1.7";"1.8"
"Finland";"FIN";"Ykkönen";"28-06-2026 10:00";"INPLAY_2ND_HALF";"KPV";"1";"1";"PKKU";"0";"0";"1.5";"2.2";"0.9";"2.6";"3.6";"3.9";"60";"55";"40";"30";"3.7";"3.2";"0.8";"2.2";"1.4";"2.1"
"Finland";"FIN";"Ykkönen";"28-06-2026 12:30";"NS";"OLS";"";"";"KuPS Ak.";"";"";"1.4";"1.6";"2";"2.1";"3.6";"3.9";"74";"58";"26";"21";"3.7";"3.4";"1.9";"1.9";"1.4";"1.6"
"Morocco";"MAR";"Botola Pro";"28-06-2026 14:00";"NS";"Hassania Agadir";"";"";"CR Khemis Zemamra";"";"";"2.6";"1.3";"2";"2.9";"4.4";"5.1";"95";"74";"47";"20";"4.7";"4.2";"1.8";"2.8";"2.4";"1.3"
"Morocco";"MAR";"Botola Pro";"28-06-2026 14:00";"NS";"FUS Rabat";"";"";"RSB Berkane";"";"";"3";"2.5";"2.4";"3";"5.4";"5.1";"95";"85";"47";"36";"4.7";"5.2";"2.3";"2.8";"3";"2.4"
"Morocco";"MAR";"Botola Pro";"28-06-2026 14:00";"NS";"Maghreb Fès";"";"";"Yacoub El Mansour";"";"";"2.9";"2.8";"4.3";"2.7";"6.3";"5.1";"100";"95";"84";"63";"4.7";"6";"3.9";"2.4";"2.8";"2.8"
"Morocco";"MAR";"Botola Pro";"28-06-2026 14:00";"NS";"Wydad Casablanca";"";"";"Olympique Dcheïra";"";"";"2.4";"2.5";"2.4";"2.4";"4.8";"5.1";"90";"80";"55";"40";"4.7";"4.6";"2.3";"2.3";"2.3";"2.4"
"Morocco";"MAR";"Botola Pro";"28-06-2026 14:00";"NS";"FAR Rabat";"";"";"UTS Rabat";"";"";"1.9";"3.2";"2.7";"2.6";"5.2";"5.1";"90";"75";"50";"40";"4.7";"5";"2.7";"2.4";"1.8";"3.1"
"Morocco";"MAR";"Botola Pro";"28-06-2026 14:00";"NS";"Ittihad Tanger";"";"";"Raja Casablanca";"";"";"2.8";"3.6";"2.4";"2.8";"5.8";"5.1";"94";"89";"72";"56";"4.7";"5.4";"2.2";"2.6";"2.8";"3.2"
"Morocco";"MAR";"Botola Pro";"28-06-2026 14:00";"NS";"Olympic Safi";"";"";"CODM Meknès";"";"";"2.8";"2.9";"2.5";"2.4";"5.3";"5.1";"100";"80";"55";"35";"4.7";"5";"2.5";"2.3";"2.6";"2.6"
"Morocco";"MAR";"Botola Pro";"28-06-2026 14:00";"NS";"Difaâ El Jadida";"";"";"Kawkab Marrakech";"";"";"1.8";"2.7";"2";"2.2";"4.4";"5.1";"90";"75";"40";"20";"4.7";"4";"1.9";"2.1";"1.6";"2.4"
"Uruguay";"URU";"Segunda Division";"28-06-2026 12:00";"NS";"River Plate";"";"";"La Luz";"";"";"2.6";"3.2";"3.8";"3.1";"6.4";"6.8";"90";"85";"65";"50";"6.3";"5.9";"3.7";"2.8";"2.3";"3"
"Uruguay";"URU";"Segunda Division";"28-06-2026 15:00";"NS";"Cerrito";"";"";"Plaza Colonia";"";"";"3.7";"3.8";"4.1";"3.7";"7.6";"6.8";"100";"100";"100";"75";"6.3";"7.4";"4";"3.7";"3.4";"3.6"
"Uruguay";"URU";"Segunda Division";"28-06-2026 18:00";"NS";"Oriental";"";"";"Colón";"";"";"2.7";"3.1";"2.8";"2.9";"5.8";"6.8";"95";"85";"70";"45";"6.3";"5.4";"2.8";"2.7";"2.6";"2.8"
"Venezuela";"VEN";"Copa Venezuela";"28-06-2026 17:00";"POSTPONED";"Marítimo";"";"";"Academia Anzoátegui";"";"";"3.9";"2.7";"3.8";"4";"7.2";"";"100";"90";"85";"75";"";"6.8";"3.6";"3.9";"3.8";"2.4"
"Venezuela";"VEN";"Copa Venezuela";"28-06-2026 17:00";"POSTPONED";"Atlético Ávila";"";"";"Deportivo Miranda FC";"";"";"3.1";"2.7";"3.6";"3.9";"6.6";"";"100";"95";"90";"70";"";"6.2";"3.4";"3.6";"3";"2.4"
"Venezuela";"VEN";"Copa Venezuela";"28-06-2026 17:00";"POSTPONED";"Aragua";"";"";"Fundación Lara Deportiva";"";"";"3.4";"3.7";"3.8";"3.8";"7.4";"";"100";"100";"95";"85";"";"7.1";"3.8";"3.5";"3.3";"3.6"
"Venezuela";"VEN";"Copa Venezuela";"28-06-2026 17:00";"POSTPONED";"Yaracuyanos";"";"";"Caracas";"";"";"3.1";"2.5";"3.1";"2";"5.4";"";"90";"75";"70";"55";"";"5.1";"3";"1.9";"2.9";"2.4"
"Venezuela";"VEN";"Copa Venezuela";"28-06-2026 17:00";"POSTPONED";"Bolívar SC";"";"";"Dinamo Puerto La Cruz";"";"";"4.2";"3.7";"3.1";"3.6";"7.2";"";"100";"100";"100";"78";"";"7";"3";"3.6";"3.7";"3.7"
"Venezuela";"VEN";"Copa Venezuela";"28-06-2026 17:00";"POSTPONED";"Monagas";"";"";"Mineros de Guayana";"";"";"2.3";"3";"2.6";"3.2";"5.6";"";"94";"89";"78";"62";"";"5.4";"2.6";"3";"2.1";"3"
"Venezuela";"VEN";"Copa Venezuela";"28-06-2026 17:00";"POSTPONED";"Atlético El Vigía";"";"";"Real Frontera";"";"";"2.4";"3.7";"2.8";"2.1";"5.5";"";"84";"84";"74";"63";"";"5.2";"2.7";"2.1";"2.2";"3.4"
"Venezuela";"VEN";"Copa Venezuela";"28-06-2026 17:00";"POSTPONED";"Atlético Barinas";"";"";"Zamora Fútbol Club";"";"";"1.9";"3.6";"2.8";"3";"5.6";"";"90";"85";"75";"55";"";"5.5";"2.7";"2.9";"1.9";"3.5"
"Venezuela";"VEN";"Copa Venezuela";"28-06-2026 17:00";"POSTPONED";"Trujillanos";"";"";"Ureña";"";"";"3.1";"1.7";"3";"3";"5.4";"";"84";"74";"57";"47";"";"5.1";"2.9";"2.6";"3";"1.7"
"Venezuela";"VEN";"Copa Venezuela";"28-06-2026 17:00";"POSTPONED";"Deportivo Lara";"";"";"Rayo Zuliano";"";"";"3";"3.2";"2.5";"2.8";"5.8";"";"95";"85";"75";"60";"";"5.6";"2.5";"2.8";"2.9";"3"
"Argentina";"ARG";"Torneo Promocional Amateur";"28-06-2026 10:00";"INPLAY_2ND_HALF";"Atlético Pilar";"0";"2";"SAT Moreno";"0";"1";"3.5";"2";"3.5";"4";"6.5";"6.3";"100";"100";"100";"100";"5.8";"6";"3.5";"3.5";"3.5";"1.5"
"Argentina";"ARG";"Torneo Promocional Amateur";"28-06-2026 15:00";"NS";"Alumni Los Hornos";"";"";"Las Mandarinas";"";"";"3.6";"3.3";"3.2";"2.3";"6.2";"6.3";"100";"100";"74";"74";"5.8";"5.6";"2.8";"2";"3";"3.3"
"Argentina";"ARG";"Torneo Promocional Amateur";"28-06-2026 15:00";"NS";"Control Orientado";"";"";"Barrancas UMET";"";"";"";"2.2";"";"2.5";"";"6.3";"";"";"";"";"5.8";"";"";"2.3";"";"2.2"
"Argentina";"ARG";"Torneo Promocional Amateur";"28-06-2026 15:30";"NS";"Belgrano Zarate";"";"";"Ezeiza";"";"";"3";"3.4";"3.3";"3.3";"6.5";"6.3";"100";"100";"93";"69";"5.8";"6";"3";"2.9";"3";"3.3"
"Brazil";"BRA";"Carioca C";"28-06-2026 14:45";"POSTPONED";"Vera Cruz RJ";"";"";"CAAC Brasil";"";"";"2.8";"3.1";"5";"1.9";"6.4";"5.8";"93";"86";"70";"63";"5.4";"6";"4.5";"1.9";"2.5";"3"
"Brazil";"BRA";"Carioca C";"28-06-2026 14:45";"POSTPONED";"Barcelona RJ";"";"";"Búzios";"";"";"2.8";"4.2";"2.4";"1.8";"5.6";"5.8";"90";"82";"64";"45";"5.4";"5.2";"2.4";"1.8";"2.4";"3.8"
"Brazil";"BRA";"Carioca C";"28-06-2026 14:45";"POSTPONED";"Cardoso Moreira";"";"";"Independente RJ";"";"";"1";"3";"2";"2.3";"4.2";"5.8";"84";"66";"34";"16";"5.4";"4";"2";"2";"1";"3"
"Brazil";"BRA";"Carioca C";"28-06-2026 14:45";"POSTPONED";"Bréscia";"";"";"EC Resende";"";"";"2.3";"1.2";"2.7";"3.8";"5";"5.8";"100";"64";"46";"36";"5.4";"4.8";"2.3";"3.6";"2.3";"1.2"
"Brazil";"BRA";"Carioca C";"28-06-2026 14:45";"POSTPONED";"Tigres do Brasil";"";"";"União Central";"";"";"3";"4";"3.5";"3.7";"7.1";"5.8";"92";"83";"75";"75";"5.4";"6.4";"3.3";"3.3";"2.5";"3.7"
"Canada";"CAN";"Premier League";"28-06-2026 20:00";"NS";"Cavalry";"";"";"Supra du Québec";"";"";"2";"2.4";"2.5";"1.6";"4.2";"4.2";"85";"60";"40";"30";"4";"4";"2.3";"1.5";"2";"2.2"
"Chile";"CHI";"Chilean Cup";"28-06-2026 13:30";"NS";"Cobresal";"";"";"Antofagasta";"";"";"2.3";"2.7";"1.6";"3";"4.8";"4";"90";"80";"65";"35";"3";"4.7";"1.5";"2.9";"2.3";"2.7"
"Chile";"CHI";"Chilean Cup";"28-06-2026 13:30";"NS";"La Serena";"";"";"Cobreloa";"";"";"2.2";"2.9";"2";"3.2";"5.2";"4";"90";"80";"60";"40";"3";"4.8";"1.9";"3";"2";"2.7"
"Chile";"CHI";"Chilean Cup";"28-06-2026 16:00";"NS";"Huachipato";"";"";"Deportes Temuco";"";"";"2.5";"2.1";"2.9";"2.2";"4.8";"4";"90";"75";"60";"45";"3";"4.5";"2.5";"2.1";"2.3";"2.1"
"Chile";"CHI";"Chilean Cup";"28-06-2026 16:00";"NS";"Unión La Calera";"";"";"Santiago Wanderers";"";"";"2.6";"3.3";"3.1";"3.8";"6.4";"4";"95";"85";"75";"65";"3";"6";"3";"3.4";"2.3";"3.3"
"Chile";"CHI";"Chilean Cup";"28-06-2026 17:00";"NS";"Curicó Unido";"";"";"Univ. Concepción";"";"";"2.8";"3.2";"2.6";"2.9";"5.8";"4";"95";"85";"75";"60";"3";"5.6";"2.6";"2.8";"2.7";"3"
"Chile";"CHI";"Chilean Cup";"28-06-2026 18:00";"NS";"O'Higgins";"";"";"Recoleta";"";"";"2.9";"2.4";"1.8";"3";"5.1";"4";"90";"70";"55";"40";"3";"4.8";"1.8";"2.9";"2.5";"2.4"
"Chile";"CHI";"Chilean Cup";"28-06-2026 18:00";"NS";"Rangers";"";"";"Ñublense";"";"";"2.9";"2.3";"2.2";"2.2";"4.8";"4";"95";"85";"65";"25";"3";"4.6";"2.2";"2";"2.8";"2.1"
"Chile";"CHI";"Chilean Cup";"28-06-2026 18:30";"NS";"Universidad Chile";"";"";"Unión San Felipe";"";"";"2.9";"2.1";"3";"1.5";"4.8";"4";"85";"65";"50";"35";"3";"4.4";"2.8";"1.4";"2.8";"1.9"
"Chile";"CHI";"Chilean Cup";"28-06-2026 21:00";"NS";"Puerto Montt";"";"";"Concepcion";"";"";"2.6";"2.3";"2.5";"2.8";"5.1";"4";"85";"80";"65";"40";"3";"4.4";"2";"2.6";"2.3";"1.9"
"Chile";"CHI";"Segunda División";"28-06-2026 16:00";"NS";"General Velásquez";"";"";"Lota Schwager";"";"";"3.7";"3.5";"3.4";"2.8";"6.7";"6.6";"100";"90";"85";"65";"5.9";"5.8";"3";"2.5";"3";"3.2"
"Chile";"CHI";"Segunda División";"28-06-2026 16:00";"NS";"Santiago Morning";"";"";"Deportes Linares";"";"";"3.8";"3.2";"3.1";"3.2";"6.6";"6.6";"90";"90";"85";"70";"5.9";"6";"3";"2.8";"3.2";"3"
"Chile";"CHI";"Segunda División";"28-06-2026 16:00";"NS";"Brujas de Salamanca";"";"";"Real San Joaquín";"";"";"3.6";"2.9";"4";"3.5";"7";"6.6";"95";"95";"90";"75";"5.9";"6";"3.3";"3";"2.9";"2.8"
"Europe";"EUR";"Euro U19";"28-06-2026 14:00";"NS";"Wales U19";"";"";"Spain U19";"";"";"1.7";"2.4";"1.1";"2.9";"4";"";"73";"51";"30";"30";"";"4";"1.1";"2.9";"1.6";"2.4"
"Europe";"EUR";"Euro U19";"28-06-2026 16:00";"NS";"Germany U19";"";"";"Denmark U19";"";"";"2";"1.4";"1.7";"2.9";"4";"";"72";"51";"34";"29";"";"4";"1.7";"2.9";"2";"1.4"
"Argentina";"ARG";"Primera C";"28-06-2026 13:00";"NS";"Sportivo Barracas";"";"";"Luján";"";"";"2.9";"2.6";"4";"2.9";"6.2";"6.4";"90";"74";"64";"64";"5.8";"5.8";"3.9";"2.5";"2.8";"2.5"
"Argentina";"ARG";"Primera C";"28-06-2026 15:00";"NS";"Puerto Nuevo";"";"";"Victoriano Arenas";"";"";"2.8";"2.4";"3.5";"2.5";"5.6";"6.4";"95";"95";"75";"45";"5.8";"5.2";"3";"2.4";"2.6";"2.4"
"Argentina";"ARG";"Primera C";"28-06-2026 15:00";"NS";"Leandro Nicéforo Alem";"";"";"Berazategui";"";"";"3.3";"3.2";"3.3";"3.3";"6.6";"6.4";"100";"94";"84";"58";"5.8";"5.8";"2.9";"2.9";"2.8";"3"
"Argentina";"ARG";"Primera C";"28-06-2026 15:00";"NS";"Defensores de Cambaceres";"";"";"Estrella del Sur";"";"";"3.4";"4";"2.7";"4.4";"7.2";"6.4";"95";"95";"85";"65";"5.8";"6.5";"2.7";"4";"2.9";"3.4"
"Argentina";"ARG";"Primera B Metropolitana";"28-06-2026 13:00";"NS";"Liniers";"";"";"Villa San Carlos";"";"";"2.3";"3.7";"2.7";"2.9";"5.8";"5.9";"90";"80";"70";"60";"5.6";"5.4";"2.6";"2.6";"2.1";"3.6"
"Argentina";"ARG";"Primera B Metropolitana";"28-06-2026 13:00";"NS";"UAI Urquiza";"";"";"Sportivo Italiano";"";"";"2.6";"2.9";"2.3";"2.8";"5.3";"5.9";"90";"75";"60";"45";"5.6";"5.1";"2.1";"2.7";"2.5";"2.9"
"Argentina";"ARG";"Primera B Metropolitana";"28-06-2026 13:00";"NS";"Deportivo Laferrere";"";"";"Argentino Quilmes";"";"";"2.8";"2.5";"2.6";"2.9";"5.4";"5.9";"100";"85";"60";"45";"5.6";"5";"2.5";"2.6";"2.4";"2.4"
"Argentina";"ARG";"Primera B Metropolitana";"28-06-2026 15:00";"NS";"Arsenal de Sarandí";"";"";"Dock Sud";"";"";"3.8";"2.7";"4.2";"2.6";"6.6";"5.9";"95";"85";"70";"70";"5.6";"6.2";"4";"2.4";"3.4";"2.5"
"Argentina";"ARG";"Primera B Metropolitana";"28-06-2026 15:00";"NS";"Argentino Merlo";"";"";"Comunicaciones";"";"";"3.7";"2.7";"2.4";"2.8";"5.8";"5.9";"95";"80";"70";"65";"5.6";"5.4";"2.3";"2.2";"3.6";"2.6"
"Argentina";"ARG";"Torneo Federal A";"28-06-2026 15:00";"NS";"Independiente Chivilcoy";"";"";"Douglas Haig";"";"";"2";"2.4";"2.3";"2.1";"4.4";"4.7";"75";"60";"45";"25";"4.4";"4.1";"2.1";"2.1";"1.8";"2.2"
"Argentina";"ARG";"Torneo Federal A";"28-06-2026 15:00";"NS";"El Linqueño";"";"";"Sportivo Belgrano";"";"";"2.6";"2.6";"1.5";"2.3";"4.5";"4.7";"85";"65";"65";"20";"4.4";"4.3";"1.4";"2.2";"2.4";"2.6"
"Argentina";"ARG";"Torneo Federal A";"28-06-2026 15:00";"NS";"Sol de América";"";"";"San Martín Formosa";"";"";"2.1";"2.1";"2.6";"3.2";"5";"4.7";"90";"65";"55";"45";"4.4";"4.6";"2.4";"2.8";"2";"2.1"
"Argentina";"ARG";"Torneo Federal A";"28-06-2026 15:00";"NS";"Germinal de Rawson";"";"";"Deportivo Santamarina";"";"";"4.1";"3.3";"1.9";"1.6";"5.4";"4.7";"90";"84";"74";"48";"4.4";"5";"1.6";"1.5";"3.9";"3"
"Argentina";"ARG";"Torneo Federal A";"28-06-2026 15:00";"NS";"Villa Mitre";"";"";"Alvarado";"";"";"1.9";"1.7";"3.8";"3.5";"5.4";"4.7";"95";"70";"60";"60";"4.4";"5.2";"3.6";"3.4";"1.9";"1.5"
"Argentina";"ARG";"Torneo Federal A";"28-06-2026 15:00";"NS";"Circulo Deportivo";"";"";"Olimpo";"";"";"2.5";"2";"2.9";"2.5";"5";"4.7";"90";"85";"55";"30";"4.4";"4.8";"2.9";"2.5";"2.4";"1.9"
"Argentina";"ARG";"Torneo Federal A";"28-06-2026 15:00";"NS";"Kimberley Mar del Plata";"";"";"Guillermo Brown";"";"";"2.6";"1.6";"2.6";"1.6";"4.2";"4.7";"89";"48";"36";"20";"4.4";"3.9";"2.2";"1.6";"2.6";"1.4"
"Argentina";"ARG";"Torneo Federal A";"28-06-2026 15:30";"NS";"Escobar FC";"";"";"Gimnasia Concepción";"";"";"2.1";"2.7";"3.3";"2.1";"5.1";"4.7";"95";"75";"70";"35";"4.4";"4.7";"2.9";"2";"2";"2.5"
"Argentina";"ARG";"Torneo Federal A";"28-06-2026 15:30";"NS";"Juventud Antoniana";"";"";"Defensores Pto. Vilelas";"";"";"3.1";"2.4";"3.1";"3";"5.8";"4.7";"90";"85";"75";"60";"4.4";"5.4";"2.8";"2.8";"2.9";"2.3"
"Argentina";"ARG";"Torneo Federal A";"28-06-2026 15:30";"NS";"Costa Brava";"";"";"San Martín Mendoza";"";"";"2.6";"2.8";"3.9";"2.4";"5.8";"4.7";"95";"75";"65";"60";"4.4";"5.3";"3.3";"2.2";"2.4";"2.7"
"Argentina";"ARG";"Torneo Federal A";"28-06-2026 16:00";"NS";"9 de Julio Rafaela";"";"";"Gimnasia Chivilcoy";"";"";"2";"2.2";"2.1";"3.7";"5";"4.7";"82";"76";"65";"36";"4.4";"4.4";"1.9";"3.2";"1.6";"2.2"
"Argentina";"ARG";"Torneo Federal A";"28-06-2026 16:00";"NS";"Sarmiento de La Banda";"";"";"Bartolomé Mitre";"";"";"1.9";"1.9";"2.3";"2.4";"4.2";"4.7";"85";"70";"40";"20";"4.4";"4.2";"2.3";"2.4";"1.8";"1.8"
"Argentina";"ARG";"Torneo Federal A";"28-06-2026 16:00";"NS";"Sarmiento Resistencia";"";"";"Tucumán Central";"";"";"2.6";"3.7";"2";"2.8";"5.6";"4.7";"90";"80";"70";"60";"4.4";"5.1";"1.8";"2.6";"2.6";"3.1"
"Argentina";"ARG";"Reserve League";"28-06-2026 11:00";"INPLAY_1ST_HALF";"Vélez Sársfield Res.";"1";"0";"Newell's Old Boys Res.";"1";"0";"2.3";"1.7";"3.5";"2.2";"4.8";"5.2";"80";"65";"45";"40";"4.9";"4.6";"3.2";"2.2";"2.1";"1.7"
"Argentina";"ARG";"Reserve League";"28-06-2026 14:00";"NS";"Boca Juniors Res.";"";"";"Atlético Tucumán Res.";"";"";"1.6";"2.3";"2.7";"2.7";"4.6";"5.2";"80";"75";"55";"35";"4.9";"4.3";"2.4";"2.7";"1.4";"2.1"
"Argentina";"ARG";"Copa Santa Fe";"28-06-2026 15:00";"NS";"Argentino Rosario";"";"";"Union Arroyo Seco";"";"";"3.7";"";"4.3";"";"";"5.5";"";"";"";"";"5";"";"4";"";"3.3";""
"Argentina";"ARG";"Copa Santa Fe";"28-06-2026 15:30";"NS";"Náutico El Quillá";"";"";"Atlético Tostado";"";"";"";"";"";"";"";"5.5";"";"";"";"";"5";"";"";"";"";""
"Argentina";"ARG";"Copa Santa Fe";"28-06-2026 16:00";"NS";"Atlético Rafaela";"";"";"Sportivo Suardi";"";"";"3";"";"1.4";"";"";"5.5";"";"";"";"";"5";"";"1.2";"";"2.8";""
"Argentina";"ARG";"Copa Santa Fe";"28-06-2026 16:00";"NS";"Atlético Brown";"";"";"Sanjustino";"";"";"";"";"";"";"";"5.5";"";"";"";"";"5";"";"";"";"";""
"Australia";"AUS";"Queensland Premier League 3 Metro";"28-06-2026 02:00";"FT";"Logan Roos";"1";"1";"Yeronga Eagles";"1";"0";"2.1";"0.6";"1.6";"1.8";"3";"3.8";"54";"38";"26";"5";"3.5";"2.7";"1.5";"1.6";"1.8";"0.5"
"Australia";"AUS";"Queensland Premier League 3 Metro";"28-06-2026 04:00";"FT";"Redcliffe PCYC";"2";"4";"Mt Gravatt Hawks";"0";"3";"1.5";"2.9";"1.8";"1.6";"3.8";"3.8";"66";"40";"34";"14";"3.5";"3.6";"1.6";"1.6";"1.1";"2.7"
"Australia";"AUS";"Queensland Premier League 3 Metro";"28-06-2026 04:00";"FT";"North Brisbane";"2";"0";"Ipswich Knights";"1";"0";"2.5";"2";"0.6";"1.9";"3.5";"3.8";"93";"34";"22";"7";"3.5";"3.2";"0.5";"1.6";"2.4";"2"
"Australia";"AUS";"Capital Territory";"28-06-2026 02:00";"FT";"Canberra FC";"1";"2";"Tuggeranong United";"1";"1";"1.4";"0.5";"2.7";"1";"2.8";"3.7";"50";"25";"25";"20";"3.5";"2.5";"2.4";"0.8";"1.3";"0.5"
"Australia";"AUS";"Capital Territory";"28-06-2026 02:00";"FT";"Gungahlin Juventus";"2";"0";"Brindabella Blues";"0";"0";"1.7";"1.6";"3.1";"1.2";"3.8";"3.7";"75";"55";"25";"10";"3.5";"3.6";"2.9";"1.2";"1.7";"1.4"
"Australia";"AUS";"New South Wales";"28-06-2026 02:00";"FT";"Marconi Stallions";"2";"0";"Blacktown City";"1";"0";"1.7";"1.4";"2.4";"1.5";"3.5";"3.7";"64";"38";"22";"16";"3.5";"3.2";"2.1";"1.4";"1.7";"1.3"
"Australia";"AUS";"New South Wales";"28-06-2026 03:15";"FT";"APIA Leichhardt Tigers";"0";"2";"Rockdale Ilinden FC";"0";"1";"1.2";"2";"1.8";"1.2";"3.1";"3.7";"52";"42";"32";"21";"3.5";"3";"1.8";"1.1";"1.2";"1.9"
"Australia";"AUS";"Npl Tasmania";"28-06-2026 01:30";"FT";"Kingborough Lions";"2";"1";"Devonport City";"1";"0";"1.6";"1.9";"2.6";"2.3";"4.1";"3.4";"93";"64";"36";"28";"3.3";"4.1";"2.6";"2.3";"1.6";"1.9"
"Australia";"AUS";"Npl Tasmania";"28-06-2026 01:30";"FT";"Launceston City";"1";"0";"South East United";"0";"0";"1.2";"2.4";"2.3";"1.4";"3.7";"3.4";"64";"58";"24";"24";"3.3";"3.6";"2.3";"1.2";"1.2";"2.4"
"Australia";"AUS";"Npl Queensland";"28-06-2026 02:00";"FT";"Gold Coast United";"0";"1";"Moreton City Excelsior";"0";"0";"1.3";"1.2";"1.1";"2.3";"3";"3.9";"50";"35";"20";"10";"3.7";"2.9";"1.1";"2.3";"1.2";"1.2"
"Australia";"AUS";"Npl Queensland";"28-06-2026 04:00";"FT";"Queensland Lions";"6";"2";"Wynnum Wolves FC";"2";"0";"1";"1.5";"1.9";"1.3";"2.8";"3.9";"60";"50";"15";"0";"3.7";"2.6";"1.7";"1.3";"1";"1.2"
"Australia";"AUS";"Npl Victoria";"28-06-2026 02:30";"FT";"South Melbourne";"1";"2";"Green Gully";"0";"1";"1.1";"2.3";"1.3";"1.9";"3.3";"3.5";"55";"40";"25";"10";"3.4";"3.2";"1.3";"1.9";"1.1";"2.2"
"Australia";"AUS";"Northern Nsw";"28-06-2026 02:00";"FT";"Broadmeadow Magic";"5";"1";"Weston Workers FC";"1";"1";"1.4";"1.4";"1.6";"1.4";"3";"3.1";"68";"38";"7";"0";"2.9";"2.8";"1.6";"1.3";"1.4";"1.3"
"Australia";"AUS";"Northern Nsw";"28-06-2026 02:00";"DELAYED";"Kahibah";"0";"0";"Maitland";"0";"0";"1.8";"2";"1.6";"1.7";"3.6";"3.1";"80";"48";"20";"13";"2.9";"3.4";"1.6";"1.7";"1.5";"2"
"Australia";"AUS";"Victoria NPL Youth League";"28-06-2026 02:30";"FT";"Heidelberg United U23";"2";"1";"Oakleigh Cannons U23";"1";"1";"2.1";"2";"2.4";"1.5";"4";"3.6";"76";"58";"53";"16";"3.4";"3.8";"2.3";"1.5";"2";"1.9"
"Australia";"AUS";"Brisbane Reserves Premier League";"28-06-2026 00:00";"AWAITING_UPDATES";"Logan Roos U23";"";"";"Yeronga Eagles U23";"";"";"";"";"";"";"";"0";"";"";"";"";"0";"";"";"";"";""
"Australia";"AUS";"Brisbane Reserves Premier League";"28-06-2026 02:00";"AWAITING_UPDATES";"Redcliffe Dolphins U23";"";"";"Mt Gravatt U23";"";"";"";"";"";"";"";"0";"";"";"";"";"0";"";"";"";"";""
"Australia";"AUS";"Brisbane Reserves Premier League";"28-06-2026 02:00";"AWAITING_UPDATES";"North Brisbane U23";"";"";"Ipswich Knights U23";"";"";"";"";"";"";"";"0";"";"";"";"";"0";"";"";"";"";""
"Australia";"AUS";"Northern Territory Premier League";"28-06-2026 03:30";"FT";"Darwin Olympic";"2";"3";"Darwin Hearts";"1";"3";"1.5";"1.3";"0.9";"1.3";"2.6";"2.6";"47";"21";"10";"6";"2.4";"2.5";"0.9";"1.3";"1.4";"1.3"
"Australia";"AUS";"New South Wales NPL Youth League";"28-06-2026 00:00";"FT";"Marconi Stallions U20";"3";"1";"Blacktown City U20";"2";"1";"1.5";"1.6";"1.3";"0.8";"2.6";"3";"47";"15";"5";"5";"2.8";"2.5";"1.3";"0.8";"1.5";"1.4"
"Australia";"AUS";"New South Wales NPL Youth League";"28-06-2026 05:15";"FT";"APIA Leichhardt U20";"1";"2";"Rockdale Ilinden U20";"1";"1";"1.3";"1.4";"1.3";"1.7";"2.8";"3";"53";"32";"16";"6";"2.8";"2.8";"1.2";"1.6";"1.3";"1.4"
"Australia";"AUS";"Queensland Premier League 2";"28-06-2026 03:00";"FT";"Brisbane Knights";"6";"2";"Caloundra";"3";"1";"1.9";"2.6";"1";"1.3";"3.4";"3.4";"60";"42";"31";"18";"3.1";"3.2";"1";"1.3";"1.7";"2.4"
"Australia";"AUS";"Queensland NPL Youth League";"28-06-2026 01:45";"FT";"Lions U23";"4";"0";"Wolves U23";"1";"0";"1.4";"2.3";"0.9";"2.6";"3.6";"2.9";"62";"62";"28";"20";"2.7";"3.4";"0.9";"2.6";"1.4";"2.1"
"Australia";"AUS";"Queensland NPL Youth League";"28-06-2026 03:30";"AWAITING_UPDATES";"Peninsula Power U23";"";"";"Queensland U16";"";"";"1.2";"";"0.8";"";"";"2.9";"";"";"";"";"2.7";"";"0.7";"";"1";""
"Australia";"AUS";"NSW League One Youth";"28-06-2026 05:00";"AWAITING_UPDATES";"Prospect United U20";"";"";"Bulls Academy U20";"";"";"1";"2.5";"1.9";"2";"3.7";"3.1";"46";"46";"40";"32";"2.9";"3.7";"1.9";"2";"1";"2.5"
"Australia";"AUS";"Northern NSW Reserve League";"28-06-2026 00:00";"DELAYED";"Kahibah Res.";"";"";"Maitland Res.";"";"";"1";"1.7";"1";"1.5";"2.6";"2.6";"50";"33";"8";"8";"2.4";"2.5";"1";"1.5";"1";"1.5"
"Australia";"AUS";"Northern NSW Reserve League";"28-06-2026 00:00";"DELAYED";"Broadmeadow Magic Res.";"";"";"Weston Workers Res.";"";"";"1.2";"1.2";"2";"0.8";"2.6";"2.6";"45";"32";"12";"12";"2.4";"2.3";"1.5";"0.8";"1.2";"1"
"Australia";"AUS";"Northern NSW State League 1 Reserves";"28-06-2026 00:00";"AWAITING_UPDATES";"Wallsend Res.";"";"";"Singleton Strikers Res.";"";"";"";"";"";"";"";"";"";"";"";"";"";"";"";"";"";""
"Australia";"AUS";"Northern NSW State League 1 Reserves";"28-06-2026 00:00";"AWAITING_UPDATES";"West Wallsend Res.";"";"";"Newcastle Croatia Res.";"";"";"";"";"";"";"";"";"";"";"";"";"";"";"";"";"";""
"Australia";"AUS";"Northern NSW State League 1 Reserves";"28-06-2026 01:00";"AWAITING_UPDATES";"Lake Macquarie Res.";"";"";"Dudley Redhead Utd Res.";"";"";"";"";"";"";"";"";"";"";"";"";"";"";"";"";"";""
"Australia";"AUS";"New South Wales NPL 2";"28-06-2026 07:00";"FT";"Prospect United";"1";"1";"Bulls Academy";"1";"0";"1.8";"1";"1.7";"1.7";"3";"3.7";"61";"33";"16";"6";"3.6";"2.8";"1.7";"1.4";"1.6";"1"
"Australia";"AUS";"Northern NSW State League 1";"28-06-2026 02:00";"POSTPONED";"Wallsend";"";"";"Singleton Strikers";"";"";"";"";"";"";"";"0";"";"";"";"";"0";"";"";"";"";""
"Australia";"AUS";"Northern NSW State League 1";"28-06-2026 02:00";"AWAITING_UPDATES";"West Wallsend";"";"";"Newcastle Croatia";"";"";"";"";"";"";"";"0";"";"";"";"";"0";"";"";"";"";""
"Australia";"AUS";"Northern NSW State League 1";"28-06-2026 03:00";"AWAITING_UPDATES";"Weston Workers";"";"";"Dudley Redhead Senior";"";"";"";"";"";"";"";"0";"";"";"";"";"0";"";"";"";"";""
"Australia";"AUS";"New South Wales NPL 3";"28-06-2026 04:00";"FT";"Bonnyrigg White Eagles";"2";"3";"Granville Rage";"0";"2";"2";"1.3";"1.2";"2";"3.2";"4";"65";"35";"26";"18";"3.8";"3.1";"1";"2";"2";"1.2"
"Australia";"AUS";"New South Wales NPL 3 Youth";"28-06-2026 02:00";"AWAITING_UPDATES";"Bonnyrigg WE U20";"";"";"Western Rage U20";"";"";"";"";"";"";"";"";"";"";"";"";"";"";"";"";"";""
"Belarus";"BLR";"Vysshaya Liga";"28-06-2026 12:00";"NS";"Dnepr Mogilev";"";"";"Neman Grodno";"";"";"2.2";"1.3";"1.1";"2.1";"3.4";"3.6";"80";"47";"21";"5";"3.5";"3.2";"1.1";"1.9";"2.2";"1.3"
"Belarus";"BLR";"Vysshaya Liga";"28-06-2026 12:30";"NS";"Isloch";"";"";"Belshina";"";"";"1.7";"1.8";"1.3";"1.5";"3.2";"3.6";"65";"45";"20";"5";"3.5";"3";"1.2";"1.5";"1.6";"1.8"
"Belarus";"BLR";"Pershaya Liga";"28-06-2026 08:00";"FT";"Orsha";"0";"4";"Minsk II";"0";"1";"2.4";"2.3";"2.1";"1.5";"4.2";"3.8";"84";"56";"46";"22";"3.7";"4.1";"2";"1.5";"2.4";"2.2"
"Belarus";"BLR";"Pershaya Liga";"28-06-2026 10:00";"INPLAY_2ND_HALF";"FC Ostrovets";"1";"1";"Dinamo Minsk II";"0";"1";"1.9";"1.8";"1.9";"1.8";"3.7";"3.8";"69";"64";"32";"20";"3.7";"3.6";"1.9";"1.7";"1.9";"1.8"
"Belarus";"BLR";"Pershaya Liga";"28-06-2026 12:00";"NS";"BATE II";"";"";"Energetik-BGU";"";"";"2.1";"1.5";"2.2";"1.6";"3.7";"3.8";"68";"43";"32";"27";"3.7";"3.6";"2.2";"1.4";"2.1";"1.5"
"Brazil";"BRA";"Serie C";"28-06-2026 11:00";"INPLAY_1ST_HALF";"Figueirense";"1";"0";"Guarani";"1";"0";"2.2";"3";"2.4";"2.9";"5.2";"5.6";"85";"70";"60";"45";"5.3";"4.9";"2";"2.7";"2.2";"2.9"
"Brazil";"BRA";"Serie C";"28-06-2026 20:30";"NS";"Ypiranga Erechim";"";"";"Confiança";"";"";"2.8";"2";"3";"2.9";"5.4";"5.6";"90";"85";"70";"50";"5.3";"5.2";"2.9";"2.7";"2.8";"1.9"
"Brazil";"BRA";"Serie C";"28-06-2026 20:30";"NS";"Ituano";"";"";"Maranhão";"";"";"3.5";"3.1";"2.7";"2.6";"6";"5.6";"100";"95";"75";"55";"5.3";"5.8";"2.6";"2.6";"3.4";"3"
"Brazil";"BRA";"Serie D";"28-06-2026 15:30";"NS";"Juazeirense";"";"";"Serra Branca";"";"";"3.2";"2.6";"2.5";"2.9";"5.6";"5.6";"95";"95";"70";"60";"5.3";"5.5";"2.5";"2.9";"3.2";"2.4"
"Brazil";"BRA";"Serie D";"28-06-2026 16:00";"NS";"ABC";"";"";"Altos";"";"";"2.6";"2.3";"3.8";"2.3";"5.6";"5.6";"89";"89";"74";"56";"5.3";"5.3";"3.7";"2.3";"2.3";"2.2"
"Brazil";"BRA";"Serie D";"28-06-2026 16:00";"NS";"Cianorte";"";"";"Independiente FSJ";"";"";"3.4";"2.4";"3.5";"2.8";"6.1";"5.6";"95";"90";"80";"65";"5.3";"5.8";"3.4";"2.7";"3.2";"2.3"
"Brazil";"BRA";"Serie D";"28-06-2026 16:00";"NS";"Marcílio Dias";"";"";"Cascavel";"";"";"2.1";"2.4";"2.1";"3.1";"4.9";"5.6";"95";"80";"54";"27";"5.3";"4.7";"2.1";"2.8";"2.1";"2.4"
"Brazil";"BRA";"Serie D";"28-06-2026 16:00";"NS";"Noroeste";"";"";"Portuguesa RJ";"";"";"3.4";"3.9";"2.8";"3.9";"7";"5.6";"100";"100";"90";"80";"5.3";"6.6";"2.7";"3.7";"3.3";"3.6"
"Brazil";"BRA";"Serie D";"28-06-2026 16:30";"NS";"Manauara";"";"";"Independencia";"";"";"2.4";"2.6";"2.2";"2.7";"4.9";"5.6";"85";"75";"50";"50";"5.3";"4.8";"2";"2.7";"2.4";"2.5"
"Brazil";"BRA";"Serie D";"28-06-2026 17:00";"NS";"Ferroviário";"";"";"Central";"";"";"2.7";"2.2";"2.9";"3";"5.4";"5.6";"85";"85";"65";"45";"5.3";"5.1";"2.7";"2.8";"2.5";"2.2"
"Brazil";"BRA";"Serie D";"28-06-2026 17:00";"NS";"Nacional AM";"";"";"Araguaína";"";"";"2.5";"2.6";"2.7";"2.6";"5.2";"5.6";"90";"75";"65";"45";"5.3";"4.8";"2.5";"2.5";"2.3";"2.3"
"Brazil";"BRA";"Serie D";"28-06-2026 17:00";"NS";"Treze";"";"";"Jacuipense";"";"";"1.8";"2.4";"2.7";"2.3";"4.6";"5.6";"85";"75";"60";"35";"5.3";"4.4";"2.5";"2.3";"1.7";"2.3"
"Brazil";"BRA";"Serie D";"28-06-2026 17:00";"NS";"Porto Velho";"";"";"São Raimundo RR";"";"";"3.3";"1.6";"2.1";"2.4";"4.7";"5.6";"84";"59";"54";"37";"5.3";"4.4";"1.9";"2.2";"3.2";"1.5"
"Brazil";"BRA";"Serie D";"28-06-2026 18:00";"NS";"Luverdense";"";"";"Ceilândia";"";"";"3";"3.1";"1.9";"3";"5.5";"5.6";"95";"80";"70";"55";"5.3";"5.4";"1.8";"2.9";"2.9";"3.1"
"Brazil";"BRA";"Serie D";"28-06-2026 18:00";"NS";"Guaporé";"";"";"Monte Roraima";"";"";"2.1";"3.2";"2.3";"2.8";"5.2";"5.6";"84";"73";"68";"57";"5.3";"4.8";"2";"2.7";"1.9";"3.1"
"Brazil";"BRA";"Mineiro 2";"28-06-2026 10:00";"INPLAY_2ND_HALF";"CAP Patrocinense";"0";"0";"Uberaba";"0";"0";"2.4";"3.4";"1.9";"3.3";"5.5";"5.2";"81";"81";"75";"52";"5.1";"5.4";"1.9";"3.1";"2.2";"3.4"
"Brazil";"BRA";"Mineiro 2";"28-06-2026 10:00";"INPLAY_2ND_HALF";"Aymorés";"0";"1";"Valeriodoce";"0";"1";"2.8";"3.3";"2.3";"2.9";"5.6";"5.2";"88";"80";"64";"45";"5.1";"5.3";"2.3";"2.6";"2.7";"3"
"Brazil";"BRA";"Mineiro 2";"28-06-2026 10:30";"INPLAY_1ST_HALF";"Boa";"0";"0";"Mamoré";"0";"0";"2";"2.6";"2.4";"2.3";"4.6";"5.2";"73";"66";"54";"34";"5.1";"4.6";"2.4";"2.3";"2";"2.4"
"Brazil";"BRA";"Paulista Série B";"28-06-2026 10:00";"INPLAY_2ND_HALF";"Osasco Audax";"0";"0";"Flamengo SP";"0";"0";"3.9";"3.9";"2.3";"2.6";"6.3";"5.9";"100";"84";"78";"67";"5.4";"5.6";"2.1";"2.1";"3.3";"3.6"
"Brazil";"BRA";"Paulista Série B";"28-06-2026 10:00";"INPLAY_2ND_HALF";"Tupã";"0";"0";"Independente SP";"0";"0";"2.7";"2.8";"2.8";"3.3";"5.8";"5.9";"89";"89";"67";"62";"5.4";"4.8";"2.3";"3";"2.2";"2"
"Brazil";"BRA";"Paulista Série B";"28-06-2026 15:00";"NS";"Santacruzense";"";"";"América SP";"";"";"2.4";"2.5";"3.1";"2.8";"5.4";"5.9";"88";"88";"68";"50";"5.4";"5";"2.9";"2.4";"2.2";"2.5"
"Brazil";"BRA";"Paulista Série B";"28-06-2026 15:00";"NS";"Paulínia FU";"";"";"Itaquaquecetuba";"";"";"2.2";"3.7";"3.6";"3.3";"6.4";"5.9";"94";"87";"87";"66";"5.4";"5.8";"3.2";"3";"2";"3.4"
"Brazil";"BRA";"Paulista U20";"28-06-2026 10:00";"INPLAY_2ND_HALF";"Portuguesa U20";"0";"0";"Ferroviária U20";"0";"0";"3.8";"2.2";"3.2";"1.7";"5.4";"6";"89";"84";"44";"39";"5.7";"5.2";"3.1";"1.7";"3.6";"2.1"
"Brazil";"BRA";"Paulista U20";"28-06-2026 15:00";"NS";"Bragantino U20";"";"";"Capivariano U20";"";"";"2.9";"2.8";"2.1";"4.2";"6";"6";"95";"84";"74";"52";"5.7";"5.4";"1.9";"3.5";"2.8";"2.6"
"Brazil";"BRA";"Paulista U20";"28-06-2026 15:00";"NS";"São Caetano U20";"";"";"Sao Paulo U20";"";"";"3.9";"3.2";"3";"3.5";"6.8";"6";"90";"85";"65";"65";"5.7";"6.1";"2.7";"3.1";"3.4";"3"
"Brazil";"BRA";"Paulista U20";"28-06-2026 15:00";"NS";"Santos U20";"";"";"Corinthians U20";"";"";"2.9";"1.7";"3.4";"2.3";"5.2";"6";"80";"75";"60";"30";"5.7";"4.8";"3.1";"2.2";"2.9";"1.4"
"Brazil";"BRA";"Catarinense 2";"28-06-2026 15:00";"NS";"Hercílio Luz";"";"";"Fluminense SC";"";"";"3.6";"1.9";"4";"2.6";"6";"5.7";"78";"78";"64";"64";"5.5";"5.7";"3.6";"2.4";"3.6";"1.9"
"Brazil";"BRA";"Catarinense 2";"28-06-2026 16:00";"NS";"Caravaggio";"";"";"Guarani de Palhoça";"";"";"2.3";"3.1";"2.4";"2.6";"5.3";"5.7";"84";"78";"60";"47";"5.5";"5.2";"2.4";"2.6";"2.1";"3.1"
"Brazil";"BRA";"Brasiliense U20";"28-06-2026 10:00";"INPLAY_2ND_HALF";"Capital DF U20";"3";"1";"CA Taguatinga U20";"3";"0";"1.3";"";"2";"";"";"5.7";"";"";"";"";"5";"";"2";"";"1";""
"Brazil";"BRA";"Brasiliense U20";"28-06-2026 15:30";"NS";"Brasilia DF U20";"";"";"Planaltina DF U20";"";"";"5";"2.4";"3";"2.6";"6.5";"5.7";"100";"90";"80";"80";"5";"5.4";"2.5";"2.2";"4";"2.2"
"Brazil";"BRA";"Brasiliense U20";"28-06-2026 15:30";"NS";"Luziânia U20";"";"";"Paranoá U20";"";"";"";"3";"";"2.5";"";"5.7";"";"";"";"";"5";"";"";"2.5";"";"2.5"
"Brazil";"BRA";"Brasiliense U20";"28-06-2026 15:30";"NS";"Santa Maria U20";"";"";"Ceilândia U20";"";"";"1.5";"3.4";"2.8";"1.4";"4.5";"5.7";"78";"78";"55";"32";"5";"4.1";"2.8";"1.2";"1.5";"2.8"
"Brazil";"BRA";"Brasiliense U20";"28-06-2026 15:30";"NS";"Samambaia U20";"";"";"Brasiliense U20";"";"";"2.7";"2.7";"5.3";"2.7";"6.6";"5.7";"100";"84";"75";"66";"5";"6.2";"5";"2.3";"2.7";"2.5"
"Brazil";"BRA";"Baiano U20";"28-06-2026 09:00";"FT";"Barcelona BA U20";"0";"5";"Vitoria U20";"0";"4";"2.6";"2.5";"1.8";"2.4";"4.6";"5.6";"74";"58";"51";"39";"5.3";"4.4";"1.6";"2.2";"2.6";"2.4"
"Brazil";"BRA";"Baiano U20";"28-06-2026 15:00";"NS";"Jacobina U20";"";"";"Bahia U20";"";"";"4.5";"2.6";"3";"1.6";"5.8";"5.6";"86";"78";"72";"64";"5.3";"5.7";"3";"1.6";"4.5";"2.3"
"Brazil";"BRA";"Torneio Otavio Pinto Guimaraes U20";"28-06-2026 14:45";"NS";"Flamengo RJ U20";"";"";"Paduano U20";"";"";"3.2";"2.3";"2.1";"2.7";"5.2";"5.7";"95";"68";"46";"32";"5.5";"5";"2";"2.7";"3.1";"2.3"
"Brazil";"BRA";"Gaúcho - Estadual Junior U20";"28-06-2026 14:00";"NS";"Juventude U20";"";"";"São José PA U20";"";"";"2.7";"2.4";"3.2";"3.1";"5.8";"5.5";"74";"69";"62";"56";"5.1";"5";"2.6";"2.9";"2.3";"2.1"
"Brazil";"BRA";"Catarinense U20";"28-06-2026 10:00";"INPLAY_2ND_HALF";"Carlos Renaux U20";"1";"3";"Chapecoense-SC U20";"0";"3";"3.6";"2.9";"3.8";"3.4";"6.8";"7.1";"94";"89";"89";"72";"6.4";"6";"3.4";"2.9";"3";"2.7"
"Brazil";"BRA";"Maranhense 2";"28-06-2026 16:00";"NS";"Pinheiro";"";"";"Viana";"";"";"1.2";"2";"2.2";"2.6";"4";"0";"78";"42";"32";"32";"0";"4";"2.2";"2.4";"1.2";"2"
"Canada";"CAN";"PCSL";"28-06-2026 18:00";"NS";"Gorge";"";"";"WIA";"";"";"";"";"";"";"";"0";"";"";"";"";"0";"";"";"";"";""
"Canada";"CAN";"PCSL";"28-06-2026 19:00";"NS";"Mid Isle Highlanders";"";"";"Khalsa";"";"";"";"";"";"";"";"0";"";"";"";"";"0";"";"";"";"";""
"Canada";"CAN";"PCSL";"28-06-2026 19:00";"CANCELLED";"Kamloops Rivers II";"";"";"AFA";"";"";"";"";"";"";"";"0";"";"";"";"";"0";"";"";"";"";""
"Chile";"CHI";"Tercera A";"28-06-2026 16:30";"NS";"Futuro";"";"";"Chimbarongo";"";"";"2.7";"4.5";"1.9";"3.5";"6.3";"6.3";"87";"59";"59";"52";"5.8";"5.6";"1.7";"3.1";"2.4";"4.1"
"China";"CHN";"Super League";"28-06-2026 07:00";"FT";"Qingdao West Coast";"3";"1";"Zhejiang";"1";"1";"2.3";"2.9";"2.1";"1.8";"4.6";"4.4";"85";"70";"50";"35";"4.2";"4.4";"2.1";"1.7";"2.2";"2.8"
"China";"CHN";"Super League";"28-06-2026 08:00";"FT";"Dalian Yingbo";"1";"4";"Shanghai Shenhua";"1";"2";"2.1";"2.3";"2.6";"2.1";"4.6";"4.4";"90";"70";"40";"35";"4.2";"4.4";"2.4";"2";"2.1";"2.2"
"China";"CHN";"League Two";"28-06-2026 08:00";"FT";"Beijing BIT";"1";"1";"Tai'an Tiankuang";"1";"1";"1.9";"2.4";"2.4";"2.6";"4.6";"3.7";"75";"65";"50";"35";"3.5";"4.4";"2.2";"2.6";"1.8";"2.3"
"China";"CHN";"League Two";"28-06-2026 08:00";"FT";"Shandong Taishan II";"1";"0";"Shanxi Chongde Ronghai";"0";"0";"1.6";"1.8";"2.5";"2.4";"4.2";"3.7";"90";"70";"40";"15";"3.5";"3.7";"2.4";"2.1";"1.5";"1.4"
"China";"CHN";"League Two";"28-06-2026 08:30";"FT";"Jiangxi Lushan";"2";"0";"Guangzhou Dandelion";"2";"0";"2.1";"1.1";"0.8";"1.4";"2.7";"3.7";"50";"30";"10";"10";"3.5";"2.7";"0.8";"1.4";"2.1";"1.1"
"China";"CHN";"League Two";"28-06-2026 08:30";"FT";"Shenzhen 2028";"1";"0";"Chengdu Rongcheng II";"0";"0";"1.3";"1.5";"2.6";"1.2";"3.3";"3.7";"70";"35";"15";"15";"3.5";"3.1";"2.4";"1.2";"1.2";"1.4"
"China";"CHN";"League Two";"28-06-2026 08:30";"FT";"Wenzhou";"0";"1";"Ganzhou Ruishi";"0";"1";"1.5";"1.9";"1.9";"1.3";"3.3";"3.7";"65";"45";"15";"10";"3.5";"3.2";"1.8";"1.1";"1.5";"1.9"
"China";"CHN";"League Two";"28-06-2026 08:30";"FT";"Wuhan Three Towns II";"0";"1";"Hangzhou Linping Wuyue";"0";"0";"1.8";"1.5";"1.9";"2.1";"3.6";"3.7";"65";"45";"30";"20";"3.5";"3.5";"1.8";"1.9";"1.8";"1.5"
"Cameroon";"CMR";"Elite One";"28-06-2026 09:45";"INPLAY_2ND_HALF";"Canon";"3";"0";"Victoria United";"0";"0";"1.8";"1.3";"1.4";"2.4";"3.4";"3.8";"65";"50";"25";"15";"3.6";"3.2";"1.3";"2.2";"1.7";"1.2"
"Cameroon";"CMR";"Elite One";"28-06-2026 11:30";"NS";"Aigle Royal";"";"";"Panthère";"";"";"2.3";"1.3";"1.4";"2";"3.5";"3.8";"70";"45";"30";"15";"3.6";"3.4";"1.4";"2";"2";"1.3"
"Cameroon";"CMR";"Elite One";"28-06-2026 11:30";"NS";"Aigle Royal de Moungo";"";"";"PWD";"";"";"1.2";"1.8";"1.8";"1.6";"3.2";"3.8";"55";"45";"30";"15";"3.6";"3";"1.7";"1.4";"1.1";"1.7"
"Cameroon";"CMR";"Elite One";"28-06-2026 11:30";"NS";"Gazelle";"";"";"Cotonsport";"";"";"2";"1.4";"2.1";"1.8";"3.6";"3.8";"65";"50";"40";"20";"3.6";"3.4";"2.1";"1.5";"1.7";"1.4"
"Cameroon";"CMR";"Elite One";"28-06-2026 12:00";"NS";"Unisport Bafang";"";"";"Dynamo de Douala";"";"";"2.2";"1.6";"1.9";"1.7";"3.7";"3.8";"64";"53";"36";"21";"3.6";"3.4";"1.8";"1.6";"2";"1.5"
"Cameroon";"CMR";"Elite One";"28-06-2026 12:00";"NS";"Colombe";"";"";"Fauve Azur Elite";"";"";"1.3";"2.9";"1.4";"0.6";"3";"3.8";"58";"32";"22";"16";"3.6";"2.8";"1.3";"0.6";"1.3";"2.6"
"Ecuador";"ECU";"Superliga Femenina";"28-06-2026 12:30";"NS";"Macará W";"";"";"Universidad Católica W";"";"";"2.1";"1";"1.6";"0.8";"2.8";"3.1";"52";"30";"7";"7";"2.8";"2.5";"1.4";"0.7";"1.9";"1"
"Ecuador";"ECU";"Superliga Femenina";"28-06-2026 14:00";"NS";"Deportivo Ibarra W";"";"";"El Nacional W";"";"";"1.6";"1.1";"1.2";"1.1";"2.6";"3.1";"58";"34";"14";"0";"2.8";"2.2";"0.8";"0.9";"1.6";"1.1"
"Ecuador";"ECU";"Superliga Femenina";"28-06-2026 17:00";"NS";"Emelec W";"";"";"LDU Quito W";"";"";"2";"1.8";"0.8";"1.8";"3.2";"3.1";"66";"42";"8";"8";"2.8";"2.7";"0.5";"1.7";"1.8";"1.5"
"Estonia";"EST";"Meistriliiga";"28-06-2026 11:00";"INPLAY_1ST_HALF";"Nõmme Kalju";"0";"0";"Paide";"0";"0";"2.7";"2.3";"2.4";"2.4";"4.9";"4.5";"85";"70";"50";"25";"4.3";"4.6";"2.3";"2.3";"2.4";"2.1"
"Estonia";"EST";"Meistriliiga";"28-06-2026 13:00";"NS";"Levadia";"";"";"Flora";"";"";"1.9";"1.9";"2.5";"1.9";"4.1";"4.5";"80";"55";"45";"25";"4.3";"3.8";"2.2";"1.7";"1.8";"1.9"
"Estonia";"EST";"Small Cup";"28-06-2026 12:00";"NS";"Rae Spordikool";"";"";"JK Poseidon";"";"";"";"2.2";"";"2";"";"0";"";"";"";"";"0";"";"";"2";"";"2"
"Ethiopia";"ETH";"Premier League";"28-06-2026 04:00";"FT";"Adama Kenema";"0";"2";"Welayta Dicha";"0";"0";"2.1";"1.8";"2.3";"2.2";"4.2";"4.7";"90";"64";"36";"26";"4.5";"4.2";"2.2";"2.2";"2.1";"1.8"
"Ethiopia";"ETH";"Premier League";"28-06-2026 07:00";"FT";"Bahardar";"0";"1";"Sidama Bunna";"0";"1";"2.1";"1.7";"2.1";"3.3";"4.6";"4.7";"90";"70";"55";"30";"4.5";"4.4";"2.1";"3";"2";"1.7"
"Ethiopia";"ETH";"Premier League";"28-06-2026 10:00";"INPLAY_2ND_HALF";"Mebrat Hayl";"1";"0";"Awassa Kenema";"1";"0";"1.7";"2.6";"2";"2.7";"4.5";"4.7";"70";"60";"50";"30";"4.5";"4.2";"1.8";"2.6";"1.6";"2.5"
"Ethiopia";"ETH";"Premier League";"28-06-2026 10:00";"INPLAY_2ND_HALF";"Sheger Ketema";"2";"0";"Mechal FC";"2";"0";"2.3";"2.4";"2.4";"2.3";"4.7";"4.7";"85";"65";"45";"35";"4.5";"4.6";"2.4";"2.2";"2.3";"2.3"
"Fiji";"FIJ";"FA Cup";"28-06-2026 00:00";"FT_PEN";"Ba";"0";"0";"Navua";"0";"0";"1.4";"2.6";"0.9";"1.8";"3.4";"3.2";"62";"52";"37";"20";"2.8";"3";"0.7";"1.6";"1.1";"2.4"
"Finland";"FIN";"Ykkösliiga";"28-06-2026 10:00";"INPLAY_2ND_HALF";"KäPa";"1";"1";"JäPS";"1";"1";"2.3";"2";"2.2";"1.5";"4";"3.9";"75";"65";"35";"25";"3.8";"3.7";"2";"1.4";"2.2";"1.8"
"Finland";"FIN";"Kakkonen";"28-06-2026 09:00";"FT";"Ilves II";"3";"2";"EBK";"0";"1";"0.9";"3.2";"1.3";"2.1";"3.8";"4.3";"67";"51";"36";"15";"4.1";"3.6";"1.2";"2";"0.8";"3.1"
"Finland";"FIN";"Kolmonen - Eastern Group";"28-06-2026 10:00";"INPLAY_2ND_HALF";"PK-37";"3";"0";"ToU";"1";"0";"2";"1.4";"1";"0.8";"2.6";"2.8";"45";"25";"0";"0";"2.6";"2.6";"1";"0.8";"2";"1.4"
"Finland";"FIN";"Kolmonen - Western Group";"28-06-2026 09:00";"INTERRUPTED";"Sporting Kristina";"";"";"FC Sääripotku";"";"";"1.9";"0.7";"1.4";"0";"2";"3.4";"25";"25";"12";"6";"3.2";"1.9";"1.4";"0";"1.8";"0.7"
"Finland";"FIN";"Kolmonen - Southern Group";"28-06-2026 08:00";"FT";"SexyPöxyt";"2";"3";"MPS";"2";"1";"1.4";"0.9";"1.8";"1.2";"2.6";"3.6";"53";"36";"12";"6";"3.3";"2.6";"1.6";"1.2";"1.4";"0.9"
"Finland";"FIN";"Kolmonen - Southern Group";"28-06-2026 09:00";"FT";"GrIFK U23";"4";"2";"EsPa";"1";"0";"1.4";"1.7";"2.1";"2";"3.6";"3.6";"73";"48";"40";"7";"3.3";"3.5";"2";"2";"1.4";"1.6"
"Faroe Islands";"FRO";"1. Deild";"28-06-2026 10:45";"INPLAY_1ST_HALF";"TB";"0";"3";"B71";"0";"3";"1.5";"2.2";"1.5";"2.5";"3.9";"4.1";"94";"38";"25";"12";"3.8";"3.4";"1.5";"2.2";"1";"2.1"
"Faroe Islands";"FRO";"Meistaradeildin";"28-06-2026 11:00";"INPLAY_1ST_HALF";"KÍ";"0";"0";"07 Vestur";"0";"0";"2.2";"1.9";"1.5";"1";"3.3";"4";"55";"40";"30";"10";"3.8";"3.2";"1.5";"0.9";"2";"1.9"
"Faroe Islands";"FRO";"Meistaradeildin";"28-06-2026 11:00";"INPLAY_1ST_HALF";"EB / Streymur";"1";"1";"B36";"1";"1";"2.6";"1.7";"1.1";"1.8";"3.6";"4";"60";"50";"35";"20";"3.8";"3.5";"1.1";"1.8";"2.5";"1.6"
"Grenada";"GRN";"Premier Division";"28-06-2026 19:00";"NS";"Paradise";"";"";"Camerhogne";"";"";"";"";"";"";"";"0";"";"";"";"";"0";"";"";"";"";""
"Grenada";"GRN";"Premier Division";"28-06-2026 19:00";"NS";"Honved";"";"";"SAB Spartans";"";"";"";"";"";"";"";"";"";"";"";"";"";"";"";"";"";""
"Republic of Ireland";"IRL";"U20 National League";"28-06-2026 08:00";"FT";"Sligo Rovers U20";"2";"1";"Athlone Town U20";"2";"0";"1.4";"1.3";"1.4";"0.7";"2.4";"3.6";"56";"26";"0";"0";"3.4";"2";"1.4";"0.7";"1.4";"0.7"
"Iceland";"ISL";"Besta deild";"28-06-2026 14:00";"NS";"Stjarnan";"";"";"KA Akureyri";"";"";"3.5";"1.9";"2";"2.2";"4.8";"4.4";"100";"85";"50";"30";"4.2";"4.6";"1.9";"2.1";"3.3";"1.9"
"Iceland";"ISL";"Besta deild";"28-06-2026 14:00";"NS";"FH";"";"";"ÍBV";"";"";"2.1";"2.1";"2.1";"2.3";"4.3";"4.4";"75";"60";"55";"25";"4.2";"4.2";"2.1";"2.3";"1.9";"2"
"Iceland";"ISL";"Besta deild";"28-06-2026 14:00";"NS";"Thór";"";"";"Valur";"";"";"2.3";"2.6";"1.9";"1.5";"4.2";"4.4";"75";"55";"35";"25";"4.2";"4";"1.9";"1.5";"2.2";"2.5"
"Iceland";"ISL";"Besta deild";"28-06-2026 14:00";"NS";"Keflavík";"";"";"KR Reykjavík";"";"";"2.3";"1.7";"1.2";"3.7";"4.4";"4.4";"85";"75";"50";"25";"4.2";"4.4";"1.2";"3.6";"2.3";"1.7"
"Iceland";"ISL";"Iceland Cup";"28-06-2026 11:00";"INPLAY_1ST_HALF";"Breidablik";"0";"0";"Víkingur Reykjavík";"0";"0";"2.1";"1.9";"2.4";"2.5";"4.5";"3.7";"90";"74";"53";"26";"3.5";"4.4";"2.4";"2.4";"2";"1.9"
"Iceland";"ISL";"3. Deild";"28-06-2026 11:00";"INPLAY_1ST_HALF";"Reynir";"0";"1";"Ýmir";"0";"1";"1.8";"2.1";"1.5";"2.4";"4";"4.3";"72";"64";"30";"16";"4.1";"3.8";"1.5";"2.4";"1.8";"1.9"
"Iceland";"ISL";"U19 League B";"28-06-2026 10:00";"NS";"Fram / Úlfarnir U19";"";"";"KA/D/KF/Hö/H U19 II";"";"";"";"";"";"";"";"6";"";"";"";"";"5.7";"";"";"";"";""
"Iceland";"ISL";"U19 League C";"28-06-2026 11:00";"NS";"Austurland U19";"";"";"HK / Ýmir U19 II";"";"";"";"";"";"";"";"0";"";"";"";"";"0";"";"";"";"";""
"Iceland";"ISL";"U19 League C";"28-06-2026 12:00";"NS";"Thór / T / V / M II U19";"";"";"Breið / A / Sm U19 III";"";"";"";"";"";"";"";"0";"";"";"";"";"0";"";"";"";"";""
"Japan";"JPN";"Nadeshiko League 1";"28-06-2026 01:00";"FT";"Harima W";"0";"5";"Shizuoka SSU Bonita";"0";"2";"0.4";"0.2";"0.2";"0.2";"0.5";"0.5";"0";"0";"0";"0";"0.5";"0.5";"0.2";"0.2";"0.4";"0.2"
"Japan";"JPN";"Nadeshiko League 1";"28-06-2026 01:00";"FT";"NGU Lublield Nagoya W";"0";"0";"VONDS Ichihara";"0";"0";"0.2";"0.3";"0.6";"0.1";"0.6";"0.5";"0";"0";"0";"0";"0.5";"0.6";"0.6";"0.1";"0.2";"0.3"
"Japan";"JPN";"Nadeshiko League 1";"28-06-2026 03:00";"FT";"Ehime W";"2";"1";"Yunogo Belle W";"2";"0";"0.3";"0.1";"0.2";"0.3";"0.4";"0.5";"0";"0";"0";"0";"0.5";"0.4";"0.2";"0.3";"0.3";"0.1"
"Japan";"JPN";"Nadeshiko League 2";"28-06-2026 01:00";"FT";"Kibi Univ. Takahashi W";"3";"0";"Bunnies Gunma White Star W";"1";"0";"0.4";"0.2";"0.1";"0.5";"0.7";"0.6";"6";"0";"0";"0";"0.6";"0.7";"0.1";"0.5";"0.4";"0.2"
"Japan";"JPN";"Nadeshiko League 2";"28-06-2026 01:00";"FT";"Fujizakura Yamanashi W";"2";"1";"Renofa Yamaguchi W";"1";"0";"0.5";"0.5";"0.2";"0.5";"0.9";"0.6";"12";"0";"0";"0";"0.6";"0.9";"0.2";"0.5";"0.5";"0.5"
"Japan";"JPN";"Nadeshiko League 2";"28-06-2026 01:30";"FT";"Diavorosso Hiroshima W";"2";"4";"SEISA OSA Rheia W";"2";"3";"0.2";"0.4";"0.1";"0.5";"0.6";"0.6";"6";"0";"0";"0";"0.6";"0.6";"0.1";"0.5";"0.2";"0.4"
"Japan";"JPN";"Regional Leagues: Kyushu";"28-06-2026 00:15";"FT";"Veroskronos Tsuno";"4";"1";"Atletico Celeste";"2";"0";"1";"0";"1.8";"0.6";"1.7";"2";"20";"10";"10";"0";"1.9";"1.7";"1.8";"0.6";"1";"0"
"Japan";"JPN";"Regional Leagues: Kyushu";"28-06-2026 01:15";"FT";"Nobeoka";"3";"2";"Nippon Steel Oita";"1";"1";"0.7";"1";"2";"1.4";"2.6";"2";"38";"24";"24";"0";"1.9";"2.6";"2";"1.4";"0.7";"1"
"Japan";"JPN";"Regional Leagues: Kyushu";"28-06-2026 02:30";"FT";"KMG Holdings";"1";"0";"Kawasoe Club";"0";"0";"1.2";"1.3";"1.2";"1";"2.4";"2";"34";"27";"13";"6";"1.9";"2.1";"1.1";"0.9";"1.1";"1.1"
"Japan";"JPN";"Regional Leagues: Chugoku";"28-06-2026 00:00";"AWAITING_UPDATES";"Variamore Aki";"";"";"Intl Pacific UFC";"";"";"2.3";"0.8";"1";"0.5";"2.2";"";"34";"25";"16";"8";"";"2.1";"0.8";"0.5";"2.2";"0.8"
"Japan";"JPN";"Regional Leagues: Chugoku";"28-06-2026 02:00";"FT";"Baleine Shimonoseki";"0";"0";"ENEOS Mizushima";"0";"0";"1";"1.1";"1.5";"1.4";"2.5";"";"44";"12";"6";"0";"";"2.4";"1.5";"1.2";"1";"1.1"
"Japan";"JPN";"Regional Leagues: Chugoku";"28-06-2026 02:30";"FT";"SRC Hiroshima";"2";"4";"Beluga Rosso Hamada";"1";"2";"0.8";"1.3";"1.2";"3.3";"3.4";"";"44";"34";"34";"34";"";"3.4";"1.2";"3.3";"0.8";"1.3"
"Japan";"JPN";"Regional Leagues: Chugoku";"28-06-2026 04:00";"AWAITING_UPDATES";"Hatsukaichi";"";"";"Yonago Genki";"";"";"1";"1.3";"0.5";"2.3";"2.6";"";"75";"16";"16";"0";"";"2.4";"0.5";"2.3";"1";"1"
"Japan";"JPN";"Regional Leagues: Kanto";"28-06-2026 05:00";"AWAITING_UPDATES";"Ryutsu Keizai Dragons";"";"";"Nankatsu";"";"";"";"";"";"";"";"0";"";"";"";"";"0";"";"";"";"";""
"Japan";"JPN";"Regional Leagues: Kanto";"28-06-2026 06:00";"AWAITING_UPDATES";"Edo All United";"";"";"Tokyo 23";"";"";"";"";"";"";"";"0";"";"";"";"";"0";"";"";"";"";""
"Japan";"JPN";"Regional Leagues: Kansai";"28-06-2026 00:30";"FT";"Moriyama Samurai";"1";"4";"Basara Hyogo";"1";"3";"1.2";"2";"1.2";"1";"2.8";"";"50";"38";"0";"0";"";"2.8";"1.2";"1";"1.2";"2"
"Japan";"JPN";"Regional Leagues: Kansai";"28-06-2026 06:00";"FT";"Velago Ikoma";"1";"1";"Arterivo Wakayama";"0";"1";"1.5";"1.7";"1.5";"1.3";"3";"";"58";"29";"12";"0";"";"3";"1.5";"1.3";"1.5";"1.7"
"Japan";"JPN";"Regional Leagues: Tokai";"28-06-2026 01:30";"AWAITING_UPDATES";"Sapporo University";"";"";"Hokkaido Tokachi";"";"";"";"";"";"";"";"3.2";"";"";"";"";"3.2";"";"";"";"";""
"Japan";"JPN";"Regional Leagues: Tokai";"28-06-2026 02:30";"AWAITING_UPDATES";"Hokushukai";"";"";"Sabas";"";"";"";"";"";"";"";"3.2";"";"";"";"";"3.2";"";"";"";"";""
"Kazakhstan";"KAZ";"Premier League";"28-06-2026 09:00";"FT";"Irtysh";"1";"2";"Kaisar";"1";"1";"2";"2";"2.1";"3.5";"4.8";"4.6";"90";"80";"60";"30";"4.4";"4.6";"1.9";"3.3";"2";"2"
"Kazakhstan";"KAZ";"Premier League";"28-06-2026 10:00";"INPLAY_2ND_HALF";"Ulytau";"0";"1";"Ordabasy";"0";"1";"2.7";"3";"3.2";"2.2";"5.6";"4.6";"90";"80";"75";"45";"4.4";"5.2";"3.1";"1.9";"2.4";"2.9"
"Kazakhstan";"KAZ";"Premier League";"28-06-2026 10:00";"INPLAY_2ND_HALF";"Tobol";"1";"1";"Altay";"1";"1";"2.2";"2.4";"2.6";"2.6";"4.9";"4.6";"95";"90";"60";"35";"4.4";"4.5";"2.6";"2.4";"1.7";"2.3"
"Kazakhstan";"KAZ";"Premier League";"28-06-2026 11:00";"INPLAY_1ST_HALF";"Zhenys";"0";"0";"Astana";"0";"0";"2.2";"1.4";"1.9";"2.1";"3.8";"4.6";"80";"55";"35";"10";"4.4";"3.6";"1.9";"1.9";"2.1";"1.2"
"Kyrgyzstan";"KGZ";"Top Liga";"28-06-2026 11:30";"POSTPONED";"Ozgon";"";"";"Talant";"";"";"2";"1.7";"2.5";"2.7";"4.4";"4.1";"89";"84";"42";"11";"4";"4.3";"2.5";"2.6";"2";"1.6"
"South Korea";"KOR";"K3 League";"28-06-2026 02:00";"FT";"Gyeongju HNP";"1";"3";"Pocheon";"0";"2";"1.3";"2.3";"2.7";"2.2";"4.2";"3.9";"84";"67";"42";"16";"3.7";"4.1";"2.7";"2";"1.3";"2.2"
"South Korea";"KOR";"K3 League";"28-06-2026 05:00";"FT";"Dangjin Citizen";"5";"2";"Gangneung City";"3";"1";"1.8";"1.7";"2.1";"1.6";"3.6";"3.9";"84";"42";"26";"10";"3.7";"3.4";"1.9";"1.6";"1.7";"1.6"
"South Korea";"KOR";"K3 League";"28-06-2026 07:00";"FT";"Busan Transportation";"0";"1";"Daejeon Korail";"0";"1";"1.4";"1.9";"0.9";"2";"3.1";"3.9";"66";"34";"11";"11";"3.7";"3";"0.8";"2";"1.4";"1.9"
"South Korea";"KOR";"K4 League";"28-06-2026 02:00";"FT";"Jincheon HR";"2";"2";"Namyangju";"1";"0";"1.3";"1.4";"2.4";"1.7";"3.4";"3.7";"75";"50";"15";"10";"3.6";"3.2";"2.3";"1.6";"1.3";"1.3"
"South Korea";"KOR";"K4 League";"28-06-2026 02:00";"FT";"Sejong SA";"1";"3";"Pyeongchang United";"1";"2";"1.9";"1.9";"1.7";"1.3";"3.4";"3.7";"68";"42";"26";"5";"3.6";"3.4";"1.7";"1.3";"1.9";"1.9"
"South Korea";"KOR";"K4 League";"28-06-2026 05:00";"FT";"Jecheon Citizen";"1";"1";"Gijang United";"1";"0";"2";"1.7";"2.1";"1.5";"3.6";"3.7";"80";"55";"25";"10";"3.6";"3.6";"1.9";"1.5";"2";"1.7"
"Lebanon";"LIB";"Premier League";"28-06-2026 10:00";"INPLAY_2ND_HALF";"Al Ahed";"3";"0";"Shabab Al Sahel";"3";"0";"1.3";"1.6";"2.1";"1.3";"3.2";"3";"66";"39";"16";"6";"2.8";"3";"2.1";"1.2";"1.3";"1.4"
"Lebanon";"LIB";"Premier League";"28-06-2026 15:30";"NS";"Jwaya";"";"";"Safa";"";"";"2.3";"1.2";"1.7";"1.2";"3.2";"3";"62";"54";"28";"14";"2.8";"3.2";"1.6";"1.2";"2.3";"1.1"
"Lithuania";"LTU";"A Lyga";"28-06-2026 12:00";"NS";"Banga";"";"";"Hegelmann Litauen";"";"";"1.6";"2.3";"2.1";"2";"4";"4.1";"80";"60";"35";"25";"3.9";"3.8";"2";"1.9";"1.5";"2.2"
"Lithuania";"LTU";"A Lyga";"28-06-2026 12:45";"NS";"Džiugas Telšiai";"";"";"Žalgiris";"";"";"1.9";"1.9";"3.1";"2";"4.4";"4.1";"70";"60";"55";"45";"3.9";"4.4";"2.9";"2";"1.9";"1.9"
"Lithuania";"LTU";"A Lyga";"28-06-2026 14:00";"CANCELLED";"FK Riteriai";"";"";"Kauno Žalgiris";"";"";"1.6";"2.2";"1.3";"1.6";"3.4";"4.1";"55";"40";"20";"15";"3.9";"3";"1.3";"1.5";"1.4";"1.9"
"Lithuania";"LTU";"1. Lyga";"28-06-2026 12:30";"NS";"Kauno Žalgiris II";"";"";"BFA";"";"";"1.4";"1.8";"0.9";"2.1";"3.1";"3.6";"55";"40";"25";"10";"3.5";"3";"0.9";"1.9";"1.4";"1.8"
"Latvia";"LVA";"First Liga";"28-06-2026 07:00";"FT";"Leevon / PPK";"1";"3";"Metta / LU";"0";"2";"3";"0.8";"3.3";"1.3";"4.2";"4.4";"72";"51";"51";"40";"4.2";"4";"3";"1.3";"2.8";"0.8"
"Latvia";"LVA";"First Liga";"28-06-2026 09:00";"FT";"Smiltene";"2";"4";"Skanste";"0";"1";"2.7";"1.2";"2.9";"2.4";"4.6";"4.4";"82";"58";"46";"34";"4.2";"4.4";"2.7";"2.4";"2.6";"1.2"
"Latvia";"LVA";"First Liga";"28-06-2026 11:00";"INPLAY_1ST_HALF";"JFK Ventspils";"0";"0";"Valmiera";"0";"0";"2.2";"2.9";"2.6";"2.4";"5.1";"4.4";"83";"78";"64";"47";"4.2";"5";"2.6";"2.3";"2.2";"2.8"
"Macau";"MAC";"Primeira Division";"28-06-2026 08:00";"FT";"Benfica de Macau";"2";"1";"Chiba";"0";"1";"1.8";"2.2";"2";"1.8";"3.9";"3.9";"79";"74";"26";"16";"3.7";"3.6";"2";"1.7";"1.4";"2.1"
"Macau";"MAC";"Primeira Division";"28-06-2026 10:00";"HT";"Gorila do Universo";"2";"2";"Universidade de Macau";"2";"2";"1.5";"1.4";"2.2";"0.8";"3";"3.9";"58";"30";"20";"15";"3.7";"2.9";"2.1";"0.8";"1.5";"1.4"
"Moldova";"MDA";"Super Liga";"28-06-2026 12:00";"NS";"Sheriff";"";"";"Sireți";"";"";"2.1";"2";"2.6";"2.6";"4.6";"";"84";"79";"55";"42";"";"4.6";"2.4";"2.6";"2.1";"2"
"Moldova";"MDA";"Super Liga";"28-06-2026 14:00";"NS";"Petrocub";"";"";"Dacia-Buiucani";"";"";"2.3";"3";"2.4";"2.6";"5.2";"";"85";"60";"50";"45";"";"5";"2.3";"2.5";"2.1";"3"
"Mongolia";"MNG";"Premier League";"28-06-2026 05:00";"FT";"Ulaangom City";"3";"3";"Khovd";"0";"3";"1.9";"1.2";"2";"1.2";"3.2";"3.5";"50";"30";"20";"10";"3.4";"3";"2";"1.1";"1.9";"1.1"
"Mongolia";"MNG";"Premier League";"28-06-2026 08:00";"FT";"Hunters";"2";"0";"Khovd Western";"1";"0";"1.6";"2.2";"1.2";"2.2";"3.6";"3.5";"64";"54";"32";"22";"3.4";"3.3";"1.2";"2";"1.4";"2"
"Mozambique";"MOZ";"Mocambola";"28-06-2026 09:45";"NS";"Chingale de Tete";"";"";"AD Pemba";"";"";"2.3";"";"1.7";"";"";"4.5";"";"";"";"";"4.3";"";"1.7";"";"2.3";""
"Mozambique";"MOZ";"Mocambola";"28-06-2026 09:45";"INPLAY_2ND_HALF";"Ferroviario Beira";"1";"1";"Ferroviário Nampula";"1";"0";"2.4";"";"1.8";"";"";"4.5";"";"";"";"";"4.3";"";"1.6";"";"2.4";""
"Mozambique";"MOZ";"Mocambola";"28-06-2026 09:45";"INPLAY_2ND_HALF";"ENH Vilankulo";"1";"1";"Black Bulls Maputo";"1";"0";"1.8";"1.5";"1.5";"2.5";"3.6";"4.5";"79";"50";"25";"8";"4.3";"3.4";"1.5";"2.3";"1.8";"1.3"
"Malawi";"MWI";"Super League";"28-06-2026 09:30";"INPLAY_2ND_HALF";"Ekhaya";"1";"0";"MAFCO";"0";"0";"1";"1.5";"1.9";"1";"2.7";"2.7";"42";"36";"17";"11";"2.6";"2.6";"1.7";"1";"1";"1.5"
"Malawi";"MWI";"Super League";"28-06-2026 09:30";"INPLAY_2ND_HALF";"Karonga United";"0";"0";"Moyale Barracks";"0";"0";"1.2";"1.4";"1.3";"0.9";"2.4";"2.7";"38";"28";"22";"6";"2.6";"2.3";"1.3";"0.8";"1.2";"1.2"
"Malawi";"MWI";"Super League";"28-06-2026 09:30";"INPLAY_2ND_HALF";"Dedza Dynamos";"1";"1";"Mighty Mukuru Wanderers";"1";"0";"1.2";"1.2";"1.2";"1.2";"2.5";"2.7";"50";"32";"6";"0";"2.6";"2.5";"1.2";"1.2";"1.2";"1.2"
"Malawi";"MWI";"Super League";"28-06-2026 09:30";"INPLAY_2ND_HALF";"Silver Strikers";"3";"0";"Red Lions";"2";"0";"1";"2";"1.4";"1.7";"3";"2.7";"70";"56";"16";"8";"2.6";"3";"1.4";"1.7";"1";"1.8"
"Malawi";"MWI";"Super League";"28-06-2026 09:30";"INPLAY_2ND_HALF";"Creck";"0";"1";"Civil Sporting";"0";"1";"0.9";"1.1";"1";"0.5";"1.8";"2.7";"21";"6";"0";"0";"2.6";"1.7";"1";"0.5";"0.8";"1.1"
"New Caledonia";"NCL";"Super Ligue";"28-06-2026 01:00";"POSTPONED";"Tiga Sport";"";"";"Saint Louis";"";"";"";"";"";"";"";"0";"";"";"";"";"0";"";"";"";"";""
"Norway";"NOR";"2. Division - Group 1";"28-06-2026 12:00";"NS";"Sotra";"";"";"Jerv";"";"";"1.6";"1.6";"1.6";"1.4";"3.1";"3.5";"65";"40";"10";"5";"3.4";"3";"1.4";"1.4";"1.5";"1.6"
"Norway";"NOR";"2. Division: Group 2";"28-06-2026 09:00";"FT";"Skeid";"7";"1";"Trygg/Lade";"2";"1";"1.8";"1.7";"1.4";"1.7";"3.3";"3.9";"69";"36";"26";"10";"3.7";"3.2";"1.4";"1.7";"1.6";"1.7"
"Norway";"NOR";"2. Division: Group 2";"28-06-2026 10:00";"INPLAY_2ND_HALF";"Stjørdals-Blink";"0";"1";"Junkeren";"0";"1";"1.4";"2.3";"1.3";"2.3";"3.6";"3.9";"65";"40";"15";"15";"3.7";"3.4";"1.3";"2";"1.3";"2.1"
"Norway";"NOR";"2. Division: Group 2";"28-06-2026 10:00";"INPLAY_2ND_HALF";"Follo";"0";"1";"Levanger";"0";"1";"2.9";"1.4";"2.4";"2";"4.4";"3.9";"85";"60";"40";"25";"3.7";"4.2";"2.2";"2";"2.9";"1.4"
"Norway";"NOR";"3. Division - Group 1";"28-06-2026 11:00";"INPLAY_1ST_HALF";"KFUM II";"0";"0";"Heming";"0";"0";"1.7";"2.4";"2.3";"1.7";"4";"4";"79";"58";"36";"16";"3.8";"3.7";"2.2";"1.4";"1.6";"2.1"
"Norway";"NOR";"3. Division - Group 3";"28-06-2026 09:00";"FT";"Varegg";"1";"1";"Vard";"0";"0";"1.5";"2";"1.8";"1.5";"3.4";"3.3";"71";"29";"29";"16";"3.3";"3.4";"1.8";"1.5";"1.5";"2"
"Norway";"NOR";"3. Division - Group 4";"28-06-2026 09:00";"FT";"Brodd";"4";"0";"Haugesund II";"1";"0";"2";"1.3";"1.4";"1.9";"3.2";"3.2";"64";"43";"29";"7";"3.1";"3";"1.4";"1.6";"1.9";"1.1"
"Norway";"NOR";"3. Division - Group 4";"28-06-2026 11:00";"INPLAY_1ST_HALF";"Vindbjart";"1";"0";"Stabæk II";"1";"0";"2.1";"0.9";"1.4";"2.4";"3.4";"3.2";"64";"50";"26";"18";"3.1";"3.4";"1.4";"2.4";"2.1";"0.9"
"Norway";"NOR";"3. Division - Group 4";"28-06-2026 12:00";"NS";"Varhaug";"";"";"Odd II";"";"";"2.6";"1.1";"1.8";"1.6";"3.6";"3.2";"86";"62";"27";"10";"3.1";"3.4";"1.8";"1.6";"2.2";"1.1"
"Norway";"NOR";"3. Division - Group 5";"28-06-2026 07:00";"FT";"Strømsgodset II";"5";"1";"Skjervøy";"2";"0";"2";"";"1.3";"";"";"3.3";"";"";"";"";"2.9";"";"1.3";"";"2";""
"Norway";"NOR";"3. Division - Group 5";"28-06-2026 08:00";"FT";"Alta";"3";"0";"Finnsnes";"1";"0";"1.8";"";"1.2";"";"";"3.3";"";"";"";"";"2.9";"";"0.8";"";"1.5";""
"Norway";"NOR";"3. Division - Group 5";"28-06-2026 12:00";"NS";"Lillestrøm II";"";"";"Tromsø II";"";"";"1.4";"1.3";"2.1";"1.3";"3.1";"3.3";"58";"42";"19";"19";"2.9";"2.7";"2";"1";"1.1";"1.3"
"Norway";"NOR";"3. Division - Group 6";"28-06-2026 10:00";"INPLAY_2ND_HALF";"Råde";"3";"2";"Lyn II";"1";"2";"1.6";"1.9";"1.4";"1.7";"3.3";"3.7";"75";"40";"20";"5";"3.6";"3.3";"1.4";"1.7";"1.6";"1.9"
"Paraguay";"PAR";"Division Intermedia";"28-06-2026 10:00";"INPLAY_2ND_HALF";"3 de Noviembre";"1";"0";"Paraguarí";"1";"0";"3.2";"3.1";"3.6";"3.2";"6.6";"5.7";"95";"95";"90";"60";"5.4";"6.2";"3.4";"3.1";"3";"2.9"
"Paraguay";"PAR";"Division Intermedia";"28-06-2026 15:30";"NS";"Guaireña";"";"";"Deportivo Santaní";"";"";"2.3";"2.2";"2.5";"3";"5";"5.7";"75";"65";"55";"50";"5.4";"4.6";"2.1";"3";"2.1";"2.1"
"Paraguay";"PAR";"Division Intermedia";"28-06-2026 18:00";"NS";"Sol de América";"";"";"12 de Junio VH";"";"";"1.8";"3.7";"2.5";"2.9";"5.4";"5.7";"85";"75";"65";"50";"5.4";"5.1";"2.4";"2.4";"1.8";"3.5"
"Paraguay";"PAR";"Campeonato Femenino";"28-06-2026 15:00";"NS";"Sportivo Trinidense W";"";"";"Sportivo Ameliano W";"";"";"2.8";"1.4";"3.1";"1.4";"4.4";"3.9";"83";"55";"31";"19";"3.7";"4.1";"3";"1.3";"2.5";"1.3"
"Paraguay";"PAR";"Campeonato Femenino";"28-06-2026 17:15";"NS";"Sportivo San Lorenzo";"";"";"2 de Mayo W";"";"";"2.1";"1";"2.6";"2.4";"4";"3.9";"72";"50";"34";"11";"3.7";"3.6";"2.2";"2.2";"1.9";"0.9"
"Paraguay";"PAR";"Campeonato Femenino";"28-06-2026 19:30";"NS";"Rubio Ñú";"";"";"Cerro Porteño W";"";"";"2.4";"1.6";"2.9";"1.9";"4.4";"3.9";"78";"60";"50";"20";"3.7";"4.2";"2.7";"1.9";"2.1";"1.5"
"Réunion";"REU";"Regionale 1";"28-06-2026 08:30";"NS";"St Pauloise FC";"";"";"Jeanne d'Arc";"";"";"";"";"";"";"";"0";"";"";"";"";"0";"";"";"";"";""
"Réunion";"REU";"Regionale 1";"28-06-2026 08:30";"NS";"Bénédictine";"";"";"Saint-Pierroise";"";"";"";"";"";"";"";"0";"";"";"";"";"0";"";"";"";"";""
"Réunion";"REU";"Regionale 1";"28-06-2026 08:30";"NS";"Ville Sainte-Suzanne";"";"";"Piton Saint-Leu";"";"";"";"";"";"";"";"0";"";"";"";"";"0";"";"";"";"";""
"Réunion";"REU";"Regionale 1";"28-06-2026 08:30";"NS";"Sainte-Rose";"";"";"Saint-Louisienne";"";"";"";"";"";"";"";"0";"";"";"";"";"0";"";"";"";"";""
"Réunion";"REU";"Regionale 1";"28-06-2026 08:30";"NS";"Stade Tamponnaise";"";"";"Excelsior";"";"";"";"";"";"";"";"0";"";"";"";"";"0";"";"";"";"";""
"Réunion";"REU";"Regionale 1";"28-06-2026 08:30";"NS";"Saint-Denis";"";"";"Bagatelle Sainte-Suzanne";"";"";"";"";"";"";"";"0";"";"";"";"";"0";"";"";"";"";""
"Réunion";"REU";"Regionale 1";"28-06-2026 08:30";"NS";"Trois Bassins";"";"";"ES Dominicaine";"";"";"";"";"";"";"";"0";"";"";"";"";"0";"";"";"";"";""
"Russia";"RUS";"FNL 2 - Group 2";"28-06-2026 04:00";"FT";"Yenisey II";"1";"6";"Baltika II";"0";"4";"1.9";"1.8";"1.4";"2.8";"4";"3.9";"65";"50";"35";"30";"3.9";"3.9";"1.4";"2.8";"1.9";"1.7"
"Russia";"RUS";"FNL 2 - Group 2";"28-06-2026 07:00";"FT";"Kosmos Dolgoprudny";"2";"0";"Irkutsk";"2";"0";"3";"2";"1.4";"1.2";"3.8";"3.9";"78";"60";"20";"5";"3.9";"3.8";"1.4";"1.2";"3";"2"
"Russia";"RUS";"FNL 2 - Group 2";"28-06-2026 08:00";"FT";"FK Dinamo St. Petersburg";"1";"1";"Torpedo Vladimir";"0";"1";"1.9";"1.7";"2.5";"1.9";"4";"3.9";"80";"58";"26";"20";"3.9";"4";"2.5";"1.9";"1.8";"1.7"
"Russia";"RUS";"FNL 2 - Group 2";"28-06-2026 12:00";"NS";"Cherepovets";"";"";"Zvezda Sint Petersburg";"";"";"2.5";"0.8";"1.2";"1.4";"3";"3.9";"60";"30";"24";"12";"3.9";"3";"1.2";"1.3";"2.5";"0.8"
"Russia";"RUS";"FNL 2 - Group 2";"28-06-2026 12:00";"NS";"Spartak Moskva II";"";"";"Luki-Energiya";"";"";"2.1";"2";"2.3";"1.6";"4";"3.9";"85";"60";"45";"25";"3.9";"4";"2.3";"1.5";"2.1";"2"
"Russia";"RUS";"FNL 2 - Group 2";"28-06-2026 12:00";"NS";"Tver";"";"";"Murom";"";"";"2";"1.5";"2";"2.2";"3.8";"3.9";"80";"75";"35";"15";"3.9";"3.7";"1.9";"2.2";"2";"1.3"
"Russia";"RUS";"FNL 2 - Group 2";"28-06-2026 13:00";"NS";"Chertanovo";"";"";"Dinamo Vologda";"";"";"1.9";"2.3";"2.2";"2.8";"4.6";"3.9";"90";"75";"45";"30";"3.9";"4.6";"2.2";"2.8";"1.9";"2.2"
"Russia";"RUS";"FNL 2 - Group 3";"28-06-2026 08:00";"FT";"Arsenal Tula II";"0";"4";"Salyut Belgorod";"0";"1";"1.9";"1.8";"2.1";"1.9";"3.8";"4";"85";"55";"35";"15";"3.9";"3.8";"2.1";"1.8";"1.9";"1.8"
"Russia";"RUS";"FNL 2 - Group 4";"28-06-2026 05:00";"FT";"Ural 2";"0";"0";"Zenit Izhevsk";"0";"0";"1.8";"2.9";"1.9";"2.2";"4.4";"4.5";"74";"69";"54";"38";"4.4";"4.2";"1.9";"2.1";"1.8";"2.7"
"Russia";"RUS";"FNL 2 - Group 4";"28-06-2026 07:00";"FT";"Dinamo Barnaul";"2";"0";"Rubin Kazan' II";"0";"0";"2";"2.4";"1.6";"1.5";"3.8";"4.5";"58";"52";"42";"21";"4.4";"3.7";"1.6";"1.4";"2";"2.4"
"Russia";"RUS";"FNL 2 - Group 4";"28-06-2026 08:00";"FT";"Chelyabinsk II";"0";"3";"Khimik Dzerzhinsk";"0";"2";"2";"1.9";"2.4";"1.6";"3.9";"4.5";"89";"64";"31";"15";"4.4";"3.8";"2.4";"1.6";"2";"1.7"
"Russia";"RUS";"FNL 2 - Group 4";"28-06-2026 09:00";"FT";"Akron II";"1";"1";"Orenburg II";"0";"0";"1.6";"2.5";"2.4";"2.7";"4.6";"4.5";"74";"74";"63";"43";"4.4";"4.4";"2.3";"2.5";"1.4";"2.5"
"Russia";"RUS";"FNL 2 - Group 4";"28-06-2026 10:00";"INPLAY_2ND_HALF";"Nosta";"1";"1";"Krylya Sovetov Samara II";"0";"1";"1.8";"1.9";"2.8";"2";"4.2";"4.5";"74";"74";"48";"32";"4.4";"4.2";"2.8";"2";"1.8";"1.9"
"Russia";"RUS";"FNL 2 - Group 4";"28-06-2026 10:30";"HT";"Pobeda Nizhny Novgorod";"1";"0";"KDV";"1";"0";"2.4";"1.3";"1.6";"1.9";"3.6";"4.5";"63";"47";"36";"20";"4.4";"3.6";"1.6";"1.9";"2.4";"1.3"
"Sierra Leone";"SLE";"Premier League";"28-06-2026 13:30";"NS";"East End Lions";"";"";"Mighty Blackpool";"";"";"1.3";"1.4";"1";"2";"2.8";"2.4";"58";"36";"14";"0";"2.3";"2.8";"1";"2";"1.3";"1.4"
"Sierra Leone";"SLE";"Premier League";"28-06-2026 13:30";"NS";"Bo Rangers";"";"";"Diamond Stars";"";"";"0.7";"1.8";"1.3";"2";"2.9";"2.4";"44";"37";"30";"20";"2.3";"2.9";"1.3";"2";"0.7";"1.8"
"Sweden";"SWE";"Superettan";"28-06-2026 10:00";"INPLAY_2ND_HALF";"Norrköping";"0";"1";"Norrby";"0";"1";"1.8";"1.5";"1.9";"1.5";"3.4";"3.3";"60";"45";"25";"10";"3.2";"3.4";"1.9";"1.5";"1.8";"1.5"
"Sweden";"SWE";"Superettan";"28-06-2026 10:00";"INPLAY_2ND_HALF";"Landskrona";"0";"0";"Värnamo";"0";"0";"2.8";"1.6";"1.3";"1.9";"3.8";"3.3";"70";"55";"30";"15";"3.2";"3.7";"1.3";"1.9";"2.7";"1.5"
"Sweden";"SWE";"Superettan";"28-06-2026 12:00";"NS";"Sandviken";"";"";"Helsingborg";"";"";"1";"2.2";"2";"1.7";"3.4";"3.3";"65";"50";"30";"10";"3.2";"3.2";"1.9";"1.6";"0.9";"2.1"
"Sweden";"SWE";"Ettan: North";"28-06-2026 11:00";"INPLAY_1ST_HALF";"Umeå";"0";"1";"Järfälla";"0";"1";"1.8";"1.6";"1.7";"2.2";"3.6";"3.2";"75";"45";"25";"20";"3";"3.4";"1.6";"2.1";"1.7";"1.5"
"Sweden";"SWE";"Ettan: South";"28-06-2026 08:00";"FT";"Olympic";"2";"1";"Eskilsminne";"0";"0";"1.3";"1.5";"1.8";"1.7";"3.2";"3";"65";"45";"20";"0";"2.9";"3.2";"1.8";"1.7";"1.3";"1.5"
"Sweden";"SWE";"Division 2: Norrland";"28-06-2026 09:00";"FT";"Lucksta";"3";"0";"Gottne IF";"2";"0";"2";"1";"1.8";"1";"2.9";"2.5";"54";"29";"29";"12";"2.3";"2.8";"1.5";"1";"2";"1"
"Sweden";"SWE";"Division 2: Sodra Gotaland";"28-06-2026 09:00";"FT";"Linero";"3";"1";"Karlshamn";"2";"0";"1";"1.3";"1.2";"0.7";"2.1";"3";"42";"0";"0";"0";"2.9";"2.1";"1.2";"0.7";"1";"1.3"
"Sweden";"SWE";"Division 2: Sodra Svealand";"28-06-2026 11:00";"INPLAY_1ST_HALF";"Örebro Syrianska";"1";"0";"Syrianska";"1";"0";"2.8";"1.1";"1.2";"1.3";"3.2";"3.3";"69";"48";"24";"0";"3.1";"3.1";"1.2";"1.3";"2.8";"0.9"
"Sweden";"SWE";"Division 2: Sodra Svealand";"28-06-2026 11:00";"INPLAY_1ST_HALF";"Rågsved";"1";"0";"Forward";"1";"0";"2.6";"0.9";"1.6";"2";"3.6";"3.3";"66";"49";"20";"10";"3.1";"3.3";"1.6";"1.8";"2.4";"0.9"
"Sweden";"SWE";"Division 2: Sodra Svealand";"28-06-2026 13:00";"NS";"Karlslund";"";"";"Fittja IF";"";"";"2.1";"1.5";"1.6";"1.4";"3.3";"3.3";"54";"48";"21";"10";"3.1";"3.1";"1.4";"1.3";"2";"1.5"
"Sweden";"SWE";"Division 2: Vastra Gotaland";"28-06-2026 08:00";"FT";"Jonsered";"1";"0";"Kongahälla";"0";"0";"1.4";"1.1";"1.2";"1.3";"2.5";"2.8";"34";"24";"17";"12";"2.6";"2.4";"1.1";"1.1";"1.4";"1.1"
"Syria";"SYR";"Premier League";"28-06-2026 11:00";"INPLAY_1ST_HALF";"Al Futuwa";"0";"0";"Khan Sheikhoun";"0";"0";"";"0.5";"";"1";"";"3";"";"";"";"";"2.6";"";"";"0.5";"";"0.5"
"Syria";"SYR";"Premier League";"28-06-2026 11:00";"INPLAY_1ST_HALF";"Al Jaish";"0";"0";"Homs Al Fidaa";"0";"0";"2";"";"1";"";"";"3";"";"";"";"";"2.6";"";"1";"";"2";""
"Syria";"SYR";"Premier League";"28-06-2026 11:00";"INPLAY_1ST_HALF";"Hottin";"0";"0";"Damascus Al Ahli";"0";"0";"";"";"";"";"";"3";"";"";"";"";"2.6";"";"";"";"";""
"Syria";"SYR";"Premier League";"28-06-2026 11:00";"INPLAY_1ST_HALF";"Jabala";"0";"0";"Al-Ittihad Aleppo";"0";"0";"";"1.2";"";"2.8";"";"3";"";"";"";"";"2.6";"";"";"2.3";"";"1.2"
"Syria";"SYR";"Premier League";"28-06-2026 11:00";"INPLAY_1ST_HALF";"Horriya";"0";"0";"Taliya";"0";"0";"1.2";"";"2.4";"";"";"3";"";"";"";"";"2.6";"";"2.4";"";"1.2";""
"Syria";"SYR";"Premier League";"28-06-2026 11:00";"INPLAY_1ST_HALF";"Umayya";"0";"0";"Al Shorta";"0";"0";"";"";"";"";"";"3";"";"";"";"";"2.6";"";"";"";"";""
"Syria";"SYR";"Premier League";"28-06-2026 11:00";"INPLAY_1ST_HALF";"Al Karama";"0";"0";"Al Shouleh";"0";"0";"";"";"";"";"";"3";"";"";"";"";"2.6";"";"";"";"";""
"Tajikistan";"TJK";"Vysshaya Liga";"28-06-2026 11:00";"INPLAY_1ST_HALF";"Sardor Tursunzoda";"0";"0";"Istiqlol Dushanbe";"0";"0";"";"";"";"";"";"0.9";"";"";"";"";"0";"";"";"";"";""
"Tajikistan";"TJK";"Vysshaya Liga";"28-06-2026 11:00";"INPLAY_1ST_HALF";"Ravshan";"0";"0";"Regar-TadAZ";"0";"0";"";"0.3";"";"0";"";"0.9";"";"";"";"";"0";"";"";"0";"";"0"
"Uruguay";"URU";"Primera División Amateur";"28-06-2026 10:00";"NS";"Los Gorriones";"";"";"Huracán Buceo";"";"";"2.5";"4.5";"2";"6.5";"7.8";"6.3";"100";"75";"75";"75";"5.9";"7";"2";"6";"2";"4"
"Uruguay";"URU";"Primera División Amateur";"28-06-2026 10:00";"NS";"Canadian";"";"";"Parque del Plata";"";"";"3.3";"3";"2.3";"2.7";"5.7";"6.3";"84";"84";"50";"50";"5.9";"5.2";"2";"2.7";"3";"2.7"
"Uruguay";"URU";"Primera División Amateur";"28-06-2026 15:00";"NS";"Sportivo Bella Italia";"";"";"Terremoto";"";"";"";"3.3";"";"3";"";"6.3";"";"";"";"";"5.9";"";"";"3";"";"3.3"
"Uruguay";"URU";"Primera División Amateur";"28-06-2026 15:00";"NS";"Lito";"";"";"LSM";"";"";"3";"2";"1.5";"3";"4.8";"6.3";"84";"84";"58";"34";"5.9";"4.4";"1";"3";"3";"1.7"
"Uruguay";"URU";"Primera División Amateur";"28-06-2026 15:00";"NS";"Alto Perú";"";"";"Deportivo Italiano";"";"";"2.5";"3.3";"2";"3.3";"5.6";"6.3";"100";"100";"75";"34";"5.9";"4.4";"1.5";"3";"1";"3.3"
"Uruguay";"URU";"Primera División Amateur";"28-06-2026 15:00";"NS";"Villa Española";"";"";"Salto";"";"";"3.8";"";"3";"";"";"6.3";"";"";"";"";"5.9";"";"2.8";"";"3.5";""
"Uruguay";"URU";"Primera División Amateur";"28-06-2026 15:30";"NS";"Platense";"";"";"Artigas";"";"";"4.4";"2";"3.2";"3.3";"6.4";"6.3";"84";"84";"66";"56";"5.9";"5.7";"3";"2.3";"4.4";"1.7"
"United States";"USA";"USL League Two";"28-06-2026 16:00";"NS";"Erie Sports Center";"";"";"Riverhounds II";"";"";"2.3";"2";"1.7";"0";"3";"4";"75";"16";"16";"16";"3.8";"2.8";"1.3";"0";"2.3";"2"
"United States";"USA";"USL League Two";"28-06-2026 17:00";"NS";"Philadelphia Lone Star";"";"";"Ocean City Nor'easters";"";"";"2";"0.4";"1.8";"2";"3.1";"4";"48";"48";"35";"0";"3.8";"2.6";"1.5";"1.8";"1.8";"0.2"
"United States";"USA";"USL League Two";"28-06-2026 17:00";"NS";"Seacoast United Phantoms";"";"";"Black Rock";"";"";"3.5";"2.6";"3.2";"1.7";"5.6";"4";"86";"72";"64";"52";"3.8";"5.4";"3.2";"1.7";"3.2";"2.6"
"United States";"USA";"USL League Two";"28-06-2026 18:00";"NS";"SF Glens";"";"";"San Francisco City";"";"";"1.9";"2";"3";"2.8";"4.8";"4";"90";"79";"62";"26";"3.8";"4.6";"2.9";"2.6";"1.8";"2"
"United States";"USA";"USL League Two";"28-06-2026 19:00";"NS";"Blackwatch Rush";"";"";"Boston";"";"";"1";"1";"1";"2.3";"2.6";"4";"60";"28";"7";"7";"3.8";"2.5";"1";"2";"1";"1"
"United States";"USA";"USL League Two";"28-06-2026 19:00";"NS";"Albion Colorado";"";"";"Colorado Storm";"";"";"";"2.5";"";"2.5";"";"4";"";"";"";"";"3.8";"";"";"2.5";"";"2.5"
"United States";"USA";"USL League Two";"28-06-2026 19:00";"NS";"Bangers";"";"";"Bigfoot";"";"";"1.8";"2.1";"1.5";"2";"3.6";"4";"69";"56";"32";"12";"3.8";"3.6";"1.5";"2";"1.5";"2.1"
"United States";"USA";"USL League Two";"28-06-2026 19:00";"NS";"Weston";"";"";"Lakeland United";"";"";"3.3";"2";"2.6";"2";"5";"4";"93";"60";"60";"36";"3.8";"4.8";"2.3";"2";"3.3";"2"
"United States";"USA";"USL League Two";"28-06-2026 20:00";"NS";"West Chester United II";"";"";"Lehigh Valley Utd. Sonic";"";"";"1.1";"1";"1";"1.3";"2.2";"4";"31";"31";"31";"0";"3.8";"2.2";"1";"1.3";"1.1";"1"
"United States";"USA";"USL League Two";"28-06-2026 20:00";"NS";"Tacoma Stars";"";"";"West Seattle Junction";"";"";"1.9";"2.3";"1.6";"3";"4.4";"4";"77";"63";"55";"32";"3.8";"4.2";"1.4";"2.7";"1.9";"2.3"
"United States";"USA";"USL League Two";"28-06-2026 20:30";"NS";"Southern Soccer Academy";"";"";"Dothan United";"";"";"3.2";"";"1.5";"";"";"4";"";"";"";"";"3.8";"";"1.5";"";"2.5";""
"United States";"USA";"USL League Two";"28-06-2026 21:00";"NS";"Miami AC";"";"";"Brevard Fire";"";"";"2.5";"2";"1.5";"1.8";"3.9";"4";"79";"62";"42";"16";"3.8";"3.8";"1.5";"1.8";"2.5";"1.8"
"United States";"USA";"USL League Two";"28-06-2026 23:00";"NS";"Academica";"";"";"Marin";"";"";"2.7";"2";"2.3";"1.7";"4.4";"4";"67";"50";"50";"42";"3.8";"3.6";"2";"1.5";"2";"1.8"
"United States";"USA";"WPSL";"28-06-2026 13:00";"NS";"El Paso Surf W";"";"";"SC del Sol W";"";"";"";"";"";"";"";"0.9";"";"";"";"";"0.8";"";"";"";"";""
"United States";"USA";"WPSL";"28-06-2026 14:00";"NS";"STA W";"";"";"New York Dutch Lions W";"";"";"0";"0.3";"0.3";"0.7";"0.6";"0.9";"0";"0";"0";"0";"0.8";"0.6";"0.3";"0.7";"0";"0.3"
"United States";"USA";"WPSL";"28-06-2026 14:00";"NS";"New York Athletic W";"";"";"SUSA W";"";"";"0.5";"";"0.2";"";"";"0.9";"";"";"";"";"0.8";"";"0.2";"";"0.5";""
"United States";"USA";"WPSL";"28-06-2026 14:00";"NS";"Beadling W";"";"";"Rochester New York W";"";"";"";"";"";"";"";"0.9";"";"";"";"";"0.8";"";"";"";"";""
"United States";"USA";"WPSL";"28-06-2026 14:00";"NS";"Florida Roots W";"";"";"Valdosta W";"";"";"";"";"";"";"";"0.9";"";"";"";"";"0.8";"";"";"";"";""
"United States";"USA";"WPSL";"28-06-2026 16:00";"NS";"Kensington W";"";"";"Fever W";"";"";"1.5";"0.2";"1";"0";"1.4";"0.9";"25";"0";"0";"0";"0.8";"1.4";"1";"0";"1.5";"0.2"
"United States";"USA";"WPSL";"28-06-2026 16:00";"NS";"Erie W";"";"";"Niagara 1812 W";"";"";"";"";"";"";"";"0.9";"";"";"";"";"0.8";"";"";"";"";""
"United States";"USA";"WPSL";"28-06-2026 17:00";"NS";"Colorado Elevation W";"";"";"Glacier W";"";"";"";"";"";"";"";"0.9";"";"";"";"";"0.8";"";"";"";"";""
"United States";"USA";"WPSL";"28-06-2026 19:00";"NS";"Brooklyn City W";"";"";"Force New York W";"";"";"0.3";"0.2";"0.3";"0.5";"0.8";"0.9";"0";"0";"0";"0";"0.8";"0.8";"0.3";"0.5";"0.3";"0.2"
"United States";"USA";"WPSL";"28-06-2026 19:00";"NS";"Mankato W";"";"";"Minnesota Thunder W";"";"";"0.6";"0.3";"0";"0.2";"0.6";"0.9";"0";"0";"0";"0";"0.8";"0.6";"0";"0.2";"0.6";"0.3"
"United States";"USA";"WPSL";"28-06-2026 20:00";"NS";"Chicago KICS W";"";"";"Milwaukee Torrent W";"";"";"0";"0.5";"0";"1.5";"1";"0.9";"0";"0";"0";"0";"0.8";"0.8";"0";"1";"0";"0.5"
"United States";"USA";"WPSL";"28-06-2026 20:30";"NS";"SF Glens W";"";"";"San Francisco Nighthawks W";"";"";"2";"0.5";"0.7";"1";"2.1";"0.9";"34";"16";"16";"0";"0.8";"2.1";"0.7";"1";"2";"0.5"
"United States";"USA";"WPSL";"28-06-2026 21:00";"NS";"Minnesota Dutch Lions W";"";"";"Salvo W";"";"";"1";"0.2";"0.7";"0.1";"1";"0.9";"0";"0";"0";"0";"0.8";"1";"0.7";"0.1";"1";"0.2"
"United States";"USA";"WPSL";"28-06-2026 21:00";"NS";"Texas Lone Star W";"";"";"Dallas W";"";"";"";"0.5";"";"1";"";"0.9";"";"";"";"";"0.8";"";"";"1";"";"0.5"
"United States";"USA";"WPSL";"28-06-2026 21:00";"NS";"Prestige II W";"";"";"So Cal Union W";"";"";"";"0.4";"";"0.4";"";"";"";"";"";"";"";"";"";"0.4";"";"0.4"
"United States";"USA";"WPSL";"28-06-2026 23:00";"NS";"The Futbol Collective W";"";"";"Fresno Freeze W";"";"";"";"";"";"";"";"0.9";"";"";"";"";"0.8";"";"";"";"";""
"United States";"USA";"WPSL";"28-06-2026 23:00";"NS";"FC Premier Women W";"";"";"Beach W";"";"";"0";"0.3";"0.5";"0.5";"0.6";"0.9";"0";"0";"0";"0";"0.8";"0.6";"0.5";"0.3";"0";"0.3"
"United States";"USA";"MLS Next Pro";"28-06-2026 16:00";"NS";"Toronto II";"";"";"New England II";"";"";"1.8";"2.4";"2.4";"3.2";"4.9";"4.6";"80";"75";"45";"40";"4.3";"4.6";"2.4";"2.8";"1.7";"2.3"
"United States";"USA";"MLS Next Pro";"28-06-2026 19:00";"NS";"FC Cincinnati II";"";"";"Inter Miami II";"";"";"3.2";"3";"2";"1.7";"5";"4.6";"100";"80";"50";"35";"4.3";"4.6";"2";"1.5";"2.8";"2.9"
"United States";"USA";"MLS Next Pro";"28-06-2026 19:00";"NS";"Carolina Core";"";"";"Huntsville City";"";"";"2.3";"2.3";"1.9";"2.1";"4.3";"4.6";"95";"75";"35";"20";"4.3";"4";"1.8";"2";"2";"2.1"
"United States";"USA";"MLS Next Pro";"28-06-2026 20:00";"NS";"St. Louis City II";"";"";"Austin II";"";"";"2";"2.5";"1.5";"2.3";"4.2";"4.6";"75";"60";"50";"15";"4.3";"4";"1.4";"2.3";"1.8";"2.5"
"United States";"USA";"MLS Next Pro";"28-06-2026 20:00";"NS";"Orlando City II";"";"";"Columbus Crew II";"";"";"2";"2.5";"1.9";"2";"4.2";"4.6";"95";"65";"40";"15";"4.3";"4";"1.7";"1.8";"2";"2.5"
"United States";"USA";"MLS Next Pro";"28-06-2026 20:00";"NS";"New York RB II";"";"";"Philadelphia Union II";"";"";"2.5";"3";"2.1";"2.4";"5";"4.6";"75";"70";"55";"50";"4.3";"4.8";"2.1";"2.3";"2.5";"2.8"
"United States";"USA";"MLS Next Pro";"28-06-2026 21:00";"NS";"Minnesota United II";"";"";"Tacoma Defiance";"";"";"1.8";"2.4";"2.1";"1.9";"4.1";"4.6";"85";"60";"35";"20";"4.3";"4";"1.9";"1.9";"1.7";"2.4"
"United States";"USA";"MLS Next Pro";"28-06-2026 23:00";"NS";"Los Angeles FC 2";"";"";"Houston Dynamo FC II";"";"";"2.3";"2.5";"2.3";"2.6";"4.8";"4.6";"90";"80";"60";"40";"4.3";"4.7";"2.2";"2.5";"2.2";"2.5"
"United States";"USA";"USL W League";"28-06-2026 16:00";"NS";"Tacoma Galaxy W";"";"";"West Seattle Rhodies W";"";"";"0.3";"0.7";"0.3";"1.3";"1.4";"1.4";"34";"0";"0";"0";"1.4";"1.2";"0.3";"1";"0.3";"0.7"
"United States";"USA";"USL W League";"28-06-2026 16:00";"NS";"Edgewater Castle W";"";"";"Sioux Falls City W";"";"";"1";"2.2";"0";"0.8";"2";"1.4";"25";"12";"12";"0";"1.4";"2";"0";"0.8";"1";"2.2"
"United States";"USA";"USL W League";"28-06-2026 16:00";"NS";"Ann Arbor W";"";"";"Kalamazoo FC W";"";"";"";"";"";"";"";"1.4";"";"";"";"";"1.4";"";"";"";"";""
"United States";"USA";"USL W League";"28-06-2026 16:00";"NS";"Manhattan W";"";"";"Cedar Stars W";"";"";"0.5";"";"0";"";"";"1.4";"";"";"";"";"1.4";"";"0";"";"0.5";""
"United States";"USA";"USL W League";"28-06-2026 16:00";"NS";"Long Island Rough Riders W";"";"";"Paisley Athletic W";"";"";"0.5";"1";"0.5";"0.5";"1.2";"1.4";"0";"0";"0";"0";"1.4";"1.2";"0.5";"0.5";"0.5";"1"
"United States";"USA";"USL W League";"28-06-2026 18:00";"NS";"Salmon Bay W";"";"";"Snohomish United W";"";"";"0.5";"0.5";"0.2";"1";"1.2";"1.4";"38";"0";"0";"0";"1.4";"1.2";"0.2";"1";"0.5";"0.5"
"United States";"USA";"USL W League";"28-06-2026 19:00";"NS";"Miami AC W";"";"";"Brooke House W";"";"";"0.3";"1.4";"0.3";"1.2";"1.6";"1.4";"30";"10";"10";"0";"1.4";"1.6";"0.3";"1.2";"0.3";"1.4"
"United States";"USA";"USL W League";"28-06-2026 19:00";"NS";"RKC W";"";"";"Minnesota Aurora W";"";"";"0.3";"1.3";"1";"1";"1.8";"1.4";"16";"16";"16";"0";"1.4";"1.8";"1";"1";"0.3";"1.3"
"United States";"USA";"USL W League";"28-06-2026 19:00";"NS";"Northern Virginia FC W";"";"";"Patuxent W";"";"";"0.5";"";"1";"";"";"1.4";"";"";"";"";"1.4";"";"0.8";"";"0.5";""
"United States";"USA";"USL W League";"28-06-2026 19:30";"NS";"Asheville City W";"";"";"Birmingham Legion W";"";"";"";"0";"";"0.7";"";"1.4";"";"";"";"";"1.4";"";"";"0.7";"";"0"
"United States";"USA";"USL W League";"28-06-2026 20:00";"NS";"Lancaster Inferno W";"";"";"Eagle FC W";"";"";"";"1";"";"0.5";"";"1.4";"";"";"";"";"1.4";"";"";"0.5";"";"1"
"United States";"USA";"USL W League";"28-06-2026 20:00";"NS";"Hartford Athletic W";"";"";"AC Connecticut W";"";"";"";"";"";"";"";"1.4";"";"";"";"";"1.4";"";"";"";"";""
"United States";"USA";"USL W League";"28-06-2026 21:00";"NS";"Lonestar San Antonio W";"";"";"AHFC Royals W";"";"";"";"0.3";"";"0";"";"1.4";"";"";"";"";"1.4";"";"";"0";"";"0.3"
"United States";"USA";"USL W League";"28-06-2026 22:00";"NS";"Albion Colorado W";"";"";"Colorado Storm W";"";"";"";"";"";"";"";"1.4";"";"";"";"";"1.4";"";"";"";"";""
"United States";"USA";"USL W League";"28-06-2026 22:00";"CANCELLED";"SoCal Reds W";"";"";"Capo W";"";"";"";"1";"";"0";"";"1.4";"";"";"";"";"1.4";"";"";"0";"";"1"
"United States";"USA";"USL W League";"28-06-2026 23:00";"NS";"Portland Cherry Bombs";"";"";"Bigfoot W";"";"";"1.2";"0.2";"0.8";"0.5";"1.4";"1.4";"25";"0";"0";"0";"1.4";"1.3";"0.8";"0.5";"1";"0.2"
"United States";"USA";"UWS";"28-06-2026 13:00";"NS";"Michigan Stars W";"";"";"Midwest United W";"";"";"";"";"";"";"";"0";"";"";"";"";"0";"";"";"";"";""
"United States";"USA";"UWS";"28-06-2026 15:00";"NS";"Pinnacle W";"";"";"Michigan Legends W";"";"";"";"";"";"";"";"0";"";"";"";"";"0";"";"";"";"";""
"United States";"USA";"UWS";"28-06-2026 18:00";"NS";"Baltimore Blast W";"";"";"Racing Power W";"";"";"";"";"";"";"";"0";"";"";"";"";"0";"";"";"";"";""
"United States";"USA";"UWS";"28-06-2026 20:00";"NS";"Midland Fusion W";"";"";"Pontiac W";"";"";"";"";"";"";"";"0";"";"";"";"";"0";"";"";"";"";""
"United States";"USA";"UWS";"28-06-2026 20:00";"NS";"Grand Rapids W";"";"";"Michigan Jaguars W";"";"";"";"";"";"";"";"0";"";"";"";"";"0";"";"";"";"";""
"United States";"USA";"UWS";"28-06-2026 20:00";"NS";"Michigan Jaguars II W";"";"";"Troy City W";"";"";"";"";"";"";"";"0";"";"";"";"";"0";"";"";"";"";""
"United States";"USA";"UWS";"28-06-2026 20:00";"NS";"Baltimore Warriors W";"";"";"Lancaster W";"";"";"";"";"";"";"";"0";"";"";"";"";"0";"";"";"";"";""
"United States";"USA";"UWS";"28-06-2026 23:00";"NS";"Los Angeles SC W";"";"";"San Fernando Valley W";"";"";"";"";"";"";"";"0";"";"";"";"";"0";"";"";"";"";""
"Yemen";"YEM";"Yemeni League";"28-06-2026 10:00";"INPLAY_2ND_HALF";"Wahda Sana’a FC";"0";"0";"Shaab Hadramout FC";"0";"0";"";"";"";"";"";"1.2";"";"";"";"";"1";"";"";"";"";""
"Zimbabwe";"ZIM";"Premier Soccer League";"28-06-2026 10:00";"INPLAY_2ND_HALF";"Dynamos";"0";"0";"Bulawayo Chiefs";"0";"0";"1.4";"0.6";"2.2";"1.1";"2.7";"2.8";"44";"44";"25";"0";"2.6";"2.7";"2.2";"1.1";"1.4";"0.6"
"Zimbabwe";"ZIM";"Premier Soccer League";"28-06-2026 10:00";"INPLAY_2ND_HALF";"AGAMA";"0";"0";"Herentals";"0";"0";"1";"1.8";"2";"1.7";"3.2";"2.8";"67";"42";"16";"8";"2.6";"3.2";"2";"1.5";"1";"1.8"
"Argentina";"ARG";"Primera Division Women";"28-06-2026 15:00";"NS";"Unión W";"";"";"Ferro Carril Oeste W";"";"";"2.9";"2.8";"1";"2.6";"4.6";"4.4";"90";"75";"55";"20";"4.2";"4.4";"1";"2.5";"2.7";"2.6"
"Argentina";"ARG";"Primera Division Women";"28-06-2026 18:00";"NS";"San Luis W";"";"";"Boca Juniors W";"";"";"2.3";"1.6";"1.8";"2.4";"4";"4.4";"85";"55";"40";"20";"4.2";"3.8";"1.6";"2.3";"2.1";"1.6"
"Australia";"AUS";"Western Australia NPL Women";"28-06-2026 04:00";"FT";"Perth W";"2";"1";"Fremantle City W";"2";"0";"1";"0.4";"0.6";"0.4";"1.2";"1.4";"11";"6";"0";"0";"1.3";"1.2";"0.6";"0.3";"1";"0.4"
"Australia";"AUS";"Western Australia NPL Women";"28-06-2026 04:00";"FT";"Perth RedStar W";"2";"2";"Sorrento W";"1";"1";"0.9";"0.6";"0.4";"0.7";"1.2";"1.4";"16";"11";"5";"0";"1.3";"1.2";"0.4";"0.7";"0.9";"0.6"
"Australia";"AUS";"Western Australia NPL Women";"28-06-2026 04:45";"FT";"Subiaco W";"0";"3";"Balcatta W";"0";"0";"0.8";"0.8";"1";"0.8";"1.6";"1.4";"16";"16";"5";"0";"1.3";"1.6";"1";"0.8";"0.7";"0.8"
"Australia";"AUS";"Capital Territory NPL Women";"28-06-2026 01:00";"FT";"Woden Weston W";"1";"8";"Canberra W";"1";"3";"0.3";"0.8";"0.3";"0.7";"1.1";"1";"16";"8";"8";"0";"0.9";"1";"0.3";"0.5";"0.3";"0.8"
"Australia";"AUS";"Capital Territory NPL Women";"28-06-2026 02:00";"FT";"Belconnen United W";"10";"0";"Majura W";"6";"0";"0.8";"0.2";"1.2";"0.2";"1.2";"1";"25";"12";"0";"0";"0.9";"1.2";"1.2";"0.2";"0.8";"0.2"
"Australia";"AUS";"New South Wales NPL Women";"28-06-2026 01:50";"FT";"Bulls Academy W";"1";"0";"University of NSW W";"0";"0";"0.5";"0.5";"0.8";"0.6";"1.2";"1.8";"15";"0";"0";"0";"1.7";"1.2";"0.8";"0.6";"0.5";"0.5"
"Australia";"AUS";"New South Wales NPL Women";"28-06-2026 02:00";"FT";"Illawarra Stingrays W";"3";"0";"Gladesville Ravens W";"1";"0";"0.7";"0.9";"0.5";"0.8";"1.4";"1.8";"30";"0";"0";"0";"1.7";"1.3";"0.5";"0.7";"0.6";"0.8"
"Australia";"AUS";"New South Wales NPL Women";"28-06-2026 02:00";"DELAYED";"Macarthur Rams W";"0";"0";"Western Sydney II W";"0";"0";"1.2";"0.6";"0.7";"0.4";"1.4";"1.8";"20";"5";"0";"0";"1.7";"1.4";"0.6";"0.4";"1.2";"0.6"
"Australia";"AUS";"New South Wales NPL Women";"28-06-2026 04:00";"FT";"Sydney University W";"5";"2";"Mt Druitt Town W";"2";"0";"1";"1.5";"1";"0.9";"2.2";"1.8";"45";"15";"0";"0";"1.7";"2";"0.8";"0.9";"1";"1.4"
"Australia";"AUS";"New South Wales NPL Women";"28-06-2026 04:00";"FT";"Manly United W";"1";"2";"APIA Leichhardt W";"1";"0";"0.7";"0.4";"1";"1.5";"1.8";"1.8";"25";"15";"5";"5";"1.7";"1.8";"1";"1.5";"0.7";"0.3"
"Australia";"AUS";"New South Wales NPL Women";"28-06-2026 04:30";"FT";"Hills United W";"1";"0";"Sydney Olympic W";"0";"0";"0.9";"1.5";"0.9";"1.2";"2.2";"1.8";"45";"30";"10";"5";"1.7";"2.2";"0.8";"1.2";"0.9";"1.4"
"Australia";"AUS";"Tasmania Women's Super League";"28-06-2026 01:00";"FT";"South Hobart W";"2";"1";"Kingborough United W";"1";"1";"0.4";"0.4";"0.3";"0.6";"0.8";"1";"0";"0";"0";"0";"0.9";"0.8";"0.3";"0.6";"0.4";"0.4"
"Australia";"AUS";"Northern NSW NPL Women";"28-06-2026 01:00";"DELAYED";"Newcastle Olympic W";"0";"0";"Charlestown Azzurri W";"0";"0";"0.5";"0.3";"0.3";"0.7";"0.9";"1";"0";"0";"0";"0";"1";"0.9";"0.3";"0.7";"0.5";"0.3"
"Australia";"AUS";"Northern NSW NPL Women";"28-06-2026 03:00";"FT";"Adamstown Rosebud W";"0";"1";"Lake Macquarie City W";"0";"1";"0.9";"0.1";"0.6";"0.5";"1";"1";"10";"5";"5";"0";"1";"1";"0.6";"0.5";"0.8";"0.1"
"Belarus";"BLR";"Vysshaya Liga Women";"28-06-2026 08:00";"FT";"Naftan W";"2";"0";"Zorka-BDU W";"1";"0";"0.8";"0.4";"0.6";"0";"0.9";"1.4";"10";"0";"0";"0";"1.4";"0.9";"0.6";"0";"0.8";"0.4"
"Belarus";"BLR";"Vysshaya Liga Women";"28-06-2026 10:00";"INPLAY_2ND_HALF";"DYuSSh Pinskogo W";"0";"2";"Dinamo Brest W";"0";"2";"0.7";"1.5";"0";"0.3";"1.2";"1.4";"16";"8";"0";"0";"1.4";"1.2";"0";"0.3";"0.7";"1.5"
"Belarus";"BLR";"Vysshaya Liga Women";"28-06-2026 12:00";"NS";"Vitebsk W";"";"";"Belshina W";"";"";"0.5";"0.6";"0.2";"1.2";"1.2";"1.4";"20";"10";"0";"0";"1.4";"1.2";"0.2";"1.2";"0.5";"0.6"
"China";"CHN";"Super League Women";"28-06-2026 05:00";"FT";"Shaanxi Chang AN Athletic FC W";"0";"0";"Sichuan W";"0";"0";"0.2";"1";"0.4";"0.2";"0.9";"1.2";"12";"0";"0";"0";"1.1";"0.9";"0.4";"0.2";"0.2";"1"
"China";"CHN";"Super League Women";"28-06-2026 08:00";"FT";"Liaoning Shenbei Hefeng W";"1";"0";"Changchun Dazhong Zhiye W";"0";"0";"0.9";"0.9";"0.7";"1.2";"1.8";"1.2";"35";"15";"10";"0";"1.1";"1.8";"0.7";"1.2";"0.9";"0.9"
"China";"CHN";"Super League Women";"28-06-2026 08:35";"FT";"Shanghai RCB W";"2";"1";"Jiangsu W";"2";"0";"0.2";"1.3";"0.8";"0.9";"1.6";"1.2";"22";"7";"0";"0";"1.1";"1.6";"0.8";"0.9";"0.2";"1.3"
"China";"CHN";"Super League Women";"28-06-2026 08:35";"FT";"Shandong Sports Lottery W";"1";"0";"Zhejiang Hangzhou W";"1";"0";"1.3";"0.1";"0.6";"0.6";"1.3";"1.2";"16";"6";"0";"0";"1.1";"1.3";"0.6";"0.6";"1.3";"0.1"
"Europe";"EUR";"Euro U19 Women";"28-06-2026 09:00";"FT";"Switzerland U19 W";"2";"2";"Spain U19 W";"1";"1";"0.7";"0.8";"1.9";"1.8";"2.6";"";"58";"21";"16";"6";"";"2.6";"1.9";"1.8";"0.7";"0.8"
"Europe";"EUR";"Euro U19 Women";"28-06-2026 12:00";"NS";"Austria U19 W";"";"";"Iceland U19 W";"";"";"1";"0.7";"1.3";"1.2";"2.1";"";"36";"14";"7";"7";"";"2";"1.3";"1.1";"1";"0.7"
"Finland";"FIN";"Kansallinen Liiga Women";"28-06-2026 11:00";"INPLAY_1ST_HALF";"Åland United W";"0";"0";"HPS W";"0";"0";"1.7";"1.3";"1.7";"1.9";"3.3";"2.4";"66";"48";"34";"15";"2.4";"3.3";"1.7";"1.9";"1.7";"1.3"
"Finland";"FIN";"Ykkönen Women";"28-06-2026 09:00";"FT";"HJS W";"2";"3";"TPS W";"1";"1";"1.1";"0.8";"0.9";"1.2";"2";"1.7";"40";"6";"0";"0";"1.7";"1.9";"0.9";"1.1";"1";"0.8"
"Iceland";"ISL";"2. Deild Women";"28-06-2026 13:00";"NS";"Afturelding W";"";"";"Dalvík / Reynir W";"";"";"1.5";"1.5";"0.5";"1.5";"2.5";"2.1";"50";"25";"0";"0";"2";"2.2";"0.5";"1.5";"1.5";"1"
"Latvia";"LVA";"Women League";"28-06-2026 08:00";"FT";"Riga W";"22";"0";"Rēzeknes / BJSS";"9";"0";"";"";"";"";"";"0";"";"";"";"";"0";"";"";"";"";""
"Latvia";"LVA";"Women League";"28-06-2026 12:00";"NS";"Iecava / Olaine W";"";"";"Auda W";"";"";"";"";"";"";"";"0";"";"";"";"";"0";"";"";"";"";""
"Northern Ireland";"NIR";"Premiership Women";"28-06-2026 11:00";"INPLAY_1ST_HALF";"Glentoran BU W";"1";"0";"Derry City W";"1";"0";"0.6";"1.2";"0.9";"1.6";"2.1";"1.3";"27";"20";"10";"0";"1.2";"2";"0.9";"1.4";"0.6";"1.2"
"Norway";"NOR";"1. Division Women";"28-06-2026 09:00";"FT";"Start W";"1";"0";"Arna-Bjørnar W";"0";"0";"0.5";"0.5";"0.5";"1.5";"1.5";"2";"12";"12";"12";"0";"1.9";"1.2";"0.5";"1.2";"0.5";"0.2"
"Norway";"NOR";"1. Division Women";"28-06-2026 09:00";"FT";"Kolbotn W";"0";"3";"Grei W";"0";"1";"0.9";"0.6";"1.5";"0.5";"1.8";"2";"38";"12";"0";"0";"1.9";"1.6";"1.5";"0.5";"0.8";"0.6"
"Norway";"NOR";"1. Division Women";"28-06-2026 09:00";"DELAYED";"Klepp W";"";"";"TIL 2020 W";"";"";"1.5";"1";"0.5";"1.5";"2.2";"2";"44";"38";"6";"0";"1.9";"1.7";"0.5";"0.5";"1.4";"1"
"Norway";"NOR";"Cup Women";"28-06-2026 09:00";"INPLAY_ET";"Stabæk W";"2";"2";"Fortuna Ålesund W";"1";"1";"1.1";"1.2";"0.9";"0.8";"2";"1.6";"30";"12";"0";"0";"1.5";"2";"0.8";"0.8";"1.1";"1.2"
"New Zealand";"NZL";"National League Women";"28-06-2026 00:00";"FT";"Western Springs W";"0";"2";"Ellerslie W";"";"";"";"0";"";"0.5";"";"2.8";"";"";"";"";"2.5";"";"";"0.5";"";"0"
"Russia";"RUS";"Premier League Women";"28-06-2026 03:00";"FT";"Yenisey W";"0";"0";"Krasnodar W";"0";"0";"1";"1.7";"0.6";"2";"2.7";"2.6";"41";"26";"16";"16";"2.5";"2.4";"0.6";"1.9";"0.9";"1.6"
"Thailand";"THA";"Thai Women's League 1";"28-06-2026 05:00";"AWAITING_UPDATES";"MH Nakhonsi W";"";"";"Chonburi Sports School W";"";"";"1.3";"0.2";"0.7";"0.8";"1.5";"1.3";"16";"16";"0";"0";"1.3";"1.5";"0.7";"0.8";"1.3";"0.2"
"Thailand";"THA";"Thai Women's League 1";"28-06-2026 05:00";"AWAITING_UPDATES";"Nakhon Sawan W";"";"";"Kasem Bundit Uni W";"";"";"";"0.8";"";"1";"";"1.3";"";"";"";"";"1.3";"";"";"1";"";"0.8"
"Thailand";"THA";"Thai Women's League 1";"28-06-2026 05:00";"AWAITING_UPDATES";"BGC Asian Scholars W";"";"";"Chonburi FA W";"";"";"";"0.3";"";"1";"";"1.3";"";"";"";"";"1.3";"";"";"1";"";"0.3"
"Thailand";"THA";"Thai Women's League 1";"28-06-2026 06:00";"FT";"Burirat Academy W";"2";"0";"Bangkok W";"1";"0";"0.5";"1";"0";"0.5";"1";"1.3";"0";"0";"0";"0";"1.3";"1";"0";"0.5";"0.5";"1"
"World";"WOR";"Club Friendlies 3";"28-06-2026 04:30";"FT";"Katowice";"2";"0";"Arka Gdynia";"2";"0";"1.3";"1.7";"1.8";"2";"3.4";"2.1";"63";"47";"31";"16";"2";"3.2";"1.6";"1.9";"1.3";"1.7"
"World";"WOR";"Club Friendlies 3";"28-06-2026 05:30";"FT";"Odra Opole";"0";"0";"Žilina";"0";"0";"1.4";"1.6";"2";"2.3";"3.6";"2.1";"80";"60";"30";"15";"2";"3.6";"1.9";"2.3";"1.4";"1.6"
"World";"WOR";"Club Friendlies 3";"28-06-2026 05:30";"AWAITING_UPDATES";"Slovácko";"";"";"Prostějov";"";"";"2.2";"1.8";"1.3";"1.1";"3.2";"2.1";"65";"40";"20";"15";"2";"3.1";"1.3";"1.1";"2";"1.8"
"World";"WOR";"Club Friendlies 3";"28-06-2026 08:00";"FT";"Brøndby IF";"8";"1";"Hvidovre";"4";"1";"2.8";"1.7";"2.9";"1.3";"4.4";"2.1";"85";"60";"40";"25";"2";"4.2";"2.7";"1.2";"2.7";"1.7"
"World";"WOR";"Club Friendlies 3";"28-06-2026 09:00";"FT";"Hallescher FC";"1";"2";"Górnik Zabrze";"0";"0";"2.5";"1.3";"2";"2.9";"4.4";"2.1";"58";"53";"47";"42";"2";"4";"2";"2.8";"2";"1.3"
"World";"WOR";"Club Friendlies 3";"28-06-2026 09:00";"FT";"AIK";"3";"2";"Västerås SK";"2";"1";"3.2";"1.2";"1.7";"2.1";"4.1";"2.1";"75";"65";"40";"20";"2";"4.1";"1.7";"2.1";"3.2";"1.1"
"World";"WOR";"Club Friendlies 3";"28-06-2026 09:30";"TBA";"Barockstadt Fulda-Lehnerz";"";"";"SV Steinbach";"";"";"";"";"";"";"";"2.1";"";"";"";"";"2";"";"";"";"";""
"World";"WOR";"Club Friendlies 3";"28-06-2026 10:00";"CANCELLED";"Vorwarts-Wacker 04";"";"";"Drochtersen / Assel";"";"";"";"";"";"";"";"2.1";"";"";"";"";"2";"";"";"";"";""
"World";"WOR";"Club Friendlies 3";"28-06-2026 10:00";"INPLAY_2ND_HALF";"Krylya Sovetov";"1";"1";"Neftekhimik";"0";"1";"2.6";"1.7";"2.1";"1.4";"3.9";"2.1";"74";"46";"41";"36";"2";"3.8";"2.1";"1.4";"2.4";"1.7"
"World";"WOR";"Club Friendlies 3";"28-06-2026 10:30";"INPLAY_1ST_HALF";"Nijlen";"0";"1";"Koninklijke Lierse Sportkring";"0";"1";"";"2";"";"2.7";"";"2.1";"";"";"";"";"2";"";"";"2.5";"";"1.8"
"World";"WOR";"Club Friendlies 3";"28-06-2026 10:45";"INPLAY_1ST_HALF";"Molde";"0";"1";"Bodø / Glimt";"0";"1";"1.7";"0.3";"1.5";"1.9";"2.7";"2.1";"50";"30";"5";"5";"2";"2.6";"1.5";"1.7";"1.6";"0.3"
"World";"WOR";"Club Friendlies 3";"28-06-2026 12:00";"NS";"Wieczysta Kraków";"";"";"Dynamo Kyiv";"";"";"1.7";"1.6";"2";"1.8";"3.6";"2.1";"85";"45";"20";"5";"2";"3.5";"2";"1.8";"1.6";"1.6"
"World";"WOR";"Club Friendlies 3";"28-06-2026 13:00";"AWAITING_UPDATES";"Olimpija";"";"";"Čukarički";"";"";"2.8";"2.8";"3";"1.5";"5";"2.1";"90";"85";"60";"35";"2";"4.8";"2.8";"1.4";"2.8";"2.6"
"World";"WOR";"Club Friendlies 3";"28-06-2026 18:00";"NS";"NY Cosmos";"";"";"Santos Laguna";"";"";"3.1";"3.1";"2.8";"2.2";"5.6";"2.1";"100";"90";"70";"50";"2";"5.2";"2.6";"2";"2.9";"2.9"
"World";"WOR";"Club Friendlies 3";"28-06-2026 21:00";"NS";"Odense BK";"";"";"Kolding IF";"";"";"0.9";"1.3";"0.8";"1.3";"2.2";"2.1";"50";"10";"0";"0";"2";"2";"0.8";"1.3";"0.7";"1.3"
"World";"WOR";"Club Friendlies 3";"28-06-2026 21:00";"NS";"Crvena Zvezda";"";"";"Slovan Bratislava";"";"";"1.9";"1.8";"3.1";"2.7";"4.8";"2.1";"75";"65";"50";"25";"2";"4.6";"2.9";"2.6";"1.8";"1.8"
"World";"WOR";"Club Friendlies Women";"28-06-2026 20:00";"NS";"Portland Thorns W";"";"";"San Diego Wave W";"";"";"0.9";"1.3";"1.4";"2";"2.8";"1";"55";"30";"20";"5";"0.9";"2.8";"1.4";"2";"0.9";"1.3"
"Peru";"PER";"Copa de La Liga";"28-06-2026 15:00";"NS";"Alianza Lima";"";"";"Alianza Atlético";"";"";"1.8";"2.4";"1.9";"2.6";"4.4";"5.8";"85";"80";"40";"25";"5.4";"4";"1.7";"2.3";"1.8";"2.3"
"Peru";"PER";"Copa de La Liga";"28-06-2026 15:00";"NS";"César Vallejo";"";"";"Carlos Mannucci";"";"";"2.9";"2.1";"2.2";"2.4";"4.8";"5.8";"95";"65";"50";"30";"5.4";"4.4";"2.1";"2.2";"2.7";"1.8"
"Peru";"PER";"Copa de La Liga";"28-06-2026 17:15";"NS";"Los Chankas";"";"";"Santos";"";"";"2.4";"3";"2.5";"2.8";"5.4";"5.8";"82";"82";"68";"35";"5.4";"4.9";"2.4";"2.2";"2.3";"2.9"
"Peru";"PER";"Copa de La Liga";"28-06-2026 20:00";"NS";"Cusco FC";"";"";"Cienciano";"";"";"2.8";"2.8";"2.2";"3.1";"5.4";"5.8";"95";"85";"60";"40";"5.4";"5.1";"2.2";"2.8";"2.8";"2.4"
"South Africa";"RSA";"Super League Women";"28-06-2026 04:00";"AWAITING_UPDATES";"Stellenbosch W";"";"";"Copperbelt Ladies W";"";"";"";"1.5";"";"2";"";"2.4";"";"";"";"";"2.4";"";"";"1.8";"";"1.5"
"South Africa";"RSA";"Super League Women";"28-06-2026 07:00";"FT";"Ramatlaohle Ladies W";"1";"1";"University of Fort Hare W";"1";"1";"";"0.5";"";"0.5";"";"2.4";"";"";"";"";"2.4";"";"";"0.5";"";"0.5"
"South Africa";"RSA";"Super League Women";"28-06-2026 10:00";"INPLAY_2ND_HALF";"City Lads W";"0";"2";"First Touch W";"0";"2";"1.5";"1.5";"1";"1.5";"2.8";"2.4";"50";"25";"25";"0";"2.4";"2.8";"1";"1.5";"1.5";"1.5"