"Country ";"Short";"League ";"Hour";"Status";"Home Team";"Result Home";"Result Visitor";"Visitor Team";"Odds";"Odds";"Odds";"Odds";"Casa | Fora";"Casa | Fora";"Global";"Casa | Fora";"Global";"Global";"Global";"Global";"Casa | Fora";"Casa | Fora";"Global";"Global";"Global";"Global";"Global";"Global";"Global";"Global";"Casa | Fora";"Global";"Casa | Fora";"Casa | Fora";"Casa | Fora";"Casa | Fora";"Casa | Fora";"Global";"Global";"Casa | Fora";"Casa | Fora";"Global";"Casa | Fora";"Casa | Fora";"Casa | Fora";"Global";"Global";"Global"
"World";"WOR";"World Cup";"01-07-2026 13:00";"NS";"England";"";"";"Congo DR";"1.27";"12.92";"1.27";"1.32";"";"67 | 17";"3";"68 | 17";"50";"";"2.2";"2";"2 | 0.5";"1 | 1";"50";"50";"25";"75";"3";"23.8";"8.5";"9.8";"2 | 0.5";"9";"70 | 70";"50 | 50";"";"1 | 0.5";"1 | 0.5";"0.8";"1.5";"0 | 0.5";"1 | 0";"";"50 | 0";"8.5 | 4";"2 | 5";"8.9";"100";"100"
"World";"WOR";"World Cup";"01-07-2026 17:00";"NS";"Belgium";"";"";"Senegal";"2.20";"3.50";"1.35";"1.24";"";"33 | 0";"5";"17 | 51";"75";"";"2.8";"3";"0.5 | 1.5";"0.5 | 3";"75";"50";"50";"50";"3";"26.2";"9.2";"8.5";"1 | 0";"8";"88 | 0";"50 | 50";"";"0 | 0";"0.5 | 0.5";"2.2";"0.5";"0 | 2.5";"0.5 | 1.5";"";"0 | 0";"3 | 4";"4.5 | 5.5";"8.9";"75";"75"
"World";"WOR";"World Cup";"01-07-2026 21:00";"NS";"United States";"";"";"Bosnia and Herzegovina";"1.38";"8.53";"1.25";"1.36";"";"100 | 17";"1";"100 | 34";"100";"";"3.5";"3";"3 | 1";"0.5 | 2.5";"75";"75";"50";"50";"3";"19.8";"7";"9.5";"3 | 0.5";"9";"88 | 18";"50 | 50";"";"2.5 | 0.5";"0 | 0";"2";"1.5";"0.5 | 2.5";"0.5 | 0.5";"";"100 | 0";"5 | 3.5";"2.5 | 8";"8.9";"75";"75"
"Ecuador";"ECU";"Liga Pro";"01-07-2026 19:00";"POSTPONED";"LDU Quito";"";"";"Orense";"1.46";"6.55";"1.28";"1.31";"5 | 7";"52 | 48";"1";"24 | 48";"72";"";"2.2";"2";"0.7 | 1.4";"0.9 | 1.4";"50";"86";"36";"86";"2.2";"25.8";"7.5";"9.5";"1.6 | 1.4";"9";"74 | 56";"57 | 57";"";"0.3 | 0.7";"0.4 | 0.6";"1.2";"1";"0.4 | 0.9";"0.4 | 0.7";"";"43 | 43";"6.6 | 2.4";"3 | 7";"9.2";"78";"50"
"Ecuador";"ECU";"Liga Pro";"01-07-2026 21:00";"NS";"Delfin";"";"";"Emelec";"2.71";"2.62";"1.48";"1.17";"15 | 8";"54 | 24";"5";"20 | 10";"34";"";"1.2";"2";"0.6 | 0.3";"0.5 | 1.1";"13";"40";"6";"100";"2.2";"22.4";"6.4";"9.1";"1.6 | 0.7";"9";"88 | 66";"12 | 57";"";"0.4 | 0";"0.1 | 0.3";"0.8";"0.4";"0.4 | 0.9";"0.2 | 0.3";"";"50 | 14";"4 | 3.9";"4.6 | 5.7";"9.2";"74";"66"
"Canada";"CAN";"Premier League";"01-07-2026 14:00";"NS";"Forge";"";"";"Vancouver FC";"1.47";"5.75";"1.28";"1.30";"1 | 7";"87 | 33";"1";"34 | 34";"35";"";"1.5";"2";"1 | 1";"0 | 1";"25";"35";"12";"88";"2.6";"21.6";"6.1";"9.2";"2.6 | 1";"9";"100 | 70";"80 | 50";"";"0.2 | 0.2";"0 | 0.2";"1.2";"0.4";"0 | 0.8";"0.8 | 0.8";"";"80 | 25";"4.4 | 7.8";"3.6 | 2.8";"9.1";"80";"60"
"Canada";"CAN";"Premier League";"01-07-2026 17:00";"NS";"HFX Wanderers";"";"";"Atlético Ottawa";"2.52";"2.54";"1.26";"1.31";"4 | 3";"53 | 22";"5";"68 | 34";"82";"";"3.4";"3";"2 | 1";"1.6 | 2.2";"74";"74";"64";"45";"2.6";"23.6";"8.4";"9.4";"1.6 | 0.7";"9";"49 | 28";"60 | 50";"";"0.6 | 0";"0.8 | 1";"2.2";"1.2";"0.8 | 1.2";"1.4 | 1";"";"40 | 17";"5.4 | 3.8";"4.8 | 4.8";"9.1";"75";"75"
"Chile";"CHI";"Chilean Cup";"01-07-2026 19:00";"NS";"Univ. Concepción";"";"";"Ñublense";"2.43";"2.56";"1.21";"1.38";"";"";"";"";"";"";"";"";"";"";"";"";"";"";"";"";"";"";"";"";"";"";"";"";"";"";"";"";"";"";"";"";"";"";"";""
"Chile";"CHI";"Chilean Cup";"01-07-2026 19:00";"NS";"Cobresal";"";"";"La Serena";"1.93";"3.61";"1.27";"1.30";"";"";"";"";"";"";"";"";"";"";"";"";"";"";"";"";"";"";"";"";"";"";"";"";"";"";"";"";"";"";"";"";"";"";"";""
"Chile";"CHI";"Chilean Cup";"01-07-2026 19:00";"NS";"Deportes Limache";"";"";"Coquimbo Unido";"2.94";"2.20";"1.24";"1.41";"";"";"";"";"";"";"";"";"";"";"";"";"";"";"";"";"";"";"";"";"";"";"";"";"";"";"";"";"";"";"";"";"";"";"";""
"Chile";"CHI";"Chilean Cup";"01-07-2026 21:30";"NS";"Universidad Chile";"";"";"Unión La Calera";"";"";"";"";"";"";"";"";"";"";"";"";"";"";"";"";"";"";"";"";"";"";"";"";"";"";"";"";"";"";"";"";"";"";"";"";"";"";"";""
"Europe";"EUR";"Euro U19";"01-07-2026 14:00";"NS";"Denmark U19";"";"";"Spain U19";"5.35";"1.47";"1.12";"1.62";"";"";"";"";"";"";"";"";"";"";"";"";"";"";"";"";"";"";"";"";"";"";"";"";"";"";"";"";"";"";"";"";"";"";"";""
"Europe";"EUR";"Euro U19";"01-07-2026 16:00";"NS";"Wales U19";"";"";"Germany U19";"22.90";"1.07";"1.04";"2.12";"";"";"";"";"";"";"";"";"";"";"";"";"";"";"";"";"";"";"";"";"";"";"";"";"";"";"";"";"";"";"";"";"";"";"";""
"South Korea";"KOR";"WK-League";"01-07-2026 07:00";"NS";"Changnyeong W";"";"";"Boeun Sangmu W";"3.36";"2.03";"";"";"8 | 5";"6 | 75";"5";"27 | 34";"54";"";"2.5";"3";"0.8 | 1";"2.7 | 0.5";"46";"66";"46";"75";"2.7";"";"";"";"0.2 | 2.2";"";"10 | 88";"50 | 25";"";"0 | 0.2";"1 | 0.5";"1.6";"0.9";"1.7 | 0";"0.8 | 0.8";"";"0 | 75";"";"";"8.8";"";""
"South Korea";"KOR";"WK-League";"01-07-2026 07:00";"NS";"Seoul W";"";"";"Suwon FMC W";"4.01";"1.74";"1.22";"1.32";"7 | 1";"60 | 86";"2";"48 | 100";"100";"";"3.4";"3";"1.4 | 3";"1.6 | 0.9";"68";"90";"76";"62";"2.7";"19.6";"9.8";"9.4";"1.8 | 2.6";"10";"49 | 74";"80 | 57";"";"0.8 | 1.1";"1 | 0.3";"1.8";"1.6";"0.6 | 0.6";"0.6 | 1.9";"";"60 | 86";"4.4 | 8";"4.6 | 1.8";"8.8";"88";"58"
"Paraguay";"PAR";"Copa Paraguay";"01-07-2026 13:00";"NS";"3 de Febrero FBC";"";"";"Cristóbal Colón";"";"";"";"";"";"";"";"";"";"";"";"";"";"";"";"";"";"";"";"";"";"";"";"";"";"";"";"";"";"";"";"";"";"";"";"";"";"";"";""
"Paraguay";"PAR";"Copa Paraguay";"01-07-2026 15:30";"NS";"Deportivo Obrero";"";"";"Deportivo Ñepytyvo";"";"";"";"";"";"";"";"";"";"";"";"";"";"";"";"";"";"";"";"";"";"";"";"";"";"";"";"";"";"";"";"";"";"";"";"";"";"";"";""
"Paraguay";"PAR";"Copa Paraguay";"01-07-2026 18:00";"NS";"Sport Colombia";"";"";"Pilcomayo";"";"";"";"";"";"";"";"";"";"";"";"";"";"";"";"";"";"";"";"";"";"";"";"";"";"";"";"";"";"";"";"";"";"";"";"";"";"";"";""
"Argentina";"ARG";"Copa Santa Fe";"01-07-2026 21:00";"NS";"Gödeken";"";"";"Los Andes Alcorta";"";"";"";"";"";"";"";"";"";"";"";"";"";"";"";"";"";"";"";"";"";"";"";"";"";"";"";"";"";"";"";"";"";"";"";"";"";"";"";""
"Argentina";"ARG";"Copa Santa Fe";"01-07-2026 21:00";"NS";"Timbuense";"";"";"Sportivo Las Parejas";"";"";"";"";"";"";"";"";"";"";"";"";"";"";"";"";"";"";"";"";"";"";"";"";"";"";"";"";"";"";"";"";"";"";"";"";"";"";"";""
"Australia";"AUS";"Queensland Premier League 3 Metro";"01-07-2026 07:30";"NS";"Mt Gravatt Hawks";"";"";"Springfield United";"2.19";"2.45";"";"";"10 | 5";"42 | 54";"5";"61 | 68";"82";"";"4";"4";"1.8 | 2";"2.4 | 2";"62";"59";"75";"32";"4.6";"22.8";"11.8";"9.6";"1.2 | 1.6";"10";"21 | 35";"50 | 75";"";"0 | 0.9";"0.7 | 0.4";"2.8";"0.9";"2.6 | 1.6";"1.4 | 1.1";"";"25 | 50";"4.2 | 7";"4.5 | 3.5";"10.4";"62";"62"
"Australia";"AUS";"Capital Territory";"01-07-2026 06:30";"POSTPONED";"Monaro Panthers";"";"";"Queanbeyan City";"1.37";"5.77";"1.03";"2.03";"";"100 | 60";"1";"100 | 82";"100";"";"4.2";"5";"3.4 | 2.4";"1.2 | 1.4";"70";"80";"90";"60";"4.3";"22.4";"10.4";"8.9";"3 | 1.8";"9";"63 | 56";"40 | 40";"";"0.8 | 0.8";"0.6 | 0.4";"2.9";"1.3";"0.6 | 1";"2.6 | 1.6";"";"100 | 60";"7.2 | 5.8";"2.2 | 2.6";"9.5";"60";"60"
"Australia";"AUS";"Northern Nsw";"01-07-2026 07:00";"NS";"Newcastle Olympic";"";"";"Charlestown Azzurri";"2.31";"2.46";"1.10";"1.62";"10 | 11";"17 | 33";"5";"48 | 54";"94";"";"3.7";"4";"1.4 | 1.6";"2.1 | 2.3";"66";"87";"66";"46";"3.6";"24.8";"11.1";"11";"0.5 | 1";"11";"32 | 25";"50 | 57";"";"0.6 | 0.9";"1.2 | 1";"1.8";"1.9";"0.9 | 1.3";"0.8 | 0.7";"";"0 | 29";"6 | 4.9";"5.5 | 5.7";"10.9";"87";"80"
"Australia";"AUS";"Brisbane Reserves Premier League";"01-07-2026 05:30";"NS";"Mt Gravatt U23";"";"";"Springfield United U23";"";"";"";"";"11 | 10";"25 | 38";"";"34 | 51";"88";"";"4.5";"4";"1 | 1.5";"3.1 | 3.4";"50";"";"82";"44";"4.8";"";"";"";"0.8 | 1.1";"";"2 | 2";"38 | 25";"";"";"";"0";"0";"";"";"";"12 | 38";"";"";"0";"";""
"Australia";"AUS";"Queensland Premier League 2";"01-07-2026 07:30";"POSTPONED";"Brisbane Knights";"";"";"Souths United";"4.56";"1.48";"";"";"11 | 6";"67 | 67";"2";"75 | 78";"83";"";"3.5";"4";"2.2 | 2.3";"1.2 | 1.3";"50";"67";"66";"50";"3.7";"32.1";"17.2";"10.9";"2 | 2";"11";"63 | 60";"33 | 67";"";"0.8 | 0.8";"0.5 | 0.3";"2.2";"1.2";"0.7 | 1";"1.3 | 1.5";"";"67 | 67";"3.8 | 5";"6 | 7";"11.1";"90";"80"
"Australia";"AUS";"South Australia State League 1 Reserves";"01-07-2026 06:30";"POSTPONED";"Adelaide Raiders Res.";"";"";"South Adelaide Res.";"2.07";"2.71";"";"";"9 | 8";"43 | 19";"5";"44 | 34";"78";"";"3.4";"4";"1.3 | 1";"2.6 | 1.9";"72";"78";"71";"57";"4.1";"26.4";"16.2";"8.6";"1.3 | 0.6";"9";"14 | 38";"57 | 71";"";"0.6 | 0.6";"1.1 | 0.7";"1.8";"1.5";"1.4 | 1.1";"0.7 | 0.4";"";"43 | 14";"5.4 | 4";"3 | 4.8";"9.6";"68";"55"
"Australia";"AUS";"Capital Territory NPL Youth League";"01-07-2026 04:30";"NS";"Monaro Panthers U23";"";"";"Queanbeyan City U23";"2.02";"3.33";"";"";"2 | 6";"60 | 40";"5";"88 | 54";"80";"";"3.7";"4";"2.6 | 1.6";"2 | 1.2";"50";"100";"80";"60";"4.2";"26.2";"15.4";"8.4";"1.8 | 1.2";"8";"35 | 63";"40 | 60";"";"1.4 | 1";"1.4 | 0.8";"1.4";"2.3";"0.6 | 0.4";"1.2 | 0.6";"";"60 | 40";"7.5 | 5.3";"2.5 | 1.3";"8.6";"54";"38"
"Australia";"AUS";"Queensland NPL Youth League";"01-07-2026 06:00";"NS";"Queensland U16";"";"";"Peninsula Power U23";"";"";"";"";"11 | 10";"67 | 50";"";"100 | 75";"84";"";"4.2";"4";"3.2 | 2.2";"1.7 | 1.5";"58";"";"75";"34";"4.2";"";"";"";"2 | 1.5";"";"46 | 52";"50 | 50";"";"";"";"1.4";"0.5";"";"";"";"67 | 50";"";"";"10.2";"";""
"Australia";"AUS";"Queensland NPL Youth League";"01-07-2026 06:30";"NS";"Rochedale Rovers U23";"";"";"Moreton City U23";"2.46";"2.23";"";"";"2 | 5";"79 | 52";"5";"100 | 99";"94";"";"4.6";"4";"3.2 | 2.9";"1.1 | 1.9";"68";"78";"88";"40";"4.2";"23.6";"11.4";"8.6";"2.4 | 1.6";"10";"66 | 38";"38 | 29";"";"1.3 | 1.3";"0.4 | 0.7";"2.6";"1.8";"1 | 1.1";"2.3 | 1.6";"";"75 | 43";"4.8 | 6";"2.3 | 3.9";"10.2";"60";"52"
"Australia";"AUS";"Northern NSW Reserve League";"01-07-2026 05:00";"NS";"Newcastle Olympic Res.";"";"";"Charlestown Azzurri Res.";"1.26";"6.39";"";"";"1 | 8";"46 | 38";"3";"65 | 100";"81";"";"4.2";"4";"1.9 | 3";"1.2 | 2.4";"81";"86";"68";"40";"3.9";"30";"19.8";"9.3";"1.4 | 1.1";"9";"63 | 21";"50 | 43";"";"0.7 | 1.4";"0.9 | 1.4";"1.9";"2.2";"0.9 | 1";"1.1 | 1.6";"";"38 | 29";"6.2 | 4.4";"4 | 4";"10.3";"70";"70"
"Australia";"AUS";"New South Wales Waratah Cup";"01-07-2026 06:00";"NS";"Sydney United 58 FC";"";"";"APIA Leichhardt Tigers";"";"";"";"";"";"";"";"";"";"";"";"";"";"";"";"";"";"";"";"";"";"";"";"";"";"";"";"";"";"";"";"";"";"";"";"";"";"";"";""
"Bhutan";"BHU";"Bhutan Premier League";"01-07-2026 09:00";"NS";"BFF Academy U20";"";"";"RTC";"";"";"";"";"3 | 8";"44 | 50";"";"58 | 17";"75";"";"2.8";"2";"1.7 | 0.5";"2.3 | 1";"50";"75";"34";"66";"3.2";"";"";"";"1.3 | 1.5";"";"25 | 70";"67 | 50";"";"0.7 | 0";"0.7 | 0.5";"1.8";"0.9";"1.7 | 0.5";"1 | 0.5";"";"33 | 50";"";"";"9.9";"";""
"Belarus";"BLR";"Vysshaya Liga";"01-07-2026 14:30";"NS";"Slavia";"";"";"ML Vitebsk";"5.09";"1.70";"1.30";"1.24";"10 | 2";"29 | 90";"2";"31 | 82";"86";"";"2.7";"3";"0.9 | 2.4";"1.3 | 0.9";"64";"78";"64";"78";"2.5";"17";"6.6";"8.6";"0.9 | 2.7";"10";"60 | 74";"43 | 43";"";"0.4 | 1";"0.4 | 0.6";"1.5";"1.2";"0.9 | 0.3";"0.4 | 1.4";"";"14 | 86";"6 | 3.7";"3.6 | 3.9";"9.9";"57";"42"
"Brazil";"BRA";"Mineiro 2";"01-07-2026 15:00";"NS";"Ipatinga";"";"";"Aymorés";"";"";"";"";"1 | 2";"0 | 22";"";"10 | 10";"33";"";"1.8";"2";"0.3 | 0.3";"2.3 | 0.7";"33";"50";"33";"84";"2.4";"";"";"";"0 | 0.7";"";"25 | 80";"33 | 33";"";"0 | 0";"1 | 0.3";"1.2";"0.6";"1.3 | 0.3";"0.3 | 0.3";"";"0 | 0";"";"";"9";"";""
"Brazil";"BRA";"Mineiro 2";"01-07-2026 15:00";"NS";"Coimbra";"";"";"Villa Nova";"";"";"";"";"1 | 2";"56 | 33";"";"58 | 24";"50";"";"1.8";"2";"1.7 | 0.7";"0.3 | 1";"33";"67";"33";"84";"2.4";"";"";"";"1.7 | 1";"";"100 | 70";"67 | 33";"";"1.3 | 0.3";"0.3 | 0.3";"0.6";"1.2";"0 | 0.7";"0.3 | 0.3";"";"33 | 33";"";"";"9";"";""
"Brazil";"BRA";"Mineiro 2";"01-07-2026 19:00";"NS";"Mamoré";"";"";"Guarani MG";"";"";"";"";"1 | 2";"33 | 11";"";"10 | 10";"33";"";"1.3";"2";"0.3 | 0.3";"1 | 1";"16";"33";"16";"100";"2.4";"20.5";"8.4";"8.5";"1 | 0.3";"9";"70 | 70";"33 | 33";"";"0 | 0.3";"0.3 | 0.7";"0.6";"0.6";"0.7 | 0.3";"0.3 | 0";"";"33 | 0";"4.5 | 4.7";"2.5 | 5.3";"9";"58";"34"
"Brazil";"BRA";"Mineiro 2";"01-07-2026 19:00";"NS";"Caldense";"";"";"CAP Patrocinense";"";"";"";"";"1 | 2";"56 | 78";"";"10 | 58";"50";"";"1.2";"2";"0.3 | 1.7";"0 | 0.3";"16";"50";"0";"100";"2.4";"20";"7.8";"8";"1.7 | 2.3";"8";"100 | 100";"33 | 100";"";"0.3 | 0.7";"0 | 0";"0.6";"0.5";"0 | 0.3";"0 | 1";"";"33 | 67";"1.5 | 3.5";"5.5 | 5.5";"9";"50";"50"
"Brazil";"BRA";"Mineiro 2";"01-07-2026 19:30";"NS";"Uberaba";"";"";"Boa";"";"";"";"";"1 | 2";"78 | 44";"";"58 | 10";"50";"";"1.5";"2";"1.7 | 0.3";"0.7 | 0.3";"34";"84";"16";"100";"2.4";"19.8";"7.8";"8.5";"2.3 | 1.3";"8";"80 | 100";"33 | 67";"";"1 | 0.3";"0.7 | 0.3";"0.4";"1.2";"0 | 0";"0.7 | 0";"";"67 | 33";"4 | 4.5";"4 | 4.5";"9";"84";"42"
"Brazil";"BRA";"Mineiro 2";"01-07-2026 20:00";"NS";"Valeriodoce";"";"";"Democrata SL";"";"";"";"";"1 | 2";"33 | 44";"";"10 | 78";"66";"";"2.2";"2";"0.3 | 2.3";"0.3 | 1.3";"66";"66";"34";"84";"2.4";"17.8";"6.2";"8.8";"1 | 1.3";"9";"100 | 60";"33 | 33";"";"0.3 | 1.3";"0.3 | 0.3";"1";"1.2";"0 | 1";"0 | 1";"";"0 | 33";"3.5 | 3";"4 | 7";"9";"50";"50"
"Brazil";"BRA";"Brasileiro U20";"01-07-2026 15:00";"NS";"Criciuma U20";"";"";"Gremio U20";"1.89";"3.30";"";"";"20 | 15";"42 | 22";"1";"54 | 61";"94";"";"4.2";"4";"1.6 | 1.8";"2.2 | 2.7";"64";"76";"64";"60";"3.1";"23.1";"9.6";"9.8";"1.2 | 0.7";"10";"28 | 10";"25 | 44";"";"0.8 | 0.7";"0.6 | 1";"2.6";"1.5";"1.6 | 1.7";"0.9 | 1.1";"";"38 | 22";"4.6 | 3.9";"5.5 | 5.5";"10.4";"88";"56"
"Brazil";"BRA";"Brasileiro U20";"01-07-2026 15:00";"NS";"Botafogo U20";"";"";"Fluminense U20";"1.78";"3.75";"";"";"3 | 14";"81 | 29";"1";"58 | 37";"76";"";"2.4";"3";"1.7 | 1.1";"0.8 | 1.4";"40";"70";"53";"83";"3.1";"23";"8.9";"10.2";"2.4 | 0.9";"10";"77 | 56";"44 | 62";"";"0.7 | 0.4";"0.4 | 0.4";"1.6";"1";"0.3 | 1";"1 | 0.8";"";"78 | 25";"5.8 | 3.8";"6.1 | 4.9";"10.4";"82";"64"
"Brazil";"BRA";"Brasileiro U20";"01-07-2026 15:00";"NS";"Palmeiras U20";"";"";"Cuiabá U20";"1.23";"8.50";"";"";"1 | 16";"63 | 7";"3";"99 | 10";"89";"";"3.4";"3";"2.9 | 0.3";"1.7 | 1.8";"61";"84";"61";"56";"3.1";"23.4";"9.1";"10.9";"1.9 | 0.2";"11";"46 | 42";"44 | 33";"";"1.1 | 0.1";"0.8 | 0.9";"1.9";"1.4";"0.9 | 0.9";"1.8 | 0.2";"";"44 | 0";"7.9 | 2.3";"3.9 | 7.7";"10.4";"78";"67"
"Brazil";"BRA";"Brasileiro U20";"01-07-2026 15:00";"NS";"Santos U20";"";"";"Sao Paulo U20";"";"";"";"";"5 | 12";"54 | 33";"";"61 | 51";"82";"";"3.1";"3";"1.8 | 1.5";"1.2 | 1.8";"50";"81";"50";"50";"3.1";"23.1";"8.5";"11";"1.6 | 1";"11";"63 | 42";"50 | 50";"";"0.5 | 0.6";"0.5 | 0.9";"1.9";"1.2";"0.8 | 0.9";"1.2 | 0.9";"";"50 | 12";"7.9 | 5.4";"3.6 | 5.1";"10.4";"88";"75"
"Brazil";"BRA";"Brasileiro U20";"01-07-2026 15:00";"NS";"América Mineiro U20";"";"";"Bragantino U20";"2.80";"2.15";"";"";"11 | 4";"46 | 63";"5";"48 | 65";"71";"";"2.8";"3";"1.4 | 1.9";"1.4 | 1";"60";"78";"47";"53";"3.1";"27.4";"10.6";"12.4";"1.4 | 1.9";"12";"56 | 70";"50 | 44";"";"0.9 | 1";"0.6 | 0.6";"1.2";"1.6";"0.8 | 0.4";"0.5 | 0.9";"";"25 | 56";"6.1 | 7.6";"5.4 | 5.8";"10.4";"94";"94"
"Brazil";"BRA";"Brasileiro U20";"01-07-2026 15:00";"NS";"Fortaleza U20";"";"";"Vasco da Gama U20";"2.70";"2.28";"";"";"19 | 2";"25 | 46";"5";"20 | 48";"62";"";"2";"2";"0.6 | 1.4";"0.9 | 1.1";"56";"69";"32";"81";"3.1";"23.8";"7.9";"9.3";"0.8 | 1.4";"10";"74 | 66";"62 | 38";"";"0.1 | 1";"0.4 | 0.5";"1";"1";"0.5 | 0.6";"0.5 | 0.4";"";"0 | 38";"6.4 | 3.9";"4 | 4.4";"10.4";"75";"69"
"Brazil";"BRA";"Brasileiro U20";"01-07-2026 15:00";"NS";"Atletico-PR U20";"";"";"Vitoria U20";"1.67";"4.10";"";"";"6 | 13";"67 | 19";"1";"82 | 34";"89";"";"3.4";"3";"2.4 | 1";"1.3 | 2";"72";"78";"62";"56";"3.1";"21";"8.8";"11.2";"2 | 0.6";"11";"60 | 35";"44 | 56";"";"1 | 0.6";"0.7 | 0.9";"1.8";"1.5";"0.7 | 1.1";"1.4 | 0.4";"";"56 | 0";"7.9 | 5.2";"3.6 | 5.9";"10.4";"89";"78"
"Brazil";"BRA";"Brasileiro U20";"01-07-2026 15:00";"NS";"Flamengo RJ U20";"";"";"Avaí U20";"1.33";"6.50";"";"";"9 | 17";"56 | 22";"1";"41 | 54";"78";"";"3.6";"3";"1.2 | 1.6";"1.2 | 3.1";"67";"78";"61";"56";"3.1";"27";"10.6";"10.1";"1.7 | 0.7";"10";"63 | 2";"44 | 44";"";"0.6 | 0.6";"0.7 | 1.6";"1.9";"1.6";"0.6 | 1.6";"0.7 | 1";"";"44 | 11";"4.7 | 3.6";"4.3 | 7.7";"10.4";"78";"66"
"Brazil";"BRA";"Brasileiro U20";"01-07-2026 15:00";"NS";"Juventude U20";"";"";"Corinthians U20";"2.80";"2.12";"";"";"18 | 8";"42 | 75";"5";"48 | 68";"88";"";"3.2";"3";"1.4 | 2";"1.9 | 1.1";"75";"75";"68";"56";"3.1";"24.3";"10";"11.1";"1.2 | 2.2";"11";"38 | 66";"50 | 38";"";"0.4 | 1.4";"0.8 | 0.1";"1.8";"1.3";"1.1 | 1";"1 | 0.6";"";"38 | 62";"3.2 | 5";"7.4 | 6.6";"10.4";"80";"73"
"Brazil";"BRA";"Brasileiro U20";"01-07-2026 15:00";"NS";"Bahia U20";"";"";"Cruzeiro U20";"1.98";"3.05";"";"";"10 | 7";"56 | 38";"1";"61 | 41";"82";"";"3";"3";"1.8 | 1.2";"1.4 | 1.6";"64";"81";"64";"59";"3.1";"21.6";"8.2";"10.1";"1.7 | 1.1";"10";"56 | 49";"44 | 62";"";"1.1 | 0.6";"1 | 0.4";"1.5";"1.6";"0.4 | 1.2";"0.7 | 0.6";"";"44 | 25";"5.1 | 5.2";"4.3 | 5.5";"10.4";"82";"60"
"Brazil";"BRA";"Catarinense 2";"01-07-2026 15:00";"NS";"Blumenau";"";"";"Juventus SC";"1.34";"7.50";"";"";"";"47 | 33";"1";"61 | 10";"46";"";"2";"3";"1.8 | 0.3";"0.6 | 1.3";"10";"45";"28";"82";"2.6";"19.2";"6.1";"10.6";"1.4 | 1";"10";"84 | 60";"40 | 33";"";"1.2 | 0";"0 | 0.7";"1.1";"1";"0.6 | 0.7";"0.6 | 0.3";"";"40 | 33";"8.2 | 5.8";"3.2 | 4";"9.3";"80";"80"
"Brazil";"BRA";"Catarinense 2";"01-07-2026 15:00";"NS";"Jaraguá";"";"";"Atlético Tubarão";"9.00";"1.19";"";"";"";"0 | 50";"4";"10 | 27";"66";"";"2.6";"2";"0.3 | 0.8";"3.3 | 0.7";"25";"50";"42";"66";"2.6";"18.3";"6.3";"8.5";"0 | 1.5";"9";"2 | 80";"50 | 50";"";"0 | 0.3";"1.2 | 0.5";"1.6";"1";"2.2 | 0.2";"0.3 | 0.5";"";"0 | 33";"2.5 | 3.6";"5.2 | 5.6";"9.3";"75";"65"
"Brazil";"BRA";"Catarinense 2";"01-07-2026 20:00";"NS";"Nação";"";"";"Metropolitano";"4.20";"1.71";"";"";"";"67 | 60";"2";"34 | 54";"60";"";"2.5";"3";"1 | 1.6";"1.2 | 1.2";"10";"70";"50";"70";"2.6";"23.6";"8.9";"11.2";"2 | 1.8";"10";"63 | 63";"40 | 60";"";"0.4 | 0.8";"0.6 | 0.6";"1.3";"1.2";"0.6 | 0.6";"0.6 | 0.8";"";"60 | 60";"2.7 | 5";"10.3 | 4.5";"9.3";"75";"75"
"Brazil";"BRA";"Brasiliense U20";"01-07-2026 15:30";"NS";"Legião U20";"";"";"Capital DF U20";"3.05";"2.00";"";"";"2 | 3";"100 | 67";"5";"68 | 34";"75";"";"2";"3";"2 | 1";"0.5 | 0.5";"50";"100";"25";"100";"4.3";"";"";"";"3 | 2";"";"88 | 88";"50 | 50";"";"0.5 | 0.5";"0.5 | 0.5";"1";"1";"0 | 0";"1.5 | 0.5";"";"100 | 50";"";"";"10.1";"";""
"Brazil";"BRA";"Brasiliense U20";"01-07-2026 15:30";"NS";"Sobradinho U20";"";"";"CA Taguatinga U20";"1.32";"7.52";"";"";"6 | 7";"67 | 67";"1";"100 | 100";"84";"";"5.5";"5";"3.7 | 3";"0.7 | 3.7";"66";"";"84";"16";"4.3";"";"";"";"2 | 2";"";"80 | 2";"33 | 33";"";"";"";"1.2";"0.6";"";"";"";"67 | 67";"";"";"10.1";"";""
"Brazil";"BRA";"Copa Espirito Santo";"01-07-2026 20:00";"NS";"Vitória ES";"";"";"Rio Branco-VN";"";"";"";"";"";"67 | 53";"";"75 | 41";"60";"";"2.7";"2";"2.2 | 1.2";"0.8 | 1.2";"30";"60";"50";"60";"2.5";"18.1";"8.2";"8.7";"2 | 1.6";"10";"77 | 63";"60 | 40";"";"1.6 | 0.8";"0 | 0.2";"1.4";"1.3";"0.8 | 1";"0.6 | 0.4";"";"60 | 40";"4.2 | 4.8";"4.4 | 4";"10.1";"78";"55"
"Brazil";"BRA";"Carioca A2";"01-07-2026 14:45";"NS";"Bonsucesso";"";"";"América RJ";"2.63";"2.55";"";"";"11 | 6";"50 | 58";"5";"51 | 61";"75";"";"2.8";"2";"1.5 | 1.8";"1 | 1.2";"38";"88";"62";"75";"2.2";"18.6";"7.2";"8.9";"1.5 | 1.8";"9";"70 | 63";"50 | 75";"";"1 | 0.5";"0.5 | 0.5";"1.5";"1.2";"0.5 | 0.8";"0.5 | 1.2";"";"50 | 50";"5.5 | 4";"3.2 | 5";"9.5";"75";"62"
"Brazil";"BRA";"Maranhense 2";"01-07-2026 15:30";"NS";"Tupan";"";"";"Araioses";"";"";"";"";"";"";"";"";"";"";"";"";"";"";"";"";"";"";"";"";"";"";"";"";"";"";"";"";"";"";"";"";"";"";"";"";"";"";"";""
"Brazil";"BRA";"Maranhense 2";"01-07-2026 15:30";"NS";"São Luís";"";"";"Bacabal";"";"";"";"";"";"";"";"";"";"";"";"";"";"";"";"";"";"";"";"";"";"";"";"";"";"";"";"";"";"";"";"";"";"";"";"";"";"";"";""
"Brazil";"BRA";"Brasileiro U20 B";"01-07-2026 20:00";"NS";"Goias U20";"";"";"CRB U20";"1.58";"4.60";"";"";"1 | 2";"75 | 67";"1";"85 | 68";"100";"";"3.6";"3";"2.5 | 2";"1 | 1.7";"58";"100";"71";"29";"3";"24.1";"9";"9.2";"2.2 | 2";"10";"70 | 46";"75 | 67";"";"1.2 | 1";"0.5 | 0.7";"1.9";"1.8";"0.5 | 1";"1.2 | 1";"";"75 | 67";"6.8 | 2";"4.8 | 5";"9.8";"66";"66"
"Brazil";"BRA";"Brasileiro U20 B";"01-07-2026 20:00";"NS";"Ceará U20";"";"";"Atletico Mineiro U20";"2.20";"2.75";"";"";"1 | 2";"100 | 50";"5";"88 | 51";"75";"";"3";"3";"2.6 | 1.5";"1 | 1";"52";"75";"65";"58";"3";"22.5";"8.5";"9.4";"3 | 1.5";"9";"70 | 70";"60 | 50";"";"1.4 | 0.5";"0.4 | 0.8";"1.5";"1.5";"0.6 | 0.2";"1.2 | 1";"";"100 | 50";"6.8 | 4.8";"2 | 5.2";"9.8";"68";"68"
"Ecuador";"ECU";"Liga Pro Serie B";"01-07-2026 15:00";"NS";"Vinotinto FC";"";"";"Gualaceo";"";"";"";"";"4 | 5";"67 | 17";"";"68 | 17";"76";"";"2.2";"2";"2 | 0.5";"0.6 | 1.2";"40";"60";"37";"93";"2";"19";"8.1";"9";"2 | 0.5";"9";"84 | 63";"57 | 67";"";"0.9 | 0.3";"0.3 | 0.7";"1";"1";"0.3 | 0.5";"1.1 | 0.2";"";"57 | 0";"4.7 | 4";"3.6 | 5.8";"8.8";"58";"52"
"Ethiopia";"ETH";"Premier League";"01-07-2026 09:00";"NS";"Dire Dawa Kenema";"";"";"Arba Minch Kenema";"";"";"";"";"18 | 20";"30 | 67";"";"24 | 44";"75";"";"1.8";"2";"0.7 | 1.3";"1 | 0.7";"35";"65";"30";"100";"1.8";"14.1";"5.2";"8.2";"0.9 | 2";"8";"70 | 80";"70 | 80";"";"0.3 | 0.7";"0.6 | 0.3";"0.9";"1";"0.4 | 0.4";"0.4 | 0.6";"";"20 | 60";"4.9 | 4.5";"3.3 | 3.8";"7.6";"65";"40"
"Ethiopia";"ETH";"Premier League";"01-07-2026 09:00";"NS";"Mekelle Kenema";"";"";"Negele Arsi Ketema";"";"";"";"";"19 | 2";"37 | 50";"";"20 | 31";"60";"";"1.6";"2";"0.6 | 0.9";"0.8 | 0.9";"45";"50";"25";"95";"1.8";"14";"4.8";"7.8";"1.1 | 1.5";"8";"77 | 74";"50 | 70";"";"0.2 | 0.3";"0.4 | 0.4";"1";"0.6";"0.4 | 0.5";"0.4 | 0.6";"";"20 | 30";"4.2 | 3.3";"4.7 | 3.3";"7.6";"55";"35"
"Ethiopia";"ETH";"Premier League";"01-07-2026 12:00";"NS";"Fasil Ketema";"";"";"Ethiopian Medhin";"";"";"";"";"6 | 15";"43 | 43";"";"27 | 27";"55";"";"1.6";"2";"0.8 | 0.8";"1 | 0.6";"35";"30";"15";"95";"1.8";"14.6";"5.3";"7.3";"1.3 | 1.3";"8";"70 | 84";"50 | 60";"";"0.3 | 0.3";"0.1 | 0.2";"1.2";"0.4";"0.9 | 0.4";"0.5 | 0.5";"";"40 | 20";"3.2 | 3.9";"3.6 | 3.9";"7.6";"50";"35"
"Finland";"FIN";"Finland Cup";"01-07-2026 13:00";"NS";"HJK";"";"";"Ilves";"1.66";"4.16";"1.11";"1.73";"";"";"";"";"";"";"";"";"";"";"";"";"";"";"";"";"";"";"";"";"";"";"";"";"";"";"";"";"";"";"";"";"";"";"";""
"Finland";"FIN";"Kolmonen - Eastern Group";"01-07-2026 12:30";"NS";"IPS Edustus";"";"";"LAUTP";"";"";"";"";"2 | 6";"87 | 33";"";"75 | 34";"90";"";"3.1";"4";"2.2 | 1";"1.2 | 1.8";"42";"";"55";"68";"4";"";"";"";"2.6 | 1";"";"63 | 42";"40 | 50";"";"";"";"0.9";"1";"";"";"";"80 | 25";"";"";"10.6";"";""
"Finland";"FIN";"Kolmonen - Western Group";"01-07-2026 12:45";"NS";"JyTy Turku";"";"";"SalPa II";"3.30";"1.77";"";"";"12 | 6";"8 | 28";"2";"34 | 24";"62";"";"2.9";"4";"1 | 0.7";"2.8 | 1.3";"62";"48";"54";"54";"3.7";"23.4";"10.4";"9.9";"0.2 | 0.8";"10";"7 | 60";"75 | 50";"";"1 | 0";"1.5 | 0.2";"1.4";"1.4";"1.2 | 1.4";"0 | 0.8";"";"0 | 17";"4.5 | 4";"5.5 | 5.8";"10";"88";"68"
"Finland";"FIN";"Kolmonen - Western Group";"01-07-2026 13:00";"NS";"SIF";"";"";"KPV Akatemia";"";"";"";"";"8 | 10";"33 | 0";"";"41 | 41";"90";"";"4";"4";"1.2 | 1.2";"1.6 | 4";"70";"90";"80";"42";"3.7";"17.8";"9.6";"8.9";"1 | 0";"9";"49 | 2";"60 | 50";"";"0.8 | 0.8";"0.4 | 1.8";"2.2";"1.8";"1.2 | 2.2";"0.4 | 0.5";"";"20 | 0";"5 | 4";"2.8 | 6";"10";"64";"36"
"Finland";"FIN";"Kolmonen - Southern Group";"01-07-2026 13:00";"NS";"Gilla";"";"";"HooGee";"1.53";"4.00";"";"";"9 | 10";"39 | 17";"1";"75 | 34";"100";"";"3.9";"5";"2.2 | 1";"1.7 | 3";"84";"92";"83";"50";"4.1";"20.4";"9.9";"10";"1.2 | 0.5";"10";"46 | 0";"50 | 50";"";"1 | 0.2";"0.8 | 1.3";"2.2";"1.6";"0.8 | 1.7";"1.2 | 0.8";"";"33 | 17";"5.2 | 4.7";"5 | 5";"9.8";"84";"74"
"Finland";"FIN";"Kolmonen - Southern Group";"01-07-2026 14:45";"NS";"MPS";"";"";"EIF Akademi";"12.00";"1.10";"";"";"7 | 1";"25 | 83";"4";"17 | 100";"88";"";"3.8";"4";"0.5 | 4";"1.2 | 1.8";"50";"100";"50";"50";"4.1";"20.3";"8.8";"8.8";"0.8 | 2.5";"8";"63 | 42";"75 | 33";"";"0.2 | 1.7";"1 | 1";"1.8";"2";"0.2 | 0.8";"0.2 | 2.3";"";"25 | 83";"3.3 | 6.8";"4.3 | 3.2";"9.8";"58";"50"
"Georgia";"GEO";"Super Cup";"01-07-2026 13:00";"NS";"Dila";"";"";"Dinamo Tbilisi";"";"";"";"";"";"";"";"";"";"";"";"";"";"";"";"";"";"";"";"";"";"";"";"";"";"";"";"";"";"";"";"";"";"";"";"";"";"";"";""
"Georgia";"GEO";"Super Cup";"01-07-2026 13:00";"NS";"FC Iberia 1999";"";"";"Torpedo Kutaisi";"";"";"";"";"";"";"";"";"";"";"";"";"";"";"";"";"";"";"";"";"";"";"";"";"";"";"";"";"";"";"";"";"";"";"";"";"";"";"";""
"Iceland";"ISL";"2. Deild";"01-07-2026 16:15";"NS";"Haukar";"";"";"Kári";"1.37";"5.40";"1.05";"";"1 | 3";"87 | 53";"1";"100 | 95";"90";"";"4.7";"5";"3 | 2.8";"1.2 | 2.4";"90";"80";"90";"10";"4";"26";"12.3";"13.2";"2.6 | 1.6";"12";"63 | 21";"40 | 40";"";"0.4 | 0.8";"0.8 | 0.8";"3.3";"1.4";"0.4 | 1.6";"2.6 | 2";"";"80 | 40";"9.4 | 7.5";"3.2 | 6.2";"11.7";"100";"100"
"Iceland";"ISL";"4. Deild";"01-07-2026 16:15";"NS";"Elliði";"";"";"Álftanes";"3.05";"1.87";"";"";"6 | 1";"33 | 100";"2";"100 | 78";"100";"";"4.8";"5";"3.3 | 2.3";"3 | 1";"84";"100";"84";"50";"5.1";"22.4";"10.4";"13.2";"1 | 3";"13";"0 | 70";"67 | 33";"";"2.3 | 1.3";"2 | 0.3";"1.8";"3";"1 | 0.7";"1 | 1";"";"33 | 100";"9 | 7.7";"6 | 3.7";"12.6";"100";"100"
"Iceland";"ISL";"U19 League";"01-07-2026 14:00";"NS";"Thór / THK / V / M U19";"";"";"FH / ÍH U19";"";"";"";"";"1 | 2";"71 | 50";"";"88 | 75";"100";"";"4.2";"5";"2.6 | 2.2";"1.1 | 2.5";"69";"100";"93";"45";"5.1";"";"";"";"2.1 | 1.5";"";"66 | 18";"43 | 33";"";"1.7 | 1";"0.3 | 4";"0.6";"1.3";"2.7 | 3.5";"4 | 5.5";"";"71 | 50";"";"";"11.9";"";""
"Iceland";"ISL";"U19 League B";"01-07-2026 16:30";"NS";"KR / KV U19";"";"";"ÍR / Léttir U19";"";"";"";"";"1 | 2";"67 | 40";"";"100 | 100";"100";"";"8.4";"7";"4 | 4.2";"4.7 | 4";"100";"";"100";"0";"5.8";"";"";"";"2 | 1.2";"";"2 | 2";"67 | 40";"";"";"";"0.2";"0.8";"";"";"";"67 | 40";"";"";"11.7";"";""
"Kyrgyzstan";"KGZ";"Top Liga";"01-07-2026 11:30";"NS";"OshMU-Aldier";"";"";"FTs Bishkek";"";"";"";"";"7 | 10";"39 | 33";"";"51 | 41";"90";"";"3.2";"3";"1.5 | 1.2";"2.2 | 1.6";"72";"82";"54";"64";"2.8";"";"";"";"1.2 | 1";"";"28 | 49";"33 | 40";"";"0.5 | 0.4";"1.5 | 0.4";"1.8";"1.4";"0.7 | 1.2";"1 | 0.8";"";"33 | 20";"";"";"9.5";"";""
"Kyrgyzstan";"KGZ";"Top Liga";"01-07-2026 21:00";"NS";"Dordoi Bishkek";"";"";"Kara-Balta";"";"";"";"";"9 | 16";"27 | 7";"";"34 | 27";"90";"";"3.2";"3";"1 | 0.8";"1.6 | 3";"50";"70";"40";"70";"2.8";"9.5";"4";"9.8";"0.8 | 0.2";"10";"49 | 0";"40 | 40";"";"0.6 | 0.4";"0.2 | 1.4";"1.9";"1.3";"1.4 | 1.6";"0.4 | 0.4";"";"20 | 0";"3.8 | 4.5";"4.4 | 7";"9.5";"55";"45"
"Kyrgyzstan";"KGZ";"Top Liga";"01-07-2026 21:00";"NS";"Toktogul";"";"";"Bishkek City";"";"";"";"";"13 | 8";"25 | 39";"";"41 | 41";"92";"";"3.1";"3";"1.2 | 1.2";"2.2 | 1.5";"71";"75";"75";"71";"2.8";"";"";"";"0.8 | 1.2";"";"28 | 52";"25 | 50";"";"0 | 0.3";"1.5 | 0.2";"2.1";"1";"0.8 | 1.3";"1.2 | 0.8";"";"25 | 33";"";"";"9.5";"";""
"Lithuania";"LTU";"1. Lyga";"01-07-2026 12:00";"NS";"FA Šiauliai II";"";"";"Tauras";"7.33";"1.32";"1.07";"2.04";"16 | 6";"29 | 33";"2";"37 | 34";"64";"";"2.6";"3";"1.1 | 1";"1.6 | 1.4";"57";"64";"57";"64";"2.9";"16.8";"7.6";"11";"0.9 | 1";"10";"49 | 56";"57 | 57";"";"0.6 | 0.1";"0.9 | 0.4";"1.6";"1";"0.7 | 1";"0.6 | 0.9";"";"14 | 29";"3.9 | 7";"7.1 | 3.9";"10.2";"86";"86"
"Lithuania";"LTU";"1. Lyga";"01-07-2026 13:00";"NS";"Atmosfera";"";"";"Be1 NFA";"2.52";"2.44";"1.18";"1.45";"8 | 3";"33 | 58";"5";"34 | 51";"75";"";"2.4";"2";"1 | 1.5";"1.4 | 0.9";"50";"56";"44";"82";"2.9";"17.9";"7.6";"10.2";"1 | 1.8";"10";"56 | 74";"38 | 50";"";"0.4 | 0.6";"0.2 | 0.4";"1.6";"0.8";"1.1 | 0.5";"0.6 | 0.9";"";"25 | 50";"7 | 6.2";"3.1 | 4.1";"10.2";"75";"68"
"Latvia";"LVA";"Virsliga";"01-07-2026 12:00";"NS";"Tukums";"";"";"Super Nova";"2.15";"3.01";"1.28";"1.29";"8 | 7";"43 | 53";"5";"71 | 31";"80";"";"2.7";"3";"2.1 | 0.9";"1.4 | 1";"60";"60";"55";"80";"3";"24";"8";"8.8";"1.3 | 1.6";"10";"56 | 70";"40 | 60";"";"0.9 | 0.5";"0.7 | 0.5";"1.4";"1.3";"0.7 | 0.5";"1.2 | 0.4";"";"30 | 50";"3.4 | 3.6";"5.4 | 5.2";"9.6";"60";"50"
"Mongolia";"MNG";"Premier League";"01-07-2026 05:00";"NS";"Khovd Western";"";"";"Ulaangom City";"";"";"";"";"6 | 9";"48 | 30";"";"78 | 65";"100";"";"5.8";"5";"2.3 | 1.9";"2 | 5.4";"58";"94";"89";"28";"5.1";"24";"12.4";"10.5";"1.4 | 0.9";"10";"35 | 2";"44 | 50";"";"0.7 | 1.2";"1.3 | 2.4";"3";"2.8";"0.7 | 3";"1.7 | 0.7";"";"44 | 30";"3.2 | 3.8";"7.1 | 6.8";"10.5";"71";"71"
"Mongolia";"MNG";"Premier League";"01-07-2026 08:00";"NS";"Khovd";"";"";"Khoromkhon Club";"3.17";"1.77";"";"2.70";"7 | 8";"30 | 11";"2";"68 | 61";"100";"";"7";"6";"2 | 1.8";"4 | 6.1";"43";"90";"90";"16";"5.1";"29";"14.3";"9.4";"0.9 | 0.3";"10";"2 | 2";"70 | 56";"";"0.8 | 1";"1 | 3.5";"3.9";"2.9";"3 | 3.4";"1.2 | 1";"";"30 | 11";"4.1 | 4.4";"5 | 5.4";"10.5";"62";"44"
"Mozambique";"MOZ";"Mocambola";"01-07-2026 09:00";"NS";"Songo";"";"";"AD Pemba";"";"";"";"";"4 | 11";"67 | 27";"";"51 | 14";"70";"";"1.7";"2";"1.5 | 0.4";"0.5 | 1";"35";"45";"10";"100";"1.7";"";"";"";"2 | 0.8";"";"88 | 70";"100 | 40";"";"0.5 | 0";"0 | 0.4";"1.2";"0.4";"0.5 | 0.6";"1 | 0.4";"";"50 | 20";"";"";"9.5";"";""
"Mozambique";"MOZ";"Mocambola";"01-07-2026 09:45";"NS";"Ferroviario Beira";"";"";"Ferroviário Nacala";"";"";"";"";"1 | 5";"60 | 56";"";"48 | 44";"64";"";"2";"2";"1.4 | 1.3";"0.6 | 0.7";"54";"46";"46";"74";"1.7";"";"";"";"1.8 | 1.7";"";"84 | 80";"60 | 67";"";"0.8 | 0.7";"0 | 0";"1.2";"0.8";"0.6 | 0.7";"0.6 | 0.7";"";"40 | 33";"";"";"9.5";"";""
"Mozambique";"MOZ";"Mocambola";"01-07-2026 09:45";"NS";"Chingale de Tete";"";"";"Baía de Pemba";"";"";"";"";"13 | 14";"17 | 8";"";"0 | 17";"38";"";"1.4";"2";"0 | 0.5";"1 | 1.2";"25";"38";"25";"100";"1.7";"";"";"";"0.5 | 0.2";"";"70 | 63";"50 | 50";"";"0 | 0";"0.5 | 0.5";"0.8";"0.5";"0.5 | 0.8";"0 | 0.5";"";"0 | 0";"";"";"9.5";"";""
"New Zealand";"NZL";"National League";"01-07-2026 04:30";"NS";"Auckland City";"";"";"Auckland II";"1.52";"4.92";"";"";"1 | 2";"67 | 28";"1";"71 | 51";"81";"";"3.2";"3";"2.1 | 1.5";"0.8 | 2";"60";"88";"58";"64";"3.4";"22.2";"10.4";"10.4";"2 | 0.8";"10";"77 | 35";"50 | 33";"";"1 | 0.8";"0.4 | 0.8";"1.6";"1.5";"0.4 | 1.2";"1.1 | 0.7";"";"62 | 17";"6.4 | 4.5";"3.2 | 6.7";"10.6";"66";"58"
"Russia";"RUS";"FNL 2 - Group 3";"01-07-2026 10:00";"NS";"Zenit Penza";"";"";"Salyut Belgorod";"4.65";"1.73";"1.22";"1.33";"12 | 6";"42 | 46";"2";"51 | 41";"68";"";"2.6";"3";"1.5 | 1.2";"1.5 | 0.9";"56";"68";"50";"69";"2.9";"11.6";"4.1";"10.4";"1.2 | 1.4";"10";"52 | 74";"62 | 38";"";"0.5 | 0.4";"0.5 | 0.4";"1.7";"0.9";"1 | 0.5";"1 | 0.9";"";"38 | 38";"7 | 4.6";"5.5 | 3.7";"9.4";"86";"72"
"Russia";"RUS";"FNL 2 - Group 4";"01-07-2026 07:00";"NS";"Krylya Sovetov Samara II";"";"";"Chelyabinsk II";"";"";"";"";"4 | 10";"67 | 22";"";"61 | 24";"71";"";"2.8";"3";"1.8 | 0.7";"1 | 2";"42";"79";"58";"71";"3.1";"14";"4";"7.7";"2 | 0.7";"8";"70 | 35";"50 | 67";"";"0.8 | 0.3";"0.6 | 0.8";"1.4";"1.3";"0.4 | 1.2";"1 | 0.3";"";"62 | 17";"3.6 | 2.7";"4.5 | 4.7";"8.5";"50";"36"
"Russia";"RUS";"FNL 2 - Group 4";"01-07-2026 08:30";"NS";"Dinamo Barnaul";"";"";"Orenburg II";"";"";"";"";"11 | 5";"33 | 33";"";"34 | 31";"77";"";"2.4";"2";"1 | 0.9";"1.2 | 1.9";"46";"62";"37";"70";"3.1";"16.8";"5.9";"9.5";"1 | 1";"9";"63 | 38";"17 | 57";"";"0.5 | 0.3";"0.8 | 0.9";"1.2";"1.2";"0.3 | 1";"0.5 | 0.6";"";"17 | 14";"5 | 4.7";"3.3 | 6";"8.5";"84";"38"
"Russia";"RUS";"FNL 2 - Group 4";"01-07-2026 09:00";"NS";"KDV";"";"";"Akron II";"";"";"";"";"3 | 6";"89 | 19";"";"92 | 44";"84";"";"3.4";"3";"2.7 | 1.3";"0.8 | 2";"76";"100";"76";"46";"3.1";"13.8";"4.4";"7.8";"2.7 | 0.6";"8";"77 | 35";"50 | 57";"";"1.2 | 0.7";"0.3 | 1";"1.8";"1.6";"0.5 | 1";"1.5 | 0.6";"";"83 | 14";"5.6 | 4.3";"3.2 | 2.4";"8.5";"47";"40"
"Russia";"RUS";"FNL 2 - Group 4";"01-07-2026 10:00";"NS";"Rubin Kazan' II";"";"";"Nosta";"";"";"";"";"9 | 12";"44 | 19";"";"44 | 34";"92";"";"3.2";"3";"1.3 | 1";"1.2 | 3";"54";"84";"60";"63";"3.1";"13.2";"5.6";"7.3";"1.3 | 0.6";"8";"63 | 0";"50 | 57";"";"0.7 | 0.7";"0.7 | 1.6";"1.4";"1.8";"0.5 | 1.4";"0.7 | 0.3";"";"33 | 14";"3 | 3.6";"3 | 5";"8.5";"52";"36"
"Russia";"RUS";"FNL 2 - Group 4";"01-07-2026 11:00";"NS";"Zenit Izhevsk";"";"";"Pobeda Nizhny Novgorod";"";"";"";"";"8 | 2";"56 | 67";"";"44 | 75";"92";"";"3";"3";"1.3 | 2.2";"1.2 | 1.3";"42";"92";"50";"75";"3.1";"13.6";"4.2";"7.4";"1.7 | 2";"8";"63 | 60";"50 | 33";"";"0.3 | 1.2";"0.7 | 0.8";"1.5";"1.5";"0.5 | 0.5";"1 | 1";"";"50 | 67";"4.2 | 5";"2.3 | 3.3";"8.5";"50";"25"
"Russia";"RUS";"FNL 2 - Group 4";"01-07-2026 12:00";"NS";"Khimik Dzerzhinsk";"";"";"Ural 2";"";"";"";"";"1 | 7";"76 | 44";"";"88 | 51";"100";"";"3.4";"3";"2.6 | 1.5";"1 | 1.7";"69";"92";"60";"46";"3.1";"11.6";"4.6";"8.4";"2.3 | 1.3";"9";"70 | 46";"57 | 50";"";"1.1 | 0.7";"0.3 | 1.2";"1.7";"1.6";"0.7 | 0.5";"1.4 | 0.8";"";"71 | 33";"4.4 | 3.3";"3.3 | 5.7";"8.5";"62";"46"
"Sweden";"SWE";"Ettan: South";"01-07-2026 14:00";"NS";"Eskilsminne";"";"";"Kristianstad";"1.92";"3.25";"1.16";"1.49";"10 | 13";"52 | 38";"1";"58 | 34";"86";"";"3";"3";"1.7 | 1";"1.7 | 1.6";"50";"86";"57";"64";"3.1";"16.8";"8.4";"9.8";"1.6 | 1.1";"10";"46 | 49";"57 | 57";"";"0.7 | 0.4";"0.7 | 0.4";"1.8";"1.2";"1 | 1.1";"1 | 0.6";"";"43 | 29";"3.9 | 4.9";"5.3 | 5.7";"9.8";"71";"57"
"Sweden";"SWE";"Division 2: Norra Gotaland";"01-07-2026 14:30";"NS";"Husqvarna";"";"";"Lidköping";"1.23";"9.16";"1.07";"1.87";"1 | 11";"90 | 42";"3";"92 | 41";"88";"";"3.6";"3";"2.7 | 1.2";"0.9 | 2.2";"74";"66";"80";"40";"3.3";"18.8";"8.4";"10.4";"2.7 | 1.2";"10";"74 | 28";"71 | 50";"";"0.9 | 0.5";"0.4 | 1";"2.2";"1.4";"0.4 | 1.2";"1.9 | 0.8";"";"86 | 38";"7.7 | 3.8";"3.3 | 6";"9.8";"69";"69"
"United States";"USA";"USL League Two";"01-07-2026 17:00";"NS";"Project 51O";"";"";"San Francisco City";"2.06";"2.78";"1.12";"1.59";"2 | 1";"58 | 83";"5";"41 | 100";"79";"";"3.2";"4";"1.2 | 3.2";"0.8 | 1.2";"50";"58";"46";"66";"3.6";"";"";"";"1.8 | 2.5";"";"77 | 63";"75 | 67";"";"0.5 | 1.8";"0.2 | 0.7";"1.5";"1.6";"0.5 | 0.5";"0.8 | 1.3";"";"50 | 83";"";"";"8.7";"";""
"United States";"USA";"USL League Two";"01-07-2026 18:00";"NS";"New England SC";"";"";"Vermont Green";"4.38";"1.60";"";"";"2 | 1";"100 | 100";"2";"85 | 100";"100";"";"3.8";"4";"2.5 | 3.2";"1 | 0.8";"90";"78";"90";"58";"3.6";"25.8";"12.8";"10.8";"3 | 3";"10";"70 | 77";"25 | 60";"";"1.2 | 1.6";"0.8 | 0.4";"1.8";"2";"0.2 | 0.4";"1.2 | 1.6";"";"100 | 100";"6 | 11";"1.8 | 2.7";"8.7";"75";"75"
"United States";"USA";"USL League Two";"01-07-2026 19:00";"NS";"Louisville City II";"";"";"Northern Indiana";"";"";"";"";"2 | 3";"67 | 25";"";"68 | 51";"78";"";"3.3";"3";"2 | 1.5";"0.6 | 2.5";"48";"68";"48";"52";"3.6";"";"";"";"2 | 0.8";"";"84 | 18";"20 | 75";"";"1 | 0.8";"0.4 | 1.2";"1.6";"1.7";"0.2 | 1.2";"1 | 0.8";"";"60 | 25";"";"";"8.7";"";""
"United States";"USA";"USL League Two";"01-07-2026 19:00";"NS";"Steel City";"";"";"Cleveland Force";"";"";"";"";"2 | 5";"73 | 40";"";"54 | 75";"70";"";"3.3";"3";"1.6 | 2.2";"0 | 2.8";"40";"60";"70";"40";"3.6";"";"";"";"2.2 | 1.2";"";"100 | 7";"40 | 80";"";"1.2 | 0.6";"0 | 1";"1.9";"1.4";"0 | 1.8";"0.4 | 1.6";"";"60 | 40";"";"";"8.7";"";""
"United States";"USA";"USL League Two";"01-07-2026 19:00";"NS";"Kings Hammer Columbus";"";"";"West Virginia Chaos";"";"";"";"";"5 | 1";"67 | 83";"";"92 | 75";"100";"";"3.8";"4";"2.7 | 2.2";"1.3 | 1.2";"88";"88";"75";"54";"3.6";"";"";"";"2 | 2.5";"";"60 | 63";"67 | 25";"";"1.3 | 1.2";"1 | 1";"1.4";"2.2";"0.3 | 0.2";"1.3 | 1";"";"67 | 75";"";"";"8.7";"";""
"United States";"USA";"USL League Two";"01-07-2026 19:00";"NS";"North Carolina II";"";"";"Tobacco Road";"";"";"";"";"6 | 9";"33 | 47";"";"41 | 100";"88";"";"4.2";"4";"1.2 | 3";"1.5 | 2.6";"78";"88";"75";"25";"3.6";"24.4";"11.5";"9.2";"1 | 1.4";"9";"52 | 14";"50 | 40";"";"0.5 | 1.4";"0.5 | 1.4";"2.3";"1.9";"1 | 1.2";"0.8 | 1.6";"";"25 | 40";"4.5 | 3";"5.5 | 5.3";"8.7";"84";"58"
"United States";"USA";"USL League Two";"01-07-2026 19:00";"NS";"Real Central New Jersey";"";"";"Delaware FC";"2.30";"2.37";"";"";"3 | 5";"60 | 47";"5";"75 | 75";"90";"";"4";"4";"2.2 | 2.2";"1.8 | 1.8";"80";"90";"80";"40";"3.6";"24.5";"13.2";"12.2";"1.8 | 1.4";"11";"42 | 42";"60 | 60";"";"1.4 | 0.8";"0.8 | 0.8";"2.1";"1.9";"1 | 1";"0.8 | 1.4";"";"60 | 40";"5 | 4";"7 | 8.3";"8.7";"100";"100"
"United States";"USA";"USL League Two";"01-07-2026 19:00";"NS";"Staten Island Athletic";"";"";"New Jersey Copa";"2.16";"2.72";"1.11";"1.62";"9 | 7";"8 | 25";"5";"41 | 41";"100";"";"4.4";"4";"1.2 | 1.2";"3.5 | 2.8";"62";"88";"88";"25";"3.6";"";"";"";"0.2 | 0.8";"";"2 | 7";"50 | 50";"";"0.2 | 0.8";"1.8 | 1.2";"2.4";"2";"1.8 | 1.5";"1 | 0.5";"";"0 | 25";"";"";"8.7";"";""
"United States";"USA";"USL League Two";"01-07-2026 19:00";"NS";"Weston";"";"";"Brevard Fire";"1.82";"3.43";"";"";"4 | 5";"33 | 40";"1";"41 | 75";"88";"";"3.7";"4";"1.2 | 2.2";"1.5 | 2.4";"65";"78";"65";"35";"3.6";"22.1";"10.6";"7.5";"1 | 1.2";"8";"52 | 21";"50 | 80";"";"0.5 | 0.2";"0.5 | 1.6";"2.3";"1.4";"1 | 0.8";"0.8 | 2";"";"25 | 40";"3.2 | 3.8";"3.8 | 4.2";"8.7";"50";"25"
"United States";"USA";"USL League Two";"01-07-2026 19:30";"NS";"Port City";"";"";"Salem City";"";"";"";"";"11 | 8";"17 | 56";"";"41 | 78";"92";"";"4";"4";"1.2 | 2.3";"2.5 | 2";"75";"84";"92";"42";"3.6";"";"";"";"0.5 | 1.7";"";"18 | 35";"33 | 33";"";"0.3 | 0.7";"1 | 1.2";"2.4";"1.6";"1.5 | 0.8";"0.8 | 1.7";"";"17 | 50";"";"";"8.7";"";""
"United States";"USA";"USL League Two";"01-07-2026 19:30";"NS";"Asheville City";"";"";"SC United Bantams";"";"";"";"";"4 | 5";"72 | 60";"";"51 | 61";"84";"";"2.6";"3";"1.5 | 1.8";"0.3 | 1.6";"48";"56";"48";"80";"3.6";"";"";"";"2.2 | 1.8";"";"100 | 49";"67 | 40";"";"0.3 | 0.6";"0.2 | 0.6";"1.8";"0.8";"0.2 | 1";"1.2 | 1.2";"";"67 | 60";"";"";"8.7";"";""
"United States";"USA";"USL League Two";"01-07-2026 19:30";"NS";"SF Glens";"";"";"San Juan SC";"";"";"";"";"4 | 8";"40 | 17";"";"27 | 41";"80";"";"3.1";"4";"0.8 | 1.2";"1.2 | 3";"45";"80";"70";"62";"3.6";"22";"10.8";"8.2";"1.2 | 0.5";"8";"63 | 0";"60 | 25";"";"0.4 | 0.2";"0.6 | 1.8";"1.6";"1.5";"0.6 | 1.2";"0.4 | 1";"";"40 | 0";"4.8 | 5";"3.2 | 3.5";"8.7";"62";"50"
"United States";"USA";"USL League Two";"01-07-2026 20:00";"NS";"Lehigh Valley Utd. Sonic";"";"";"Ocean City Nor'easters";"";"";"";"";"2 | 1";"100 | 100";"";"85 | 95";"83";"";"3.2";"4";"2.5 | 2.8";"0.7 | 0.5";"50";"83";"75";"50";"3.6";"26.6";"11.8";"11.1";"3 | 3";"10";"80 | 88";"50 | 50";"";"1.5 | 1.3";"0.2 | 0.3";"1.6";"1.7";"0.5 | 0.2";"1 | 1.5";"";"100 | 100";"7 | 6.5";"4 | 4.8";"8.7";"100";"75"
"United States";"USA";"USL League Two";"01-07-2026 20:00";"NS";"Reading United";"";"";"Eagle FC";"";"";"";"";"4 | 9";"58 | 8";"";"85 | 27";"100";"";"3.9";"3";"2.5 | 0.8";"1.5 | 3";"75";"100";"75";"25";"3.6";"";"";"";"1.8 | 0.2";"";"52 | 0";"75 | 75";"";"1.5 | 0.2";"1 | 1.5";"1.8";"2.2";"0.5 | 1.5";"1 | 0.5";"";"50 | 0";"";"";"8.7";"";""
"United States";"USA";"USL League Two";"01-07-2026 20:00";"NS";"Connecticut Rush";"";"";"AC Connecticut";"1.48";"5.23";"1.08";"1.68";"6 | 9";"22 | 0";"1";"41 | 27";"72";"";"3";"3";"1.2 | 0.8";"1.8 | 2.2";"64";"82";"64";"64";"3.6";"25";"10.8";"7.1";"0.7 | 0";"8";"42 | 28";"67 | 60";"";"0.5 | 0.2";"1 | 1.2";"1.6";"1.4";"0.8 | 1";"0.7 | 0.6";"";"17 | 0";"3.2 | 2";"3 | 6";"8.7";"38";"38"
"United States";"USA";"USL League Two";"01-07-2026 20:00";"NS";"Virginia Beach United";"";"";"Loudoun United II";"1.34";"6.70";"";"";"2 | 6";"67 | 47";"1";"100 | 95";"100";"";"4.7";"4";"3 | 2.8";"1.4 | 2.2";"70";"80";"80";"30";"3.6";"19.8";"10.5";"8.2";"2 | 1.4";"8";"56 | 28";"40 | 60";"";"1.4 | 1.4";"0.6 | 1";"2.5";"2.2";"0.8 | 1.2";"1.6 | 1.4";"";"60 | 40";"2.5 | 5.5";"3.5 | 5";"8.7";"50";"50"
"United States";"USA";"USL League Two";"01-07-2026 20:00";"NS";"Hudson Valley Hammers";"";"";"Manhattan";"";"";"";"";"4 | 6";"67 | 33";"";"100 | 61";"100";"";"4.8";"4";"3 | 1.8";"2.7 | 2.2";"75";"88";"100";"12";"3.6";"";"";"";"2 | 1";"";"10 | 28";"33 | 75";"";"0.3 | 0.2";"2 | 0.8";"3.2";"1.6";"0.7 | 1.5";"2.7 | 1.5";"";"67 | 25";"";"";"8.7";"";""
"United States";"USA";"USL League Two";"01-07-2026 20:00";"NS";"Miami";"";"";"Fort Lauderdale United";"8.42";"1.26";"";"";"6 | 1";"0 | 100";"4";"34 | 85";"100";"";"3.8";"4";"1 | 2.5";"3.7 | 0.2";"46";"29";"88";"66";"3.6";"";"";"";"0 | 3";"";"2 | 100";"67 | 75";"";"0.7 | 0.2";"0.3 | 0";"3.1";"0.6";"3.3 | 0.2";"0.3 | 2.2";"";"0 | 100";"";"";"8.7";"";""
"United States";"USA";"USL League Two";"01-07-2026 20:30";"NS";"Boston City";"";"";"Seacoast United Phantoms";"6.32";"1.34";"";"";"10 | 8";"11 | 47";"2";"34 | 75";"100";"";"4.1";"3";"1 | 2.2";"2.8 | 2.2";"84";"62";"84";"45";"3.6";"25.2";"12.5";"7.6";"0.3 | 1.4";"8";"7 | 28";"50 | 40";"";"0.3 | 0.2";"1.5 | 0.8";"2.7";"1.4";"1.3 | 1.4";"0.7 | 2";"";"0 | 40";"3.6 | 3";"6.2 | 2.5";"8.7";"30";"30"
"United States";"USA";"USL League Two";"01-07-2026 20:30";"NS";"Charlottesville Blues";"";"";"Bethesda SC";"1.66";"4.10";"";"";"3 | 9";"39 | 33";"1";"41 | 61";"92";"";"3.2";"3";"1.2 | 1.8";"1.2 | 2.5";"46";"75";"66";"54";"3.6";"20.6";"9.2";"5.6";"1.2 | 1";"7";"63 | 18";"33 | 50";"";"0.5 | 0.5";"0.5 | 1";"2";"1.2";"0.7 | 1.5";"0.7 | 1.2";"";"33 | 25";"2.7 | 2";"2 | 4.5";"8.7";"25";"25"
"United States";"USA";"USL League Two";"01-07-2026 21:00";"NS";"Sueno";"";"";"RKC";"1.47";"5.04";"";"";"2 | 5";"83 | 27";"1";"100 | 27";"90";"";"4";"4";"4.2 | 0.8";"1.2 | 1.6";"68";"55";"80";"40";"3.6";"";"";"";"2.5 | 0.8";"";"63 | 49";"50 | 60";"";"0.8 | 0.4";"0.5 | 0.8";"2.7";"1.2";"0.8 | 0.8";"3.5 | 0.4";"";"75 | 20";"";"";"8.7";"";""
"United States";"USA";"USL League Two";"01-07-2026 21:00";"NS";"Minneapolis City";"";"";"St. Croix";"";"";"";"";"1 | 7";"100 | 25";"";"100 | 61";"88";"";"4.5";"5";"4.4 | 1.8";"0.6 | 2.2";"68";"100";"88";"22";"3.6";"23.8";"9.2";"10.4";"3 | 0.8";"10";"84 | 28";"40 | 75";"";"2.8 | 1";"0.2 | 1.5";"1.8";"2.8";"0.4 | 0.8";"1.6 | 0.8";"";"100 | 25";"5.5 | 3";"4.2 | 8";"8.7";"88";"71"
"United States";"USA";"USL League Two";"01-07-2026 21:00";"NS";"Red River";"";"";"Little Rock Rangers";"";"";"";"";"3 | 1";"83 | 83";"";"100 | 61";"75";"";"3.2";"4";"3.2 | 1.8";"1.2 | 0.2";"62";"62";"75";"38";"3.6";"";"";"";"2.5 | 2.5";"";"63 | 100";"50 | 50";"";"2.2 | 0.5";"0 | 0";"1.8";"1.4";"1.2 | 0.2";"1 | 1.2";"";"75 | 75";"";"";"8.7";"";""
"United States";"USA";"USL League Two";"01-07-2026 21:00";"NS";"Hattiesburg";"";"";"Louisiana Krewe";"";"";"";"";"5 | 2";"83 | 67";"";"85 | 100";"88";"";"4.8";"4";"2.5 | 3.7";"1.2 | 2";"71";"88";"88";"12";"3.6";"";"";"";"2.5 | 2";"";"63 | 35";"75 | 33";"";"1.5 | 0.7";"0.8 | 1";"2.8";"2";"0.5 | 1";"1 | 3";"";"75 | 67";"";"";"8.7";"";""
"United States";"USA";"USL League Two";"01-07-2026 21:00";"NS";"Montgomery United";"";"";"Dothan United";"";"";"";"";"4 | 2";"50 | 58";"";"75 | 68";"100";"";"3.5";"4";"2.2 | 2";"1.5 | 1.2";"88";"75";"62";"38";"3.6";"18.2";"6.2";"7.6";"1.5 | 1.8";"8";"52 | 63";"75 | 50";"";"0.5 | 0.2";"0.8 | 0.8";"2.4";"1.1";"0.8 | 0.5";"1.8 | 1.8";"";"25 | 50";"2.7 | 3.5";"6.7 | 2.5";"8.7";"42";"42"
"United States";"USA";"USL League Two";"01-07-2026 21:00";"NS";"Lonestar";"";"";"Laredo Heat";"";"";"";"";"3 | 1";"67 | 83";"";"51 | 95";"100";"";"3";"3";"1.5 | 2.8";"1 | 0.8";"88";"75";"62";"75";"3.6";"";"";"";"2 | 2.5";"";"70 | 77";"50 | 50";"";"0.8 | 1.2";"0.8 | 0.2";"1.5";"1.5";"0.2 | 0.5";"0.8 | 1.5";"";"50 | 75";"";"";"8.7";"";""
"United States";"USA";"USL League Two";"01-07-2026 21:00";"NS";"Houston FC";"";"";"Twin City Toucans";"1.85";"3.35";"1.11";"1.62";"6 | 8";"22 | 25";"1";"58 | 41";"100";"";"4.4";"4";"1.7 | 1.2";"2.7 | 3.2";"75";"84";"54";"58";"3.6";"";"";"";"0.7 | 0.8";"";"10 | 2";"33 | 50";"";"0.3 | 0.2";"1.3 | 1.5";"2.8";"1.8";"1.3 | 1.8";"1.3 | 1";"";"0 | 25";"";"";"8.7";"";""
"United States";"USA";"USL League Two";"01-07-2026 21:00";"NS";"GFI";"";"";"AHFC Royals";"2.23";"2.51";"";"";"2 | 4";"83 | 40";"5";"85 | 41";"78";"";"2.7";"3";"2.5 | 1.2";"0.8 | 1";"42";"75";"35";"65";"3.6";"";"";"";"2.5 | 1.2";"";"77 | 70";"50 | 20";"";"1 | 0.6";"0 | 0.6";"1.6";"1.1";"0.8 | 0.4";"1.5 | 0.6";"";"75 | 20";"";"";"8.7";"";""
"United States";"USA";"USL League Two";"01-07-2026 21:30";"NS";"Santafé Wanderers";"";"";"Springfield";"";"";"";"";"2 | 6";"42 | 33";"";"61 | 68";"88";"";"3.4";"4";"1.8 | 2";"1 | 2";"75";"100";"62";"50";"3.6";"";"";"";"1.2 | 1";"";"70 | 35";"25 | 75";"";"1 | 1";"0.5 | 0.8";"1.7";"1.6";"0.5 | 1.2";"0.8 | 1";"";"25 | 25";"";"";"8.7";"";""
"United States";"USA";"USL League Two";"01-07-2026 21:30";"NS";"Marin";"";"";"Almaden";"";"";"";"";"7 | 3";"27 | 53";"";"82 | 54";"90";"";"4.5";"4";"2.4 | 1.6";"4 | 1";"70";"80";"80";"40";"3.6";"22.8";"12.8";"9";"0.8 | 1.6";"9";"2 | 70";"40 | 60";"";"0.8 | 1.2";"2.4 | 0.2";"2.2";"2.3";"1.6 | 0.8";"1.6 | 0.4";"";"20 | 40";"3.7 | 2";"4 | 8.3";"8.7";"66";"50"
"United States";"USA";"USL League Two";"01-07-2026 21:30";"NS";"Denton Diablos";"";"";"West Texas";"1.64";"4.21";"1.12";"1.59";"2 | 5";"100 | 0";"1";"68 | 10";"54";"";"2.2";"3";"2 | 0.3";"0.8 | 1.3";"54";"100";"54";"88";"3.6";"19.2";"8.8";"6.1";"3 | 0";"7";"77 | 60";"75 | 33";"";"0.5 | 0.3";"0.5 | 1.3";"0.9";"1.4";"0.2 | 0";"1.5 | 0";"";"100 | 0";"2.5 | 3.3";"2 | 4.3";"8.7";"34";"34"
"United States";"USA";"USL League Two";"01-07-2026 21:30";"NS";"Fort Worth Vaqueros";"";"";"McKinney Chupacabras";"";"";"";"";"6 | 1";"0 | 53";"";"7 | 88";"88";"";"4.6";"4";"0.2 | 2.6";"4.8 | 1.6";"62";"100";"78";"32";"3.6";"19.4";"8.8";"5.8";"0 | 1.6";"7";"2 | 49";"50 | 20";"";"0 | 1.2";"2.2 | 0.6";"2.6";"2";"2.5 | 1";"0.2 | 1.4";"";"0 | 40";"2 | 3.3";"3.3 | 3";"8.7";"33";"0"
"United States";"USA";"USL League Two";"01-07-2026 22:00";"NS";"Albion Colorado";"";"";"Atlético Unión";"";"";"";"";"3 | 5";"47 | 50";"";"68 | 68";"90";"";"3.6";"4";"2 | 2";"1.8 | 1.5";"78";"88";"90";"35";"3.6";"";"";"";"1.4 | 1.5";"";"42 | 52";"80 | 50";"";"1.2 | 0.8";"1.2 | 0.5";"1.8";"1.8";"0.6 | 1";"0.8 | 1.2";"";"40 | 50";"";"";"8.7";"";""
"United States";"USA";"USL League Two";"01-07-2026 23:00";"NS";"Davis Legacy";"";"";"Academica";"2.14";"2.72";"";"";"5 | 6";"33 | 27";"5";"61 | 48";"90";"";"3.6";"4";"1.8 | 1.4";"1.8 | 2.2";"80";"70";"80";"50";"3.6";"22.4";"11.9";"9.6";"1 | 0.8";"10";"42 | 28";"60 | 40";"";"0.4 | 1";"1 | 0.6";"2.1";"1.5";"0.8 | 1.6";"1.4 | 0.4";"";"20 | 20";"10 | 4.7";"1 | 3.7";"8.7";"84";"58"
"United States";"USA";"USL League Two";"01-07-2026 23:30";"NS";"West Seattle Junction";"";"";"Bigfoot";"1.30";"6.92";"";"";"7 | 8";"67 | 0";"3";"92 | 10";"100";"";"3.8";"4";"2.7 | 0.3";"0.7 | 3.8";"33";"92";"92";"67";"3.6";"";"";"";"2 | 0";"";"80 | 2";"33 | 33";"";"1 | 0.2";"0 | 2.3";"2";"1.8";"0.7 | 1.5";"1.7 | 0.2";"";"67 | 0";"";"";"8.7";"";""
"United States";"USA";"USL League One";"01-07-2026 18:30";"NS";"Charlotte Independence";"";"";"Corpus Christi";"1.71";"3.94";"1.15";"1.53";"3 | 13";"100 | 14";"1";"95 | 31";"83";"";"3.3";"3";"2.8 | 0.9";"0.8 | 2.1";"56";"76";"66";"56";"2.9";"27.6";"10";"10.6";"3 | 0.4";"11";"77 | 32";"60 | 71";"";"1.4 | 0.3";"0.4 | 1";"1.8";"1.6";"0.4 | 1.1";"1.4 | 0.6";"";"100 | 0";"5.6 | 3.6";"5.8 | 6.3";"10";"100";"100"
"United States";"USA";"USL League One";"01-07-2026 20:00";"NS";"Chattanooga Red Wolves";"";"";"Westchester SC";"1.58";"4.73";"1.17";"1.46";"11 | 14";"60 | 0";"1";"82 | 17";"55";"";"3";"3";"2.4 | 0.5";"1 | 2.2";"36";"90";"55";"54";"2.9";"26";"9.4";"9.2";"1.8 | 0";"9";"70 | 28";"60 | 50";"";"1.2 | 0.2";"0.8 | 1.5";"1.2";"1.8";"0.2 | 0.7";"1.2 | 0.3";"";"60 | 0";"6.4 | 5.7";"2.8 | 3.5";"10";"55";"55"
"United States";"USA";"USL League One";"01-07-2026 22:00";"NS";"Spokane Velocity";"";"";"Forward Madison";"1.97";"3.43";"1.29";"1.26";"5 | 8";"88 | 42";"1";"65 | 37";"68";"";"2.8";"3";"1.9 | 1.1";"1.1 | 1.4";"56";"82";"62";"56";"2.9";"22";"7";"10.4";"2.6 | 1.2";"10";"66 | 56";"75 | 50";"";"1 | 0.9";"0.6 | 0.9";"1.1";"1.7";"0.5 | 0.5";"0.9 | 0.2";"";"88 | 38";"4.9 | 6.2";"4 | 5.8";"10";"56";"56"
"United States";"USA";"USL League One";"01-07-2026 23:30";"NS";"Union Omaha";"";"";"Alta";"1.51";"5.18";"1.17";"1.45";"1 | 4";"90 | 53";"1";"68 | 34";"73";"";"2.4";"3";"2 | 1";"0.9 | 1";"58";"58";"58";"76";"2.9";"25.8";"9.2";"7.8";"2.7 | 1.6";"8";"74 | 70";"57 | 60";"";"0.3 | 0.4";"0.6 | 0.4";"1.6";"0.8";"0.3 | 0.6";"1.7 | 0.6";"";"86 | 40";"5.6 | 1.8";"3.1 | 5";"10";"46";"38"
"United States";"USA";"NPSL";"01-07-2026 19:00";"NS";"Duluth";"";"";"Dakota Fusion";"";"";"";"";"2 | 3";"67 | 33";"";"85 | 51";"88";"";"3.4";"4";"2.5 | 1.5";"0.8 | 2";"75";"75";"75";"50";"4.5";"";"";"";"2 | 1";"";"77 | 35";"50 | 50";"";"0.2 | 0.8";"0.5 | 0.5";"2.4";"1";"0.2 | 1.5";"2.2 | 0.8";"";"50 | 25";"";"";"8.8";"";""
"United States";"USA";"NPSL";"01-07-2026 20:00";"NS";"New Haven United";"";"";"Newport";"";"";"";"";"1 | 5";"100 | 50";"";"100 | 85";"100";"";"4.6";"5";"3.2 | 2.5";"1 | 2.5";"50";"100";"100";"38";"4.5";"";"";"";"3 | 1.5";"";"70 | 18";"25 | 75";"";"2.3 | 1.2";"0.3 | 1";"2.2";"2.1";"2 | 1.5";"1 | 1.2";"";"100 | 50";"";"";"8.8";"";""
"United States";"USA";"NPSL";"01-07-2026 20:00";"NS";"Hub City";"";"";"Virginia Dream";"";"";"";"";"8 | 3";"25 | 75";"";"61 | 95";"100";"";"4.6";"5";"1.8 | 2.8";"3.5 | 1.2";"50";"62";"88";"38";"4.5";"";"";"";"0.8 | 2.2";"";"2 | 63";"50 | 50";"";"0 | 0.8";"1 | 0.2";"2.6";"0.8";"8 | 1";"1.5 | 2";"";"25 | 75";"";"";"8.8";"";""
"United States";"USA";"NPSL";"01-07-2026 20:00";"NS";"Ristozi";"";"";"Grove Soccer United";"";"";"";"";"1 | 7";"100 | 0";"";"100 | 34";"100";"";"4.4";"5";"3.8 | 1";"0.8 | 3.2";"88";"66";"100";"50";"4.5";"";"";"";"3 | 0";"";"77 | 2";"25 | 25";"";"0.7 | 0";"0 | 1.5";"1.5";"0.6";"3 | 5";"2.3 | 2";"";"100 | 0";"";"";"8.8";"";""
"United States";"USA";"NPSL";"01-07-2026 20:00";"NS";"Philadelphia Ukrainians";"";"";"West Chester United";"";"";"";"";"3 | 2";"83 | 100";"";"100 | 100";"100";"";"7.8";"6";"4 | 9.5";"1.2 | 1";"62";"100";"100";"0";"4.5";"";"";"";"2.5 | 3";"";"63 | 70";"25 | 50";"";"1 | 4";"0.5 | 0";"3.8";"2.4";"6.5 | 1";"2.5 | 5.5";"";"75 | 100";"";"";"8.8";"";""
"United States";"USA";"NPSL";"01-07-2026 20:00";"NS";"Statesville";"";"";"Bristol Rhythm";"";"";"";"";"4 | 1";"58 | 100";"";"75 | 68";"75";"";"3.3";"4";"2.2 | 2";"1.5 | 0.8";"50";"58";"50";"62";"4.5";"";"";"";"1.8 | 3";"";"52 | 77";"50 | 25";"";"0.5 | 1";"0.5 | 1";"1.8";"1.2";"1 | 0";"1.8 | 1.7";"";"50 | 100";"";"";"8.8";"";""
"United States";"USA";"NPSL";"01-07-2026 20:00";"NS";"Flower City Union";"";"";"Rochester New York II";"";"";"";"";"4 | 5";"40 | 27";"";"61 | 68";"100";"";"4.3";"4";"1.8 | 2";"1.8 | 3";"60";"100";"80";"30";"4.5";"";"";"";"1.2 | 0.8";"";"42 | 0";"60 | 40";"";"1 | 1";"1 | 1.4";"1.9";"2";"0.8 | 1.6";"1.8 | 1";"";"40 | 20";"";"";"8.8";"";""
"United States";"USA";"NPSL";"01-07-2026 20:00";"NS";"Minnesota Blizzard";"";"";"Siouxland United";"";"";"";"";"4 | 1";"42 | 67";"";"34 | 85";"75";"";"3.3";"4";"1 | 2.5";"1.8 | 1.2";"62";"88";"62";"38";"4.5";"";"";"";"1.2 | 2";"";"42 | 63";"50 | 75";"";"0.2 | 1.2";"1.8 | 0.5";"1.4";"1.9";"0 | 0.8";"0.8 | 1.2";"";"25 | 50";"";"";"8.8";"";""
"United States";"USA";"NPSL";"01-07-2026 20:30";"NS";"Osner’s";"";"";"American SC New York";"";"";"";"";"6 | 4";"0 | 42";"";"27 | 95";"100";"";"4.8";"5";"0.8 | 2.8";"3.5 | 2.8";"75";"100";"100";"25";"4.5";"";"";"";"0 | 1.2";"";"2 | 7";"50 | 50";"";"0.5 | 1.5";"2 | 1.5";"1.8";"2";"1.5 | 4";"0.2 | 4";"";"0 | 25";"";"";"8.8";"";""
"United States";"USA";"NPSL";"01-07-2026 20:30";"NS";"Alexandria Reds";"";"";"FC Frederick";"";"";"";"";"6 | 5";"75 | 50";"";"51 | 68";"75";"";"3.4";"4";"1.5 | 2";"0.8 | 2.5";"38";"58";"75";"62";"4.5";"";"";"";"2.2 | 1.5";"";"77 | 18";"50 | 25";"";"1 | 0.7";"0 | 1";"1.2";"1.1";"0.8 | 2.3";"0.5 | 2";"";"75 | 50";"";"";"8.8";"";""
"United States";"USA";"NPSL";"01-07-2026 20:30";"NS";"Motown";"";"";"Jackson Lions";"";"";"";"";"4 | 1";"75 | 78";"";"85 | 100";"100";"";"4.9";"5";"2.5 | 4.7";"1 | 1.7";"75";"";"88";"25";"4.5";"";"";"";"2.2 | 2.3";"";"70 | 46";"50 | 33";"";"";"";"1.8";"1.6";"";"";"";"75 | 67";"";"";"8.8";"";""
"United States";"USA";"NPSL";"01-07-2026 20:35";"NS";"Buffalo Stallions";"";"";"Niagara 1812";"";"";"";"";"6 | 7";"20 | 20";"";"41 | 20";"100";"";"4.7";"5";"1.2 | 0.6";"3 | 4.6";"50";"100";"90";"30";"4.5";"";"";"";"0.6 | 0.6";"";"0 | 2";"40 | 20";"";"1 | 0";"0.7 | 3.7";"1.9";"1.6";"3.7 | 4";"1.7 | 1";"";"20 | 20";"";"";"8.8";"";""
"United States";"USA";"NPSL";"01-07-2026 21:00";"NS";"Sioux Falls Thunder";"";"";"Joy St. Louis Park";"";"";"";"";"6 | 5";"8 | 0";"";"27 | 10";"84";"";"3.8";"4";"0.8 | 0.3";"3 | 3.3";"42";"100";"84";"42";"4.5";"";"";"";"0.2 | 0";"";"0 | 2";"50 | 67";"";"0.2 | 0";"1.5 | 1.7";"2";"1.8";"1.5 | 1.7";"0.5 | 0.3";"";"0 | 0";"";"";"8.8";"";""
"United States";"USA";"WPSL";"01-07-2026 17:00";"NS";"Miss Kick W";"";"";"So Cal Union W";"";"";"";"";"1 | 2";"83 | 58";"";"61 | 61";"88";"";"2.6";"4";"1.8 | 1.8";"0.5 | 1.2";"62";"";"62";"88";"3.9";"";"";"";"2.5 | 1.8";"";"88 | 63";"50 | 75";"";"";"";"0.1";"0.6";"";"";"";"75 | 50";"";"";"8.5";"";""
"United States";"USA";"WPSL";"01-07-2026 18:00";"NS";"Hattiesburg W";"";"";"LA Krewe Rush W";"";"";"";"";"6 | 2";"0 | 75";"";"7 | 68";"75";"";"3.6";"4";"0.2 | 2";"2.8 | 2.2";"50";"";"75";"62";"3.9";"";"";"";"0 | 2.2";"";"7 | 28";"75 | 50";"";"";"";"0.4";"0.6";"";"";"";"0 | 75";"";"";"8.5";"";""
"United States";"USA";"WPSL";"01-07-2026 20:00";"NS";"Chattanooga W";"";"";"Atlanta Fire W";"";"";"";"";"6 | 8";"33 | 11";"";"10 | 34";"66";"";"2.8";"3";"0.3 | 1";"1 | 3.3";"34";"";"50";"66";"3.9";"";"";"";"1 | 0.3";"";"70 | 2";"33 | 33";"";"";"";"0.6";"0.4";"";"";"";"33 | 0";"";"";"8.5";"";""
"United States";"USA";"WPSL";"01-07-2026 20:00";"NS";"Albany Rush W";"";"";"Merrimack Valley Hawks W";"";"";"";"";"5 | 4";"33 | 67";"";"24 | 100";"66";"";"3.8";"4";"0.7 | 4";"1 | 2";"50";"";"66";"66";"3.9";"";"";"";"1 | 2";"";"70 | 35";"33 | 67";"";"";"";"0.6";"0.6";"";"";"";"33 | 67";"";"";"8.5";"";""
"United States";"USA";"WPSL";"01-07-2026 21:00";"NS";"Chicago House W";"";"";"Chicago KICS W";"";"";"";"";"2 | 5";"67 | 33";"";"100 | 61";"100";"";"4.2";"4";"3 | 1.8";"1 | 2.8";"29";"";"88";"12";"3.9";"";"";"";"2 | 1";"";"70 | 7";"100 | 50";"";"";"";"0.9";"0.2";"";"";"";"67 | 25";"";"";"8.5";"";""
"United States";"USA";"WPSL";"01-07-2026 21:00";"NS";"Milwaukee Torrent W";"";"";"Milwaukee Bavarian W";"";"";"";"";"1 | 3";"100 | 83";"";"100 | 100";"88";"";"5.9";"5";"5.2 | 4.8";"0.8 | 1";"62";"";"88";"12";"3.9";"";"";"";"3 | 2.5";"";"77 | 70";"50 | 25";"";"";"";"0.9";"0.8";"";"";"";"100 | 75";"";"";"8.5";"";""
"United States";"USA";"WPSL";"01-07-2026 21:00";"NS";"Salvo W";"";"";"St. Croix W";"";"";"";"";"2 | 3";"100 | 78";"";"92 | 58";"84";"";"2.8";"4";"2.7 | 1.7";"0.7 | 0.7";"67";"58";"50";"67";"3.9";"31.4";"15.6";"12.2";"3 | 2.3";"11";"80 | 80";"33 | 33";"";"1 | 0.5";"0.3 | 0";"1.8";"0.8";"0.3 | 1";"1.7 | 2";"";"100 | 67";"8 | 7.5";"3.3 | 5.5";"8.5";"84";"84"
"United States";"USA";"WPSL";"01-07-2026 23:00";"NS";"Portland Thorns II W";"";"";"Westside Timbers W";"";"";"";"";"1 | 3";"100 | 50";"";"100 | 100";"100";"";"5.8";"5";"6 | 3.5";"0.5 | 1.5";"50";"";"100";"25";"3.9";"";"";"";"3 | 1.5";"";"88 | 52";"50 | 50";"";"";"";"0";"0";"";"";"";"100 | 50";"";"";"8.5";"";""
"United States";"USA";"UWS";"01-07-2026 19:00";"NS";"Grand Rapids W";"";"";"Midwest United W";"";"";"";"";"6 | 4";"50 | 100";"";"34 | 100";"75";"";"3";"4";"1 | 3.5";"1 | 0.5";"50";"";"75";"75";"4.6";"";"";"";"1.5 | 3";"";"70 | 88";"50 | 50";"";"";"";"0";"0";"";"";"";"50 | 100";"";"";"0";"";""
"United States";"USA";"UWS";"01-07-2026 20:00";"NS";"Baltimore Warriors W";"";"";"MSI Soccer W";"";"";"";"";"";"";"";"";"";"";"";"";"";"";"";"";"";"";"";"";"";"";"";"";"";"";"";"";"";"";"";"";"";"";"";"";"";"";"";""
"United States";"USA";"UWS";"01-07-2026 20:00";"NS";"Baltimore Blast W";"";"";"Lancaster W";"";"";"";"";"2 | 4";"67 | 50";"";"100 | 51";"100";"";"4.5";"4";"3 | 1.5";"2.5 | 2";"50";"";"100";"25";"4.6";"";"";"";"2 | 1.5";"";"18 | 35";"50 | 50";"";"";"";"0";"0";"";"";"";"50 | 50";"";"";"0";"";""
"United States";"USA";"UWS";"01-07-2026 21:00";"NS";"DeKalb County W";"";"";"Crystal Lake Force W";"";"";"";"";"4 | 3";"50 | 78";"";"85 | 100";"100";"";"5.4";"5";"2.5 | 3.3";"4 | 1";"84";"";"100";"0";"4.6";"";"";"";"1.5 | 2.3";"";"2 | 70";"50 | 33";"";"";"";"0";"0";"";"";"";"50 | 67";"";"";"0";"";""
"United States";"USA";"UWS";"01-07-2026 21:30";"NS";"Rockford Raptors II W";"";"";"Berber City W";"";"";"";"";"5 | 2";"0 | 100";"";"100 | 85";"100";"";"6.8";"6";"3.5 | 2.5";"7 | 0.5";"75";"";"75";"25";"4.6";"";"";"";"0 | 3";"";"2 | 88";"50 | 50";"";"";"";"0";"0";"";"";"";"0 | 100";"";"";"0";"";""
"United States";"USA";"UWS";"01-07-2026 23:30";"NS";"United City II";"";"";"Internacional CA W";"";"";"";"";"1 | 3";"100 | 50";"";"100 | 85";"100";"";"5.5";"5";"5.5 | 2.5";"1 | 2";"75";"";"100";"25";"4.6";"";"";"";"3 | 1.5";"";"70 | 35";"50 | 50";"";"";"";"0";"0";"";"";"";"100 | 50";"";"";"0";"";""
"Australia";"AUS";"QLD FQPL 1 Women";"01-07-2026 07:30";"NS";"Virginia United W";"";"";"Logan Lightning W";"";"";"";"";"7 | 5";"0 | 67";"";"17 | 68";"100";"";"5";"4";"0.5 | 2";"3.5 | 4";"42";"100";"84";"16";"3.8";"29.4";"17.2";"7.2";"0 | 2";"8";"2 | 2";"100 | 67";"";"0.5 | 1.7";"2 | 1.3";"2.2";"2.8";"1.5 | 2.7";"0 | 0.3";"";"0 | 67";"2.5 | 2.3";"5 | 4.7";"9.3";"58";"58"
"Europe";"EUR";"Euro U19 Women";"01-07-2026 09:00";"NS";"Austria U19 W";"";"";"Switzerland U19 W";"";"";"";"";"";"";"";"";"";"";"";"";"";"";"";"";"";"";"";"";"";"";"";"";"";"";"";"";"";"";"";"";"";"";"";"";"";"";"";""
"Europe";"EUR";"Euro U19 Women";"01-07-2026 12:00";"NS";"Spain U19 W";"";"";"Iceland U19 W";"1.06";"25.00";"";"";"";"";"";"";"";"";"";"";"";"";"";"";"";"";"";"";"";"";"";"";"";"";"";"";"";"";"";"";"";"";"";"";"";"";"";""
"Finland";"FIN";"Women's Cup";"01-07-2026 13:00";"NS";"EBK W";"";"";"Honka W";"";"";"";"";"";"";"";"";"";"";"";"";"";"";"";"";"";"";"";"";"";"";"";"";"";"";"";"";"";"";"";"";"";"";"";"";"";"";"";""
"Finland";"FIN";"Women's Cup";"01-07-2026 13:00";"NS";"HPS W";"";"";"SJK-j W";"";"";"";"";"";"";"";"";"";"";"";"";"";"";"";"";"";"";"";"";"";"";"";"";"";"";"";"";"";"";"";"";"";"";"";"";"";"";"";""
"Finland";"FIN";"Women's Cup";"01-07-2026 13:00";"NS";"Åland United W";"";"";"KuPS W";"";"";"";"";"";"";"";"";"";"";"";"";"";"";"";"";"";"";"";"";"";"";"";"";"";"";"";"";"";"";"";"";"";"";"";"";"";"";"";""
"Northern Ireland";"NIR";"Championship Women";"01-07-2026 15:30";"NS";"Ballymoney W";"";"";"Bangor Ladies W";"5.90";"1.30";"";"";"5 | 3";"47 | 75";"4";"95 | 95";"88";"";"5.6";"5";"2.8 | 2.8";"3.6 | 2";"78";"88";"88";"12";"4";"26.5";"14.6";"8.2";"1.4 | 2.2";"8";"2 | 35";"20 | 75";"";"0.2 | 1.8";"1.8 | 0.8";"2.9";"2";"2.8 | 1.2";"3.2 | 1";"";"40 | 75";"3.2 | 4.8";"5 | 3.5";"8";"62";"38"
"World";"WOR";"Club Friendlies 3";"01-07-2026 08:00";"NS";"Qarabağ";"";"";"Metalist 1925 Kharkiv";"";"";"";"";"";"";"";"";"";"";"";"";"";"";"";"";"";"";"";"";"";"";"";"";"";"";"";"";"";"";"";"";"";"";"";"";"";"";"";""
"World";"WOR";"Club Friendlies 3";"01-07-2026 09:00";"NS";"Austria Lustenau";"";"";"Young Boys";"";"";"";"";"";"";"";"";"";"";"";"";"";"";"";"";"";"";"";"";"";"";"";"";"";"";"";"";"";"";"";"";"";"";"";"";"";"";"";""
"World";"WOR";"Club Friendlies 3";"01-07-2026 09:00";"NS";"Glentoran";"";"";"Kilmarnock";"";"";"";"";"";"";"";"";"";"";"";"";"";"";"";"";"";"";"";"";"";"";"";"";"";"";"";"";"";"";"";"";"";"";"";"";"";"";"";""
"World";"WOR";"Club Friendlies 3";"01-07-2026 13:00";"NS";"Weiz";"";"";"Hartberg";"";"";"";"";"";"";"";"";"";"";"";"";"";"";"";"";"";"";"";"";"";"";"";"";"";"";"";"";"";"";"";"";"";"";"";"";"";"";"";""
"World";"WOR";"Club Friendlies 3";"01-07-2026 13:00";"NS";"Neuchâtel Xamax";"";"";"Sion";"";"";"";"";"";"";"";"";"";"";"";"";"";"";"";"";"";"";"";"";"";"";"";"";"";"";"";"";"";"";"";"";"";"";"";"";"";"";"";""
"World";"WOR";"Club Friendlies 3";"01-07-2026 13:00";"NS";"Qarabağ";"";"";"Ferencvárosi";"";"";"";"";"";"";"";"";"";"";"";"";"";"";"";"";"";"";"";"";"";"";"";"";"";"";"";"";"";"";"";"";"";"";"";"";"";"";"";""
"World";"WOR";"Club Friendlies 3";"01-07-2026 13:30";"NS";"Austria Salzburg";"";"";"WSG Tirol";"3.64";"1.86";"";"";"1 | 2";"100 | 50";"2";"100 | 100";"88";"";"3.9";"4";"3 | 3";"0.8 | 1";"25";"62";"50";"50";"3.4";"";"";"";"3 | 1.5";"";"77 | 70";"50 | 50";"";"2 | 1";"0.8 | 0";"2";"1.9";"0 | 1";"1 | 2";"";"100 | 50";"";"";"9";"";""
"World";"WOR";"Club Friendlies 3";"01-07-2026 13:30";"NS";"Cham";"";"";"Grasshopper";"6.64";"1.33";"";"";"";"";"";"";"";"";"";"";"";"";"";"";"";"";"";"";"";"";"";"";"";"";"";"";"";"";"";"";"";"";"";"";"";"";"";""
"World";"WOR";"Club Friendlies 3";"01-07-2026 14:00";"NS";"Großschwarzenlohe";"";"";"Greuther Fürth II";"";"";"";"";"";"";"";"";"";"";"";"";"";"";"";"";"";"";"";"";"";"";"";"";"";"";"";"";"";"";"";"";"";"";"";"";"";"";"";""
"World";"WOR";"Club Friendlies 3";"01-07-2026 14:00";"NS";"SC Paderborn 07 U23";"";"";"SC Wiedenbrück";"";"";"";"";"";"";"";"";"";"";"";"";"";"";"";"";"";"";"";"";"";"";"";"";"";"";"";"";"";"";"";"";"";"";"";"";"";"";"";""
"World";"WOR";"Club Friendlies 3";"01-07-2026 14:00";"NS";"Luckenwalde";"";"";"VfL Halle";"";"";"";"";"";"";"";"";"";"";"";"";"";"";"";"";"";"";"";"";"";"";"";"";"";"";"";"";"";"";"";"";"";"";"";"";"";"";"";""
"World";"WOR";"Club Friendlies 3";"01-07-2026 15:30";"NS";"Montrose";"";"";"Civil Service Strollers";"";"";"";"";"";"";"";"";"";"";"";"";"";"";"";"";"";"";"";"";"";"";"";"";"";"";"";"";"";"";"";"";"";"";"";"";"";"";"";""
"World";"WOR";"Club Friendlies 3";"01-07-2026 21:00";"NS";"Spartak Moskva";"";"";"Spartak Kostroma";"";"";"";"";"1 | 2";"87 | 17";"";"75 | 34";"90";"";"3";"3";"2.2 | 1";"0.8 | 2";"80";"55";"45";"65";"3.4";"";"";"";"2.6 | 0.5";"";"77 | 35";"40 | 50";"";"0.4 | 0.5";"0.2 | 0";"2.4";"0.6";"0.6 | 2";"1.8 | 0.5";"";"80 | 0";"";"";"9";"";""
"World";"WOR";"Club Friendlies 3";"01-07-2026 21:00";"NS";"Nürnberg";"";"";"Legia Warszawa";"";"";"";"";"";"";"";"";"";"";"";"";"";"";"";"";"";"";"";"";"";"";"";"";"";"";"";"";"";"";"";"";"";"";"";"";"";"";"";""
"World";"WOR";"Club Friendlies 3";"01-07-2026 21:00";"NS";"Universitatea Cluj";"";"";"Vojvodina";"";"";"";"";"";"";"";"";"";"";"";"";"";"";"";"";"";"";"";"";"";"";"";"";"";"";"";"";"";"";"";"";"";"";"";"";"";"";"";""
"World";"WOR";"Club Friendlies 3";"01-07-2026 21:00";"NS";"Karpaty";"";"";"Yarud Mariupol'";"";"";"";"";"";"";"";"";"";"";"";"";"";"";"";"";"";"";"";"";"";"";"";"";"";"";"";"";"";"";"";"";"";"";"";"";"";"";"";""
"World";"WOR";"Club Friendlies 3";"01-07-2026 21:00";"NS";"Rodina Moskva";"";"";"Akron";"";"";"";"";"";"";"";"";"";"";"";"";"";"";"";"";"";"";"";"";"";"";"";"";"";"";"";"";"";"";"";"";"";"";"";"";"";"";"";""
"World";"WOR";"Club Friendlies 3";"01-07-2026 21:00";"NS";"Aluminij";"";"";"CFR Cluj";"";"";"";"";"";"";"";"";"";"";"";"";"";"";"";"";"";"";"";"";"";"";"";"";"";"";"";"";"";"";"";"";"";"";"";"";"";"";"";""
"World";"WOR";"Club Friendlies 3";"01-07-2026 21:00";"NS";"Wieczysta Kraków";"";"";"SK Artis Brno";"";"";"";"";"1 | 2";"62 | 33";"";"82 | 68";"88";"";"3.8";"4";"2.4 | 2";"1.4 | 1.8";"62";"86";"68";"32";"3.4";"";"";"";"1.9 | 1";"";"56 | 42";"62 | 75";"";"0.9 | 1.5";"0.1 | 0.2";"2.3";"1.4";"1.4 | 1.5";"1.9 | 0.5";"";"50 | 25";"";"";"9";"";""
"World";"WOR";"Club Friendlies 3";"01-07-2026 22:25";"NS";"New Mexico United";"";"";"Atlante";"";"";"";"";"";"";"";"";"";"";"";"";"";"";"";"";"";"";"";"";"";"";"";"";"";"";"";"";"";"";"";"";"";"";"";"";"";"";"";""
"Brazil";"BRA";"Brasileiro U17";"01-07-2026 15:00";"NS";"RB Bragantino U17";"";"";"América Mineiro U17";"";"";"";"";"8 | 5";"50 | 67";"";"51 | 85";"75";"";"3";"";"1.5 | 2.5";"1.5 | 0.5";"50";"0";"50";"50";"";"";"";"";"1.5 | 2";"";"52 | 88";"50 | 50";"";"0 | 0";"0 | 0";"3";"0";"1.5 | 0.5";"1.5 | 2.5";"";"50 | 50";"";"";"";"";""