"Country ";"Short";"League ";"Season";"Active";"matches playeds";"Matches total";"With stats";"+2.5";"+3.5";"+4.5";"+5.5"
"World";"WOR";"World Cup";"2026";"true";"0";"104";"0";"-1";"-1";"-1";"-1"
"World";"WOR";"FIFA Club World Cup";"2025";"true";"63";"63";"63";"70";"51";"30";"21"
"South America";"SOU";"Copa America";"2024";"true";"32";"32";"32";"81";"62";"38";"25"
"Europe";"EUR";"Euro Qualification";"2024";"true";"239";"239";"239";"75";"60";"42";"30"
"Europe";"EUR";"Champions League";"2025/2026";"true";"281";"281";"281";"70";"52";"39";"23"
"England";"ENG";"Premier League";"2025/2026";"true";"380";"380";"380";"72";"57";"38";"21"
"Spain";"ESP";"La Liga";"2025/2026";"true";"380";"380";"380";"81";"62";"45";"31"
"Italy";"ITA";"Serie A";"2025/2026";"true";"380";"380";"380";"76";"54";"33";"18"
"Germany";"GER";"Bundesliga";"2025/2026";"true";"306";"306";"306";"72";"53";"35";"19"
"South America";"SOU";"Copa Libertadores";"2026";"true";"125";"142";"125";"86";"74";"50";"36"
"Brazil";"BRA";"Serie A";"2026";"true";"177";"380";"177";"87";"75";"56";"38"
"Europe";"EUR";"Europa League";"2025/2026";"true";"271";"271";"271";"78";"59";"44";"28"
"France";"FRA";"Ligue 1";"2025/2026";"true";"305";"306";"305";"76";"56";"35";"17"
"Netherlands";"NED";"Eredivisie";"2025/2026";"true";"309";"309";"309";"65";"39";"25";"14"
"Portugal";"POR";"Liga Portugal";"2025/2026";"true";"306";"306";"306";"85";"71";"57";"35"
"South America";"SOU";"Copa Sudamericana";"2026";"true";"112";"144";"112";"89";"75";"57";"38"
"World";"WOR";"Friendly International";"2026";"true";"182";"289";"164";"52";"38";"21";"11"
"Europe";"EUR";"Europa Conference League";"2025/2026";"true";"409";"409";"409";"82";"67";"49";"36"
"Belgium";"BEL";"Pro League";"2025/2026";"true";"313";"313";"313";"73";"53";"39";"22"
"Argentina";"ARG";"Liga Profesional de Fútbol";"2026";"true";"255";"495";"255";"91";"77";"58";"42"
"Brazil";"BRA";"Serie B";"2026";"true";"110";"384";"110";"89";"83";"70";"52"
"Brazil";"BRA";"Copa do Brasil";"2026";"true";"126";"142";"126";"88";"72";"60";"44"
"Croatia";"CRO";"1. HNL";"2025/2026";"true";"180";"180";"180";"78";"59";"39";"26"
"Denmark";"DEN";"Superliga";"2025/2026";"true";"193";"193";"193";"66";"44";"28";"12"
"England";"ENG";"Championship";"2025/2026";"true";"558";"558";"558";"73";"52";"34";"20"
"Spain";"ESP";"La Liga 2";"2025/2026";"true";"462";"466";"462";"90";"77";"61";"46"
"France";"FRA";"Ligue 2";"2025/2026";"true";"307";"308";"307";"80";"59";"39";"22"
"Germany";"GER";"2. Bundesliga";"2025/2026";"true";"306";"306";"306";"84";"70";"52";"32"
"Greece";"GRE";"Super League";"2025/2026";"true";"236";"236";"235";"88";"77";"55";"39"
"Italy";"ITA";"Serie B";"2025/2026";"true";"390";"390";"390";"84";"68";"49";"31"
"Saudi Arabia";"KSA";"Pro League";"2025/2026";"true";"306";"306";"306";"77";"61";"41";"23"
"Netherlands";"NED";"Eerste Divisie";"2025/2026";"true";"380";"380";"380";"63";"43";"24";"14"
"Norway";"NOR";"Eliteserien";"2026";"true";"89";"240";"89";"67";"47";"26";"12"
"Romania";"ROU";"Superliga";"2025/2026";"true";"317";"317";"317";"78";"60";"40";"26"
"Turkey";"TUR";"Super Lig";"2025/2026";"true";"306";"306";"306";"82";"65";"45";"32"
"Brazil";"BRA";"Serie C";"2026";"true";"90";"214";"90";"93";"82";"62";"43"
"Brazil";"BRA";"Copa do Nordeste";"2026";"true";"59";"60";"59";"93";"88";"76";"58"
"Brazil";"BRA";"Carioca Serie A";"2026";"true";"62";"62";"62";"89";"74";"63";"48"
"Brazil";"BRA";"Mineiro 1";"2026";"true";"59";"59";"59";"88";"78";"59";"34"
"Brazil";"BRA";"Paulista A1";"2026";"true";"72";"72";"72";"96";"82";"60";"40"
"Australia";"AUS";"Northern Territory Premier League";"2026";"true";"0";"0";"0";"-1";"-1";"-1";"-1"
"Belarus";"BLR";"Vysshaya Liga";"2026";"true";"0";"0";"0";"-1";"-1";"-1";"-1"
"Bhutan";"BHU";"Bhutan Premier League";"2026";"true";"0";"0";"0";"-1";"-1";"-1";"-1"
"Brazil";"BRA";"Maranhense 2";"2026";"true";"0";"0";"0";"-1";"-1";"-1";"-1"
"Chile";"CHI";"Chilean Cup";"2026";"true";"0";"0";"0";"-1";"-1";"-1";"-1"
"Ecuador";"ECU";"Liga Pro Serie B";"2026";"true";"0";"0";"0";"-1";"-1";"-1";"-1"
"Estonia";"EST";"Esiliiga A";"2026";"true";"0";"0";"0";"-1";"-1";"-1";"-1"
"Estonia";"EST";"Estonian Cup";"2026";"true";"0";"0";"0";"-1";"-1";"-1";"-1"
"Estonia";"EST";"Meistriliiga";"2026";"true";"0";"0";"0";"-1";"-1";"-1";"-1"
"Ethiopia";"ETH";"Premier League";"2026";"true";"0";"0";"0";"-1";"-1";"-1";"-1"
"Finland";"FIN";"Kakkonen";"2026";"true";"0";"0";"0";"-1";"-1";"-1";"-1"
"Finland";"FIN";"Kolmonen - Eastern Group";"2026";"true";"0";"0";"0";"-1";"-1";"-1";"-1"
"Finland";"FIN";"Kolmonen - Southern Group";"2026";"true";"0";"0";"0";"-1";"-1";"-1";"-1"
"Finland";"FIN";"Kolmonen - Western Group";"2026";"true";"0";"0";"0";"-1";"-1";"-1";"-1"
"Finland";"FIN";"Ykkönen";"2026";"true";"0";"0";"0";"-1";"-1";"-1";"-1"
"Iceland";"ISL";"3. Deild";"2026";"true";"0";"0";"0";"-1";"-1";"-1";"-1"
"Iceland";"ISL";"4. Deild";"2026";"true";"0";"0";"0";"-1";"-1";"-1";"-1"
"Iceland";"ISL";"Besta deild";"2026";"true";"0";"0";"0";"-1";"-1";"-1";"-1"
"Iran";"IRN";"Azadegan League";"2026";"true";"0";"0";"0";"-1";"-1";"-1";"-1"
"Kazakhstan";"KAZ";"First Division";"2026";"true";"0";"0";"0";"-1";"-1";"-1";"-1"
"Kazakhstan";"KAZ";"Premier League";"2026";"true";"0";"0";"0";"-1";"-1";"-1";"-1"
"Kyrgyzstan";"KGZ";"Top Liga";"2026";"true";"0";"0";"0";"-1";"-1";"-1";"-1"
"Lebanon";"LIB";"Premier League";"2026";"true";"0";"0";"0";"-1";"-1";"-1";"-1"
"Lithuania";"LTU";"1. Lyga";"2026";"true";"0";"0";"0";"-1";"-1";"-1";"-1"
"Morocco";"MAR";"Botola Pro";"2026";"true";"0";"0";"0";"-1";"-1";"-1";"-1"
"Norway";"NOR";"1. Division";"2026";"true";"0";"0";"0";"-1";"-1";"-1";"-1"
"Papua New Guinea";"PNG";"National Soccer League";"2026";"true";"0";"0";"0";"-1";"-1";"-1";"-1"
"Paraguay";"PAR";"Copa Paraguay";"2026";"true";"0";"0";"0";"-1";"-1";"-1";"-1"
"United States";"USA";"USL Championship";"2026";"true";"0";"0";"0";"-1";"-1";"-1";"-1"
"United States";"USA";"USL League One";"2026";"true";"0";"0";"0";"-1";"-1";"-1";"-1"
"United States";"USA";"USL League Two";"2026";"true";"0";"0";"0";"-1";"-1";"-1";"-1"
"World";"WOR";"Club Friendlies 1";"2026";"true";"0";"0";"0";"-1";"-1";"-1";"-1"
"World";"WOR";"Club Friendlies 3";"2026";"true";"0";"0";"0";"-1";"-1";"-1";"-1"
"World";"WOR";"Club Friendlies 4";"2026";"true";"0";"0";"0";"-1";"-1";"-1";"-1"
"Yemen";"YEM";"Yemeni League";"2026";"true";"0";"0";"0";"-1";"-1";"-1";"-1"
