"Country ";"Short";"League ";"Hour";"Status";"Home Team";"Result Home";"Result Visitor";"Visitor Team";"Casa | Fora";"Casa | Fora";"Global";"Global";"Global";"Global";"Global";"Global";"Global";"Global";"Casa | Fora";"Casa | Fora"
"World";"WOR";"World Cup";"05-07-2026 17:00";"NS";"Brazil";"";"";"Winner Match 78";"";"";"";"";"";"";"";"";"";"";"";""
"World";"WOR";"World Cup";"05-07-2026 21:00";"NS";"Winner Match 79";"";"";"Winner Match 80";"";"";"";"";"";"";"";"";"";"";"";""
"Brazil";"BRA";"Serie B";"05-07-2026 19:00";"NS";"Náutico";"";"";"Juventude";"2.4 | 1.9";"3.1 | 2.5";"5";"5.4";"85";"80";"55";"40";"5";"4.6";"2.7 | 2.2";"2.4 | 1.9"
"China";"CHN";"League One";"05-07-2026 08:30";"NS";"Meizhou Hakka";"";"";"Changchun Yatai";"1.7 | 2.1";"1.3 | 1.4";"3.2";"3.8";"70";"55";"25";"15";"3.7";"3.1";"1.2 | 1.3";"1.7 | 2"
"China";"CHN";"League One";"05-07-2026 08:30";"NS";"Guangxi Hengchen";"";"";"Dalian Kuncheng City";"0.9 | 1.9";"1.3 | 1.6";"2.8";"3.8";"65";"35";"15";"5";"3.7";"2.8";"1.2 | 1.6";"0.9 | 1.9"
"China";"CHN";"League One";"05-07-2026 08:30";"NS";"Nanjing City";"";"";"Foshan Nashi FC";"2.1 | 2.2";"2.2 | 1.7";"4.1";"3.8";"80";"60";"35";"25";"3.7";"4";"2.1 | 1.7";"1.9 | 2.2"
"Finland";"FIN";"Ykkönen";"05-07-2026 09:00";"NS";"TPV";"";"";"JJK";"2.3 | 2.6";"1.4 | 2";"4.2";"3.9";"75";"60";"50";"30";"3.7";"3.9";"1.4 | 2";"1.9 | 2.5"
"Finland";"FIN";"Ykkönen";"05-07-2026 10:00";"NS";"RoPS";"";"";"PKKU";"1 | 2.3";"2.4 | 2.9";"4.3";"3.9";"88";"64";"48";"32";"3.7";"3.8";"2.1 | 2.5";"0.9 | 2.2"
"South Korea";"KOR";"K League 1";"05-07-2026 07:30";"NS";"Gwangju";"";"";"Ulsan HD";"3 | 1.2";"1.5 | 1.6";"3.6";"4.2";"65";"50";"45";"15";"4";"3.6";"1.5 | 1.6";"3 | 1.1"
"South Korea";"KOR";"K League 1";"05-07-2026 07:30";"NS";"Gimcheon Sangmu";"";"";"Jeju United";"2.4 | 1.8";"1.7 | 1.6";"3.8";"4.2";"85";"55";"30";"10";"4";"3.6";"1.5 | 1.6";"2.4 | 1.8"
"South Korea";"KOR";"K League 1";"05-07-2026 07:30";"NS";"Seoul";"";"";"Incheon United";"1.6 | 1.9";"3 | 1.6";"4";"4.2";"80";"65";"40";"25";"4";"3.8";"2.8 | 1.6";"1.4 | 1.8"
"Sweden";"SWE";"Allsvenskan";"05-07-2026 09:00";"NS";"Kalmar";"";"";"Örgryte";"1.3 | 1.7";"2.4 | 1.5";"3.4";"3.7";"80";"50";"25";"5";"3.6";"3.4";"2.3 | 1.5";"1.3 | 1.7"
"Sweden";"SWE";"Allsvenskan";"05-07-2026 09:00";"NS";"IFK Göteborg";"";"";"AIK";"2.4 | 3";"1.6 | 1.6";"4.3";"3.7";"70";"60";"40";"25";"3.6";"4.2";"1.6 | 1.6";"2.3 | 3"
"Sweden";"SWE";"Allsvenskan";"05-07-2026 11:30";"NS";"Elfsborg";"";"";"Hammarby";"1.9 | 1.1";"1.8 | 2.2";"3.5";"3.7";"60";"50";"35";"10";"3.6";"3.4";"1.8 | 2.1";"1.9 | 1"
"Uruguay";"URU";"Primera Division";"05-07-2026 14:00";"NS";"Danubio";"";"";"Juventud";"2.5 | 2.4";"3 | 3.1";"5.5";"6.2";"80";"80";"65";"55";"5.8";"5";"2.7 | 2.9";"2.2 | 2.1"
"Uruguay";"URU";"Segunda Division";"05-07-2026 14:00";"NS";"Fénix";"";"";"Huracán";"4 | 3.9";"2.9 | 2.7";"6.8";"6.8";"100";"95";"85";"75";"6.4";"6.4";"2.5 | 2.6";"3.8 | 3.9"
"Uruguay";"URU";"Segunda Division";"05-07-2026 17:00";"NS";"Tacuarembó";"";"";"Cerrito";"3.6 | 3.3";"2.9 | 4";"6.8";"6.8";"100";"94";"94";"74";"6.4";"6.6";"2.9 | 3.9";"3.3 | 3.2"
"Uruguay";"URU";"Segunda Division";"05-07-2026 20:00";"NS";"Colón";"";"";"Uruguay Montevideo";"3.2 | 3.4";"2.7 | 4";"6.6";"6.8";"95";"85";"75";"60";"6.4";"6.1";"2.5 | 3.7";"2.9 | 3"
"Canada";"CAN";"Premier League";"05-07-2026 14:00";"NS";"Supra du Québec";"";"";"Forge";"2.4 | 1.2";"1.6 | 2";"3.6";"4.2";"70";"50";"25";"15";"4";"3.4";"1.5 | 2";"2.2 | 1.1"
"Canada";"CAN";"Premier League";"05-07-2026 19:00";"NS";"Pacific";"";"";"HFX Wanderers";"1.9 | 2.5";"1.8 | 1.7";"4";"4.2";"70";"65";"35";"15";"4";"3.7";"1.8 | 1.6";"1.6 | 2.4"
"Chile";"CHI";"Chilean Cup";"05-07-2026 13:30";"NS";"Santiago Wanderers";"";"";"Universidad Chile";"3 | 2.8";"3.5 | 2.6";"6";"4.5";"95";"80";"70";"55";"4.3";"5.6";"3.1 | 2.4";"3 | 2.7"
"Chile";"CHI";"Chilean Cup";"05-07-2026 13:30";"NS";"La Serena";"";"";"Antofagasta";"2.4 | 2.6";"2.3 | 3";"5.2";"4.5";"90";"80";"55";"40";"4.3";"5";"2.2 | 2.9";"2.3 | 2.6"
"Chile";"CHI";"Chilean Cup";"05-07-2026 16:00";"NS";"Ñublense";"";"";"Curicó Unido";"2.2 | 2.8";"2.2 | 2.5";"4.8";"4.5";"90";"80";"60";"40";"4.3";"4.6";"2 | 2.5";"2.1 | 2.7"
"Chile";"CHI";"Chilean Cup";"05-07-2026 16:00";"NS";"Univ. Concepción";"";"";"Rangers";"3.1 | 2.8";"2.9 | 2.2";"5.5";"4.5";"100";"90";"70";"35";"4.3";"5.3";"2.8 | 2.2";"2.9 | 2.7"
"Chile";"CHI";"Chilean Cup";"05-07-2026 16:00";"NS";"Puerto Montt";"";"";"Huachipato";"2.7 | 2.5";"2.5 | 2.8";"5.2";"4.5";"95";"80";"65";"50";"4.3";"4.6";"2 | 2.5";"2.4 | 2.3"
"Chile";"CHI";"Chilean Cup";"05-07-2026 16:00";"NS";"Cobresal";"";"";"Cobreloa";"2.2 | 3";"1.7 | 3.2";"5";"4.5";"90";"80";"75";"35";"4.3";"4.8";"1.6 | 3.1";"2.2 | 2.8"
"Chile";"CHI";"Chilean Cup";"05-07-2026 17:00";"NS";"Deportes Santa Cruz";"";"";"Audax Italiano";"2.4 | 2.5";"2.8 | 2.6";"5.2";"4.5";"90";"90";"55";"35";"4.3";"4.8";"2.6 | 2.3";"2.3 | 2.4"
"Chile";"CHI";"Chilean Cup";"05-07-2026 18:30";"NS";"Unión Española";"";"";"O'Higgins";"2.1 | 3";"2.3 | 1.8";"4.6";"4.5";"80";"70";"55";"35";"4.3";"4.2";"2 | 1.8";"2.1 | 2.6"
"Chile";"CHI";"Chilean Cup";"05-07-2026 21:00";"NS";"Deportes Limache";"";"";"San Marcos";"1.7 | 2.1";"1.9 | 2.8";"4.2";"4.5";"80";"60";"45";"30";"4.3";"4";"1.8 | 2.7";"1.4 | 2.1"
"Chile";"CHI";"Segunda División";"05-07-2026 13:00";"NS";"Brujas de Salamanca";"";"";"Concón National";"3.4 | 3.5";"4.3 | 3.5";"7.4";"6.6";"100";"100";"95";"85";"5.8";"6.3";"3.6 | 3.2";"2.7 | 3.1"
"Chile";"CHI";"Segunda División";"05-07-2026 16:00";"NS";"Real San Joaquín";"";"";"Trasandino";"3.1 | 3.7";"3.4 | 3.1";"6.6";"6.6";"95";"85";"75";"75";"5.8";"6";"2.9 | 2.8";"3 | 3.2"
"Chile";"CHI";"Segunda División";"05-07-2026 17:00";"NS";"Colchagua";"";"";"Lota Schwager";"2.9 | 3.4";"3.2 | 2.9";"6.2";"6.6";"100";"95";"85";"55";"5.8";"5.6";"2.8 | 2.6";"2.7 | 3.1"
"Europe";"EUR";"Euro U19";"05-07-2026 12:00";"NS";"Ukraine U19";"";"";"Italy U19";"1 | 2.8";"1.9 | 2.6";"4.2";"";"80";"65";"45";"35";"";"4";"1.7 | 2.5";"1 | 2.7"
"Europe";"EUR";"Euro U19";"05-07-2026 12:00";"NS";"Serbia U19";"";"";"Croatia U19";"2.3 | 1.7";"3.1 | 1.8";"4.4";"";"75";"55";"40";"35";"";"4.3";"3 | 1.6";"2.3 | 1.7"
"United States";"USA";"NWSL";"05-07-2026 13:00";"NS";"Boston Legacy W";"";"";"Bay FC W";"2 | 1.9";"1.5 | 1.1";"3.2";"2.8";"63";"42";"16";"16";"2.6";"3";"1.5 | 1";"1.9 | 1.7"
"United States";"USA";"NWSL";"05-07-2026 18:00";"NS";"Chicago Stars W";"";"";"Utah Royals W";"1.1 | 1.7";"0.9 | 1.5";"2.6";"2.8";"40";"30";"20";"15";"2.6";"2.4";"0.7 | 1.4";"1.1 | 1.7"
"United States";"USA";"NWSL";"05-07-2026 20:00";"NS";"Portland Thorns W";"";"";"Racing Louisville W";"0.9 | 1.5";"1.2 | 1";"2.3";"2.8";"42";"10";"10";"0";"2.6";"2.3";"1.2 | 1";"0.9 | 1.5"
"Argentina";"ARG";"Primera B Nacional";"05-07-2026 15:00";"NS";"Deportivo Madryn";"";"";"Club Atletico Colón";"1.8 | 2.6";"3.7 | 2.6";"5.4";"5.2";"90";"75";"65";"35";"4.9";"4.9";"3.1 | 2.6";"1.7 | 2.4"
"Argentina";"ARG";"Primera B Nacional";"05-07-2026 15:00";"NS";"Estudiantes de Buenos Aires";"";"";"Racing de Córdoba";"3.2 | 3.8";"3 | 3.7";"6.8";"5.2";"95";"95";"90";"80";"4.9";"6.2";"2.9 | 3.1";"2.7 | 3.7"
"Argentina";"ARG";"Primera B Nacional";"05-07-2026 15:30";"NS";"Patronato";"";"";"San Martín de Tucumán";"2.3 | 3.5";"3.3 | 3.1";"6.1";"5.2";"95";"75";"75";"70";"4.9";"5.8";"3.1 | 3.1";"2.1 | 3.3"
"Argentina";"ARG";"Primera B Nacional";"05-07-2026 15:30";"NS";"Club Ferro Carril Oeste";"";"";"San Telmo";"2.3 | 2.4";"3.2 | 2.3";"5.1";"5.2";"95";"70";"55";"40";"4.9";"4.9";"3.1 | 2.1";"2.3 | 2.3"
"Argentina";"ARG";"Primera B Nacional";"05-07-2026 16:00";"NS";"San Martín San Juan";"";"";"Club Atlético Chacarita Juniors";"2.9 | 2.6";"1.6 | 2.7";"4.9";"5.2";"80";"70";"60";"50";"4.9";"4.6";"1.4 | 2.6";"2.8 | 2.4"
"Argentina";"ARG";"Primera B Nacional";"05-07-2026 16:00";"NS";"Midland";"";"";"Gimnasia Jujuy";"2.1 | 1.9";"3.4 | 3.3";"5.4";"5.2";"95";"85";"65";"60";"4.9";"4.9";"3.1 | 3";"2 | 1.8"
"Argentina";"ARG";"Primera B Nacional";"05-07-2026 16:00";"NS";"Chaco For Ever";"";"";"Acassuso";"3.3 | 3.5";"1.7 | 2.2";"5.4";"5.2";"90";"85";"70";"45";"4.9";"5";"1.6 | 2.1";"2.9 | 3.3"
"Argentina";"ARG";"Primera B Nacional";"05-07-2026 16:00";"NS";"CA Mitre";"";"";"All Boys";"2.1 | 3";"1.6 | 2.8";"4.8";"5.2";"85";"60";"60";"35";"4.9";"4.5";"1.4 | 2.6";"2.1 | 2.9"
"Argentina";"ARG";"Primera B Nacional";"05-07-2026 16:30";"NS";"Deportivo Maipú";"";"";"Agropecuario Argentino";"1.9 | 2.7";"2.7 | 2.6";"4.9";"5.2";"80";"75";"60";"45";"4.9";"4.6";"2.7 | 2.4";"1.7 | 2.5"
"Argentina";"ARG";"Primera B Nacional";"05-07-2026 16:30";"NS";"Central Norte de Salta";"";"";"San Miguel";"3 | 2.7";"2 | 2.4";"5";"5.2";"90";"80";"70";"35";"4.9";"4.4";"1.9 | 2.2";"2.5 | 2.3"
"Argentina";"ARG";"Primera C";"05-07-2026 13:00";"NS";"Sacachispas";"";"";"Juventud Unida G.";"3.7 | 2.9";"2.5 | 2.2";"5.6";"6.4";"90";"90";"70";"40";"5.8";"5.4";"2.4 | 2.1";"3.5 | 2.9"
"Argentina";"ARG";"Primera C";"05-07-2026 13:00";"NS";"Victoriano Arenas";"";"";"Deportivo Paraguayo";"2.6 | 3.2";"2.6 | 1.9";"5.2";"6.4";"90";"80";"55";"35";"5.8";"5";"2.5 | 1.9";"2.6 | 3"
"Argentina";"ARG";"Primera C";"05-07-2026 15:00";"NS";"Cañuelas";"";"";"Central Córdoba";"3.1 | 2.3";"3.2 | 3.6";"6.1";"6.4";"94";"84";"69";"64";"5.8";"5.6";"2.9 | 3.2";"2.9 | 2.1"
"Argentina";"ARG";"Primera C";"05-07-2026 15:00";"NS";"Atlas";"";"";"Claypole";"3.5 | 3";"3.7 | 3.7";"7";"6.4";"100";"95";"95";"75";"5.8";"6.4";"3.2 | 3.7";"3 | 3"
"Argentina";"ARG";"Primera C";"05-07-2026 15:00";"NS";"General Lamadrid";"";"";"El Porvenir";"3.4 | 2.9";"3.4 | 3";"6.4";"6.4";"90";"75";"75";"60";"5.8";"6.1";"3.4 | 2.9";"3.1 | 2.8"
"Argentina";"ARG";"Primera C";"05-07-2026 15:00";"NS";"Berazategui";"";"";"Puerto Nuevo";"3.3 | 2.9";"3.4 | 3.7";"6.6";"6.4";"100";"95";"90";"65";"5.8";"6";"2.9 | 3.3";"3 | 2.8"
"Argentina";"ARG";"Primera B Metropolitana";"05-07-2026 13:00";"NS";"Argentino Quilmes";"";"";"Talleres Remedios de Escalada";"2.4 | 3.1";"3 | 2.9";"5.7";"5.9";"90";"85";"65";"55";"5.5";"5.4";"2.7 | 2.8";"2.3 | 3"
"Argentina";"ARG";"Primera B Metropolitana";"05-07-2026 13:00";"NS";"Sportivo Italiano";"";"";"Real Pilar";"2.7 | 3";"2.9 | 2.5";"5.6";"5.9";"90";"75";"70";"50";"5.5";"5.2";"2.7 | 2.5";"2.7 | 2.6"
"Argentina";"ARG";"Primera B Metropolitana";"05-07-2026 15:00";"NS";"Defensores Unidos";"";"";"Argentino Merlo";"2.9 | 3.8";"3.7 | 2.7";"6.6";"5.9";"100";"95";"85";"65";"5.5";"6.1";"3.3 | 2.5";"2.7 | 3.7"
"Argentina";"ARG";"Primera B Metropolitana";"05-07-2026 15:00";"NS";"San Martín Burzaco";"";"";"Liniers";"2.6 | 2.2";"2.9 | 2.8";"5.2";"5.9";"90";"80";"60";"50";"5.5";"5";"2.9 | 2.7";"2.4 | 2"
"Argentina";"ARG";"Torneo Federal A";"05-07-2026 14:00";"NS";"Sportivo Belgrano";"";"";"Independiente Chivilcoy";"2.6 | 2";"2.3 | 2.2";"4.6";"4.7";"75";"65";"60";"25";"4.4";"4.3";"2.2 | 2";"2.6 | 1.8"
"Argentina";"ARG";"Torneo Federal A";"05-07-2026 14:00";"NS";"Douglas Haig";"";"";"Sportivo Las Parejas";"2.3 | 2";"1.8 | 2.2";"4.2";"4.7";"80";"60";"45";"20";"4.4";"4";"1.8 | 2.2";"2.1 | 1.9"
"Argentina";"ARG";"Torneo Federal A";"05-07-2026 14:00";"NS";"Defensores Belgrano VR";"";"";"Escobar FC";"2.7 | 2";"1.9 | 3.2";"4.9";"4.7";"80";"70";"65";"35";"4.4";"4.4";"1.8 | 2.8";"2.2 | 1.9"
"Argentina";"ARG";"Torneo Federal A";"05-07-2026 14:00";"NS";"Gimnasia Concepción";"";"";"9 de Julio Rafaela";"2.8 | 2";"2.2 | 2.5";"4.8";"4.7";"88";"68";"61";"32";"4.4";"4.3";"2.1 | 2.2";"2.6 | 1.6"
"Argentina";"ARG";"Torneo Federal A";"05-07-2026 14:00";"NS";"Gimnasia Chivilcoy";"";"";"El Linqueño";"2.3 | 2.5";"3.3 | 1.6";"4.8";"4.7";"85";"70";"65";"40";"4.4";"4.5";"2.8 | 1.5";"2.3 | 2.4"
"Argentina";"ARG";"Torneo Federal A";"05-07-2026 14:00";"NS";"Boca Unidos";"";"";"Sarmiento Resistencia";"3.4 | 2.5";"1.7 | 1.7";"4.6";"4.7";"90";"80";"45";"35";"4.4";"4.4";"1.7 | 1.5";"3.2 | 2.5"
"Argentina";"ARG";"Torneo Federal A";"05-07-2026 14:00";"NS";"Tucumán Central";"";"";"Sol de América";"3.3 | 2.1";"2.5 | 2.7";"5.3";"4.7";"95";"75";"65";"60";"4.4";"4.9";"2.5 | 2.5";"2.8 | 2"
"Argentina";"ARG";"Torneo Federal A";"05-07-2026 14:00";"NS";"San Martín Formosa";"";"";"Juventud Antoniana";"2.1 | 2.9";"3.1 | 3.3";"5.7";"4.7";"95";"80";"70";"55";"4.4";"5.2";"2.7 | 3";"2.1 | 2.7"
"Argentina";"ARG";"Torneo Federal A";"05-07-2026 14:00";"NS";"Defensores Pto. Vilelas";"";"";"Sarmiento de La Banda";"2.3 | 1.9";"2.8 | 2.6";"4.8";"4.7";"85";"80";"60";"35";"4.4";"4.6";"2.6 | 2.6";"2.2 | 1.8"
"Argentina";"ARG";"Torneo Federal A";"05-07-2026 14:00";"NS";"Huracán Las Heras";"";"";"Costa Brava";"2.7 | 2.6";"3.3 | 3.7";"6.2";"4.7";"95";"75";"70";"55";"4.4";"5.7";"3.1 | 3.3";"2.5 | 2.5"
"Argentina";"ARG";"Torneo Federal A";"05-07-2026 14:00";"NS";"San Martín Mendoza";"";"";"Deportivo Rincón";"2.7 | 2.4";"2.1 | 1.9";"4.6";"4.7";"80";"60";"50";"45";"4.4";"4.4";"2 | 1.8";"2.6 | 2.3"
"Argentina";"ARG";"Torneo Federal A";"05-07-2026 14:00";"NS";"Atenas";"";"";"FADEP";"2.6 | 1.8";"2.6 | 1.4";"4.2";"4.7";"65";"60";"50";"30";"4.4";"4.2";"2.5 | 1.4";"2.6 | 1.8"
"Argentina";"ARG";"Torneo Federal A";"05-07-2026 14:00";"NS";"Cipolletti";"";"";"Argentino Monte Maíz";"2.5 | 1.4";"1.9 | 2.2";"4.1";"4.7";"69";"52";"36";"20";"4.4";"3.6";"1.8 | 2";"2 | 1.4"
"Argentina";"ARG";"Torneo Federal A";"05-07-2026 14:00";"NS";"Sol de Mayo";"";"";"Kimberley Mar del Plata";"3.1 | 2.5";"1.9 | 2.2";"4.8";"4.7";"84";"69";"64";"32";"4.4";"4.6";"1.8 | 1.9";"2.9 | 2.5"
"Argentina";"ARG";"Torneo Federal A";"05-07-2026 14:00";"NS";"Guillermo Brown";"";"";"Circulo Deportivo";"1.6 | 2.9";"1.5 | 3.1";"4.6";"4.7";"82";"58";"41";"30";"4.4";"4.4";"1.5 | 3.1";"1.5 | 2.8"
"Argentina";"ARG";"Torneo Federal A";"05-07-2026 14:00";"NS";"Olimpo";"";"";"Villa Mitre";"2.1 | 2";"2.7 | 3.5";"5.2";"4.7";"100";"80";"55";"40";"4.4";"5";"2.7 | 3.3";"2 | 2"
"Argentina";"ARG";"Torneo Federal A";"05-07-2026 14:00";"NS";"Alvarado";"";"";"Germinal de Rawson";"1.3 | 3.8";"3.6 | 2.1";"5.4";"4.7";"90";"80";"59";"54";"4.4";"5";"3.5 | 1.7";"1.2 | 3.6"
"Australia";"AUS";"Queensland Premier League 3 Metro";"05-07-2026 04:00";"NS";"Ipswich Knights";"";"";"Redcliffe PCYC";"2 | 1.4";"2.1 | 1.7";"3.6";"3.7";"78";"48";"36";"12";"3.5";"3.2";"1.8 | 1.6";"2 | 1.1"
"Australia";"AUS";"Queensland Premier League 3 Metro";"05-07-2026 04:00";"NS";"Mt Gravatt Hawks";"";"";"North Pine";"2.9 | 1.5";"1.7 | 2";"4";"3.7";"54";"38";"38";"31";"3.5";"3.8";"1.7 | 1.8";"2.7 | 1.5"
"Australia";"AUS";"Queensland Premier League 3 Metro";"05-07-2026 06:00";"NS";"Moggill";"";"";"Logan Roos";"1.3 | 2.4";"1.3 | 1.6";"3.4";"3.7";"60";"42";"20";"10";"3.5";"3";"1.2 | 1.6";"1.3 | 2"
"Australia";"AUS";"Capital Territory";"05-07-2026 02:00";"NS";"Canberra FC";"";"";"Canberra Olympic";"1.5 | 3.1";"2.6 | 1.9";"4.6";"3.7";"75";"55";"35";"30";"3.5";"4.2";"2.3 | 1.7";"1.4 | 2.9"
"Australia";"AUS";"New South Wales";"05-07-2026 02:00";"NS";"Rockdale Ilinden FC";"";"";"NWS Spirit";"2 | 1.6";"1.4 | 2";"3.5";"3.7";"70";"40";"35";"15";"3.5";"3.4";"1.3 | 2";"1.9 | 1.6"
"Australia";"AUS";"New South Wales";"05-07-2026 02:00";"NS";"Blacktown City";"";"";"Sydney United 58 FC";"1.4 | 1.6";"1.6 | 2.1";"3.4";"3.7";"64";"43";"22";"16";"3.5";"3.1";"1.5 | 2";"1.3 | 1.4"
"Australia";"AUS";"New South Wales";"05-07-2026 02:00";"NS";"Marconi Stallions";"";"";"St. George Saints";"1.9 | 1.6";"2.2 | 2.1";"3.9";"3.7";"58";"53";"32";"21";"3.5";"3.6";"1.9 | 1.9";"1.8 | 1.6"
"Australia";"AUS";"New South Wales";"05-07-2026 02:00";"NS";"Wollongong Wolves";"";"";"St George City FA";"2 | 0.8";"1.7 | 1.1";"2.8";"3.7";"40";"30";"20";"20";"3.5";"2.6";"1.7 | 1.1";"1.9 | 0.6"
"Australia";"AUS";"Npl Tasmania";"05-07-2026 01:30";"NS";"South East United";"";"";"South Hobart";"2.2 | 1.6";"1.4 | 1";"3.2";"3.5";"53";"41";"17";"17";"3.4";"3.1";"1.3 | 1";"2.2 | 1.6"
"Australia";"AUS";"Npl Queensland";"05-07-2026 02:00";"NS";"Gold Coast United";"";"";"Magic United";"1.3 | 1.7";"1.1 | 1.4";"2.8";"3.9";"55";"30";"15";"5";"3.7";"2.7";"1.1 | 1.4";"1.2 | 1.7"
"Australia";"AUS";"Npl Queensland";"05-07-2026 02:45";"NS";"Brisbane City";"";"";"Brisbane Roar II";"2.1 | 2.5";"1.1 | 1.7";"3.7";"3.9";"70";"60";"30";"10";"3.7";"3.5";"1 | 1.6";"2 | 2.4"
"Australia";"AUS";"Npl Victoria";"05-07-2026 02:30";"NS";"South Melbourne";"";"";"Dandenong Thunder";"1.3 | 1.7";"1.2 | 1.2";"2.7";"3.5";"37";"26";"16";"6";"3.4";"2.6";"1.2 | 1.2";"1.3 | 1.6"
"Australia";"AUS";"Victoria NPL Youth League";"05-07-2026 02:00";"NS";"Heidelberg United U23";"";"";"St. Albans Saints U23";"1.8 | 1.4";"2.3 | 1.8";"3.6";"3.7";"67";"44";"38";"28";"3.4";"3.4";"2.3 | 1.6";"1.7 | 1.3"
"Australia";"AUS";"Brisbane Reserves Premier League";"05-07-2026 00:00";"NS";"Ipswich Knights U23";"";"";"Redcliffe Dolphins U23";"";"";"";"0";"";"";"";"";"0";"";"";""
"Australia";"AUS";"Brisbane Reserves Premier League";"05-07-2026 02:00";"NS";"Mt Gravatt U23";"";"";"North Pine U23";"";"";"";"0";"";"";"";"";"0";"";"";""
"Australia";"AUS";"Brisbane Reserves Premier League";"05-07-2026 04:00";"NS";"Moggill U23";"";"";"Logan Roos U23";"";"";"";"0";"";"";"";"";"0";"";"";""
"Australia";"AUS";"Victoria Premier League 2";"05-07-2026 01:00";"NS";"Western United II";"";"";"Melbourne Victory II";"1.1 | 1.2";"1.7 | 2.9";"3.4";"4";"64";"37";"37";"16";"3.8";"3.2";"1.7 | 2.4";"1.1 | 1.1"
"Australia";"AUS";"New South Wales NPL Youth League";"05-07-2026 00:00";"NS";"Rockdale Ilinden U20";"";"";"NWS Spirit U20";"1.4 | 0.9";"1.6 | 0.9";"2.4";"3";"38";"16";"11";"6";"2.8";"2.3";"1.4 | 0.8";"1.4 | 0.9"
"Australia";"AUS";"New South Wales NPL Youth League";"05-07-2026 00:00";"NS";"Blacktown City U20";"";"";"Sydney United U20";"1.4 | 0.6";"0.9 | 0.4";"1.6";"3";"22";"0";"0";"0";"2.8";"1.5";"0.9 | 0.4";"1.2 | 0.4"
"Australia";"AUS";"New South Wales NPL Youth League";"05-07-2026 00:00";"NS";"Marconi Stallions U20";"";"";"St. George Saints U20";"1.6 | 1.2";"1.4 | 1.1";"2.6";"3";"45";"25";"15";"10";"2.8";"2.6";"1.3 | 1";"1.6 | 1.2"
"Australia";"AUS";"New South Wales NPL Youth League";"05-07-2026 00:00";"NS";"Wollongong Wolves U20";"";"";"St. George City U20";"1.4 | 1.6";"0.6 | 1";"2.3";"3";"33";"11";"11";"6";"2.8";"2.2";"0.6 | 1";"1.3 | 1.4"
"Australia";"AUS";"Queensland Premier League 2";"05-07-2026 04:00";"NS";"Caloundra";"";"";"Samford Rangers";"2.4 | 1.7";"1.2 | 1.7";"3.6";"3.3";"69";"42";"31";"18";"3.1";"3.4";"1.2 | 1.7";"2.3 | 1.4"
"Australia";"AUS";"Queensland NPL Youth League";"05-07-2026 00:15";"NS";"Brisbane City U23";"";"";"Queensland U16";"";"";"";"2.9";"";"";"";"";"2.7";"";"";""
"Australia";"AUS";"NSW League One Youth";"05-07-2026 04:00";"NS";"CC Mariners U20";"";"";"Rydalmere Lions U20";"";"";"";"3.1";"";"";"";"";"2.9";"";"";""
"Australia";"AUS";"New South Wales NPL 2";"05-07-2026 02:00";"NS";"Central Coast II";"";"";"Rydalmere Lions";"1.4 | 2.6";"2.2 | 1.9";"4";"3.6";"65";"50";"45";"30";"3.5";"3.9";"2.2 | 1.7";"1.4 | 2.5"
"Bhutan";"BHU";"Bhutan Premier League";"05-07-2026 07:00";"NS";"RTC";"";"";"Ugyen Academy";"1.8 | 1.2";"2.9 | 1";"3.4";"3.4";"48";"42";"19";"19";"3.2";"3";"2.6 | 1";"1.4 | 1.1"
"Belarus";"BLR";"Vysshaya Liga";"05-07-2026 12:00";"NS";"Belshina";"";"";"Baranovichi";"1.9 | 2.3";"1.2 | 1.9";"3.6";"3.5";"75";"45";"40";"10";"3.4";"3.6";"1.2 | 1.9";"1.9 | 2.2"
"Belarus";"BLR";"Vysshaya Liga";"05-07-2026 14:55";"NS";"Torpedo BelAZ";"";"";"Isloch";"0.8 | 1.7";"2.4 | 1.2";"3";"3.5";"55";"40";"10";"5";"3.4";"3";"2.3 | 1.2";"0.8 | 1.6"
"Belarus";"BLR";"Pershaya Liga";"05-07-2026 09:00";"NS";"Osipovichy";"";"";"Molodechno-DYuSSh 4";"2.5 | 2.1";"1.6 | 1.4";"3.8";"3.8";"73";"58";"36";"16";"3.8";"3.6";"1.6 | 1.4";"2.4 | 1.9"
"Belarus";"BLR";"Pershaya Liga";"05-07-2026 11:00";"NS";"Lida";"";"";"Uni Minsk";"2.1 | 1.8";"1.2 | 2";"3.6";"3.8";"58";"53";"24";"24";"3.8";"3.6";"1.2 | 2";"2.1 | 1.8"
"Brazil";"BRA";"Serie C";"05-07-2026 11:00";"NS";"Ypiranga Erechim";"";"";"Paysandu";"2.3 | 3";"3.2 | 3.8";"6.2";"5.5";"100";"85";"65";"55";"5.3";"5.8";"3.1 | 3.6";"2.3 | 2.7"
"Brazil";"BRA";"Serie C";"05-07-2026 20:00";"NS";"Amazonas";"";"";"Itabaiana";"3.5 | 2";"3.3 | 2.7";"5.8";"5.5";"95";"90";"65";"50";"5.3";"5.5";"3.1 | 2.5";"3.5 | 1.9"
"Brazil";"BRA";"Serie C";"05-07-2026 20:00";"NS";"Anápolis";"";"";"Botafogo PB";"3 | 2.5";"3 | 2.1";"5.3";"5.5";"90";"85";"60";"45";"5.3";"5";"2.8 | 2.1";"2.7 | 2.5"
"Brazil";"BRA";"Baiano 2";"05-07-2026 15:00";"NS";"Redenção BA";"";"";"Camaçari U20";"";"";"";"4.5";"";"";"";"";"4.1";"";"";""
"Brazil";"BRA";"Baiano 2";"05-07-2026 15:00";"NS";"Grapiuna Itabuna";"";"";"Leonico";"2.8 | 4";"2.8 | 2";"5.8";"4.5";"100";"71";"62";"62";"4.1";"5";"2.2 | 1.7";"2.2 | 3.8"
"Brazil";"BRA";"Baiano 2";"05-07-2026 15:00";"NS";"Vitória da Conquista";"";"";"Fluminense de Feira";"";"";"";"4.5";"";"";"";"";"4.1";"";"";""
"Brazil";"BRA";"Baiano 2";"05-07-2026 15:00";"NS";"SSA";"";"";"Barreiras";"1.8 | 3";"1.8 | 3.7";"5.2";"4.5";"80";"54";"44";"44";"4.1";"5";"1.8 | 3.3";"1.8 | 3"
"Brazil";"BRA";"Baiano 2";"05-07-2026 15:00";"NS";"Jacobina";"";"";"Feira";"2 | 0.8";"2 | 2.2";"3.5";"4.5";"68";"32";"32";"20";"4.1";"3.2";"2 | 2";"1.6 | 0.8"
"Brazil";"BRA";"Mineiro 2";"05-07-2026 10:00";"NS";"Coimbra";"";"";"Valeriodoce";"2.1 | 2.9";"2.9 | 2.9";"5.4";"5";"87";"66";"60";"40";"4.8";"5";"2.6 | 2.6";"2.1 | 2.7"
"Brazil";"BRA";"Mineiro 2";"05-07-2026 10:30";"NS";"Boa";"";"";"Caldense";"2 | 2.9";"2.4 | 4";"5.6";"5";"82";"75";"56";"37";"4.8";"5.6";"2.4 | 4";"2 | 2.8"
"Brazil";"BRA";"Mineiro 2";"05-07-2026 10:30";"NS";"Uberaba";"";"";"Mamoré";"3.3 | 2.5";"3.3 | 2.3";"5.8";"5";"84";"84";"78";"67";"4.8";"5.6";"3.1 | 2.3";"3.3 | 2.3"
"Brazil";"BRA";"Paulista Série B";"05-07-2026 10:00";"NS";"Paulinense";"";"";"São Carlos";"2.3 | 3.4";"3.6 | 2.4";"5.8";"5.8";"94";"88";"88";"53";"5.2";"5.2";"3.2 | 2.1";"2.1 | 3.1"
"Brazil";"BRA";"Paulista Série B";"05-07-2026 10:00";"NS";"José Bonifácio";"";"";"Manthiqueira";"3.6 | 1.8";"3.7 | 2.9";"5.9";"5.8";"94";"81";"68";"56";"5.2";"5.4";"3.1 | 2.9";"3.1 | 1.8"
"Brazil";"BRA";"Paulista Série B";"05-07-2026 10:00";"NS";"Independente SP";"";"";"Tupã";"2.7 | 2.4";"2.9 | 2.7";"5.4";"5.8";"78";"78";"58";"54";"5.2";"4.4";"2.6 | 2.3";"2 | 2"
"Brazil";"BRA";"Paulista U20";"05-07-2026 10:00";"NS";"Referência U20";"";"";"Bragantino U20";"2.2 | 2.7";"3.3 | 2.1";"5.2";"6";"94";"78";"67";"44";"5.7";"4.8";"3.2 | 1.9";"2.1 | 2.6"
"Brazil";"BRA";"Paulista U20";"05-07-2026 10:00";"NS";"União Suzano U20";"";"";"Mirassol U20";"2.9 | 2";"3 | 1.8";"4.8";"6";"84";"74";"60";"38";"5.7";"4.7";"3 | 1.7";"2.8 | 1.9"
"Brazil";"BRA";"Paulista U20";"05-07-2026 10:00";"NS";"Porto Ferreira U20";"";"";"Palmeiras U20";"3 | 3.6";"3.6 | 2.5";"6.4";"6";"95";"85";"78";"66";"5.7";"5.9";"3.4 | 2.2";"2.9 | 3.3"
"Brazil";"BRA";"Paulista U20";"05-07-2026 10:00";"NS";"Novorizontino U20";"";"";"Velo Clube U20";"2.2 | 2.9";"2.3 | 3.3";"5.4";"6";"85";"75";"60";"35";"5.7";"5.1";"2.3 | 3.2";"2.1 | 2.6"
"Brazil";"BRA";"Paulista U20";"05-07-2026 11:00";"NS";"Corinthians U20";"";"";"Sertãozinho U20";"1.9 | 2.4";"2.4 | 2.7";"4.7";"6";"80";"75";"60";"25";"5.7";"4.4";"2.3 | 2.7";"1.6 | 2.1"
"Brazil";"BRA";"Catarinense 2";"05-07-2026 11:00";"NS";"Metropolitano";"";"";"Caravaggio";"3.1 | 2.9";"2.9 | 2.9";"5.9";"5.8";"78";"72";"56";"56";"5.6";"5.6";"2.7 | 2.9";"2.9 | 2.7"
"Brazil";"BRA";"Catarinense 2";"05-07-2026 15:00";"NS";"Atlético Tubarão";"";"";"Nação";"3.2 | 2.8";"3.6 | 3.1";"6.4";"5.8";"88";"88";"81";"64";"5.6";"6";"3.3 | 3";"3.1 | 2.5"
"Brazil";"BRA";"Catarinense 2";"05-07-2026 15:00";"NS";"Fluminense SC";"";"";"Blumenau";"1.6 | 3.2";"2.9 | 3";"5.3";"5.8";"78";"78";"60";"50";"5.6";"4.9";"2.7 | 2.6";"1.6 | 3"
"Brazil";"BRA";"Catarinense 2";"05-07-2026 15:00";"NS";"Juventus SC";"";"";"Jaraguá";"3.1 | 3.5";"2.7 | 1.8";"5.6";"5.8";"100";"100";"54";"46";"5.6";"5.4";"2.7 | 1.8";"3.1 | 3.2"
"Brazil";"BRA";"Copa Gaúcha";"05-07-2026 15:00";"NS";"Brasil de Pelotas";"";"";"Santa Cruz RS";"2.9 | 1.4";"2.2 | 2.2";"4.4";"5.2";"94";"66";"30";"12";"5";"4";"2 | 2.1";"2.5 | 1.3"
"Brazil";"BRA";"Copa Gaúcha";"05-07-2026 15:00";"NS";"Gramadense";"";"";"Bage";"3.6 | 2.7";"2.1 | 3.9";"6.2";"5.2";"100";"89";"72";"50";"5";"5.9";"2.1 | 3.6";"3.6 | 2.6"
"Brazil";"BRA";"Brasiliense U20";"05-07-2026 10:00";"NS";"Brazlândia U20";"";"";"CFZ Brasilia U20";"";"";"";"5.8";"";"";"";"";"5.2";"";"";""
"Brazil";"BRA";"Brasiliense U20";"05-07-2026 15:30";"NS";"Ceilandense U20";"";"";"Brasilia DF U20";"3.5 | 4.7";"2.8 | 2.7";"6.8";"5.8";"100";"100";"75";"75";"5.2";"6";"2.8 | 2.3";"3 | 4"
"Brazil";"BRA";"Brasiliense U20";"05-07-2026 15:30";"NS";"CA Taguatinga U20";"";"";"Gama U20";"";"";"";"5.8";"";"";"";"";"5.2";"";"";""
"Brazil";"BRA";"Brasiliense U20";"05-07-2026 15:30";"NS";"Planaltina U20";"";"";"Sobradinho U20";"2 | 3.5";"3.3 | 2";"5.4";"5.8";"100";"84";"58";"50";"5.2";"5.2";"3 | 2";"2 | 3.3"
"Brazil";"BRA";"Catarinense U20";"05-07-2026 11:00";"NS";"Avaí U20";"";"";"Carlos Renaux U20";"2 | 3.6";"2.7 | 4.2";"6.2";"7.1";"95";"84";"70";"60";"6.4";"5.7";"2.5 | 3.9";"2 | 3"
"Canada";"CAN";"PCSL";"05-07-2026 18:30";"NS";"Blues";"";"";"Mid Isle Highlanders";"";"";"";"0";"";"";"";"";"0";"";"";""
"China";"CHN";"Super League";"05-07-2026 08:00";"NS";"Qingdao Hainiu";"";"";"Chengdu Rongcheng";"2.1 | 2.7";"2.2 | 3.6";"5.3";"4.4";"95";"85";"60";"50";"4.2";"5";"2.1 | 3.5";"1.9 | 2.6"
"China";"CHN";"Super League";"05-07-2026 08:35";"NS";"Shanghai Shenhua";"";"";"Zhejiang";"2.1 | 2.5";"1.7 | 1.8";"4";"4.4";"70";"55";"40";"40";"4.2";"3.8";"1.6 | 1.7";"2 | 2.4"
"China";"CHN";"League Two";"05-07-2026 05:00";"NS";"Shanxi Chongde Ronghai";"";"";"Shanghai Segenda";"1.7 | 2.1";"2.6 | 1.6";"4";"3.7";"85";"60";"35";"25";"3.5";"3.5";"2.3 | 1.6";"1.3 | 1.8"
"China";"CHN";"League Two";"05-07-2026 05:00";"NS";"Xiamen Feilu";"";"";"Shenzhen 2028";"2.1 | 1.5";"1.5 | 2.3";"3.7";"3.7";"70";"50";"20";"20";"3.5";"3.4";"1.5 | 2.2";"1.8 | 1.4"
"China";"CHN";"League Two";"05-07-2026 08:00";"NS";"Tai'an Tiankuang";"";"";"Changchun Xidu";"2.3 | 1.4";"2.7 | 2.1";"4.2";"3.7";"80";"65";"50";"25";"3.5";"4.2";"2.7 | 2.1";"2.2 | 1.4"
"China";"CHN";"League Two";"05-07-2026 08:00";"NS";"Dalian Yingbo B";"";"";"Qingdao Red Lions";"1.7 | 2.6";"2.5 | 1.7";"4.2";"3.7";"90";"50";"30";"25";"3.5";"3.8";"2.2 | 1.4";"1.6 | 2.4"
"China";"CHN";"League Two";"05-07-2026 08:30";"NS";"Guizhou Zhucheng Athletic";"";"";"Jiangxi Lushan";"1.8 | 1.9";"1.5 | 0.8";"3";"3.7";"50";"35";"25";"15";"3.5";"2.9";"1.4 | 0.8";"1.7 | 1.9"
"China";"CHN";"League Two";"05-07-2026 08:30";"NS";"Hangzhou Linping Wuyue";"";"";"Wenzhou";"1.5 | 1.4";"2 | 2";"3.4";"3.7";"70";"50";"15";"15";"3.5";"3.3";"1.8 | 1.9";"1.5 | 1.4"
"Ecuador";"ECU";"Superliga Femenina";"05-07-2026 12:30";"NS";"Independiente Valle W";"";"";"Macará W";"0.7 | 2.2";"1.7 | 1.8";"3.2";"3.1";"66";"34";"17";"8";"2.8";"2.9";"1.7 | 1.7";"0.7 | 1.8"
"Ecuador";"ECU";"Superliga Femenina";"05-07-2026 14:00";"NS";"LDU Quito W";"";"";"Deportivo Ibarra W";"1.8 | 1.5";"1.8 | 1.2";"3.2";"3.1";"66";"33";"8";"8";"2.8";"2.8";"1.7 | 0.8";"1.5 | 1.5"
"Ecuador";"ECU";"Superliga Femenina";"05-07-2026 16:30";"NS";"Universidad Católica W";"";"";"Quito FC W";"1 | 1.2";"0.6 | 1.5";"2.2";"3.1";"35";"26";"8";"0";"2.8";"2";"0.4 | 1.5";"1 | 1"
"Estonia";"EST";"Meistriliiga";"05-07-2026 13:00";"NS";"Tammeka";"";"";"Harju Jalgpallikool";"3.1 | 2.2";"2.6 | 2.4";"5.2";"4.5";"90";"65";"55";"50";"4.3";"4.9";"2.4 | 2.4";"2.9 | 2.1"
"Estonia";"EST";"Esiliiga A";"05-07-2026 09:00";"NS";"Flora II";"";"";"Levadia II";"1.4 | 2.1";"2.3 | 2.9";"4.4";"4.4";"85";"60";"50";"30";"4.3";"4.3";"2.3 | 2.9";"1.3 | 2.1"
"Estonia";"EST";"Esiliiga A";"05-07-2026 09:00";"NS";"Nõmme Kalju U21";"";"";"Elva";"1.8 | 1.7";"1.1 | 2.2";"3.4";"4.4";"55";"35";"25";"20";"4.3";"3.4";"1.1 | 2.2";"1.8 | 1.7"
"Estonia";"EST";"Esiliiga B";"05-07-2026 09:00";"NS";"Trans II";"";"";"Tulevik";"1.6 | 2.8";"2.2 | 1.6";"4";"4.3";"80";"64";"32";"20";"4.1";"3.8";"2 | 1.4";"1.6 | 2.7"
"Estonia";"EST";"Esiliiga B";"05-07-2026 10:00";"NS";"Legion";"";"";"Tallinna Kalev II";"2.6 | 1.9";"1 | 2.4";"4";"4.3";"72";"56";"44";"22";"4.1";"3.7";"1 | 2.4";"2.4 | 1.6"
"Estonia";"EST";"Esiliiga B";"05-07-2026 12:00";"NS";"Tabasalu";"";"";"Vaprus II";"1.7 | 2.8";"1.7 | 2.7";"4.4";"4.3";"78";"62";"46";"36";"4.1";"4.2";"1.6 | 2.6";"1.6 | 2.7"
"Fiji";"FIJ";"National Football League";"05-07-2026 00:00";"NS";"Navua";"";"";"Suva";"2.6 | 2.6";"1.8 | 2.2";"4.6";"3.6";"84";"68";"61";"39";"3.1";"4.2";"1.6 | 2";"2.4 | 2.5"
"Fiji";"FIJ";"National Football League";"05-07-2026 00:00";"NS";"Ba";"";"";"Nadi";"";"";"";"3.6";"";"";"";"";"3.1";"";"";""
"Fiji";"FIJ";"National Football League";"05-07-2026 00:00";"NS";"Tailevu Naitasiri";"";"";"Nasinu";"2.2 | 1.3";"1.7 | 1.2";"3.2";"3.6";"66";"58";"25";"8";"3.1";"2.8";"1.7 | 1";"1.8 | 1"
"Fiji";"FIJ";"National Football League";"05-07-2026 00:00";"NS";"Lautoka";"";"";"Rewa";"1.2 | 1.4";"2.2 | 2.1";"3.5";"3.6";"48";"42";"32";"24";"3.1";"3";"1.8 | 1.9";"1.2 | 1.3"
"Finland";"FIN";"Ykkösliiga";"05-07-2026 12:30";"NS";"MP";"";"";"Haka";"1.4 | 2.7";"1.9 | 2.4";"4.2";"3.9";"80";"55";"35";"25";"3.8";"4.1";"1.9 | 2.3";"1.4 | 2.6"
"Finland";"FIN";"Kakkonen";"05-07-2026 08:00";"NS";"Ilves II";"";"";"EPS";"1 | 1.6";"1.4 | 2.8";"3.4";"4.3";"78";"41";"26";"10";"4.1";"3.2";"1.3 | 2.6";"0.9 | 1.6"
"Finland";"FIN";"Kakkonen";"05-07-2026 12:00";"NS";"VPS II";"";"";"Huima / Urho";"1.3 | 2.4";"2 | 2";"3.8";"4.3";"80";"50";"35";"15";"4.1";"3.7";"1.9 | 1.9";"1.3 | 2.3"
"Finland";"FIN";"Kolmonen - Northern Group";"05-07-2026 10:00";"NS";"PonPa";"";"";"KaPa Kajaani";"1 | 1.3";"0.7 | 3";"3";"2.4";"34";"34";"16";"16";"2.3";"2.6";"0.7 | 3";"0.3 | 1.3"
"Finland";"FIN";"Kolmonen - Northern Group";"05-07-2026 11:00";"NS";"KePS";"";"";"KajHa";"2 | 2.5";"1.5 | 0.8";"3.4";"2.4";"50";"38";"38";"12";"2.3";"3.4";"1.5 | 0.8";"2 | 2.5"
"Finland";"FIN";"Kolmonen - Southern Group";"05-07-2026 12:00";"NS";"VJS II";"";"";"Valtti";"1.8 | 3.8";"2.4 | 1.4";"4.7";"3.6";"74";"69";"48";"37";"3.3";"4.6";"2.4 | 1.4";"1.7 | 3.6"
"Faroe Islands";"FRO";"Meistaradeildin";"05-07-2026 11:00";"NS";"07 Vestur";"";"";"HB";"2.1 | 1.9";"1 | 1.7";"3.4";"3.9";"64";"36";"26";"11";"3.7";"3.3";"0.9 | 1.7";"2.1 | 1.9"
"Germany";"GER";"Reg. Cup Bayern";"05-07-2026 08:00";"NS";"Kornburg";"";"";"Eltersdorf";"";"";"";"";"";"";"";"";"";"";"";""
"Germany";"GER";"Reg. Cup Bayern";"05-07-2026 10:00";"NS";"Aindling";"";"";"Landsberg";"";"";"";"";"";"";"";"";"";"";"";""
"Iceland";"ISL";"U19 League B";"05-07-2026 15:00";"NS";"KA/D/KF/Hö/H U19 II";"";"";"Fjölnir / Vængir U19";"";"";"";"6";"";"";"";"";"5.7";"";"";""
"Iceland";"ISL";"U19 League C";"05-07-2026 10:00";"NS";"Breidablik II U19";"";"";"Austurland U19";"";"";"";"0";"";"";"";"";"0";"";"";""
"Iceland";"ISL";"U19 League C";"05-07-2026 10:00";"NS";"Selfoss Árb. Æ Stok U19";"";"";"Grotta / Kria U19";"";"";"";"";"";"";"";"";"";"";"";""
"Japan";"JPN";"Regional Leagues: Kyushu";"05-07-2026 03:30";"NS";"NIFS Kanoya FC";"";"";"Veroskronos Tsuno";"0.7 | 0.8";"1.2 | 1.5";"2";"2";"33";"17";"8";"0";"1.9";"2";"1 | 1.5";"0.7 | 0.8"
"Japan";"JPN";"Regional Leagues: Chugoku";"05-07-2026 03:00";"NS";"Yonago Genki";"";"";"Variamore Aki";"1.3 | 2.3";"2.3 | 1";"3.5";"";"84";"42";"33";"8";"";"3.2";"2.3 | 0.8";"1 | 2.2"
"Japan";"JPN";"Regional Leagues: Chugoku";"05-07-2026 03:00";"NS";"Intl Pacific UFC";"";"";"Baleine Shimonoseki";"0.8 | 0.7";"0.5 | 1.3";"1.6";"";"16";"0";"0";"0";"";"1.6";"0.5 | 1.3";"0.8 | 0.7"
"Japan";"JPN";"Regional Leagues: Kanto";"05-07-2026 03:00";"NS";"Aries Toshima";"";"";"Nihon University";"";"";"";"0";"";"";"";"";"0";"";"";""
"Japan";"JPN";"Regional Leagues: Kanto";"05-07-2026 05:00";"NS";"Ryutsu Keizai Dragons";"";"";"Edo All United";"";"";"";"0";"";"";"";"";"0";"";"";""
"Japan";"JPN";"Regional Leagues: Kanto";"05-07-2026 06:00";"NS";"Toho Titanium";"";"";"Shibuya City";"";"";"";"0";"";"";"";"";"0";"";"";""
"Japan";"JPN";"Regional Leagues: Kanto";"05-07-2026 06:00";"NS";"Tokyo United";"";"";"Nankatsu";"";"";"";"0";"";"";"";"";"0";"";"";""
"Japan";"JPN";"Regional Leagues: Tokai";"05-07-2026 01:00";"NS";"Yazaki Valente";"";"";"Mosuperio";"";"";"";"3.4";"";"";"";"";"3.4";"";"";""
"Japan";"JPN";"Regional Leagues: Tokai";"05-07-2026 02:00";"NS";"Tokai";"";"";"Atletico";"3 | 1.4";"0.5 | 1.7";"3.3";"3.4";"86";"46";"7";"0";"3.4";"3.3";"0.5 | 1.7";"3 | 1.4"
"Japan";"JPN";"Regional Leagues: Tokai";"05-07-2026 05:00";"NS";"Fujieda City Hall";"";"";"Chukyo University FC II";"";"";"";"3.4";"";"";"";"";"3.4";"";"";""
"Kazakhstan";"KAZ";"Premier League";"05-07-2026 11:00";"NS";"Aktobe";"";"";"Zhetysu";"3.1 | 2.9";"2.7 | 2.3";"5.5";"4.7";"95";"80";"70";"55";"4.5";"5.3";"2.6 | 2.2";"3.1 | 2.7"
"Kazakhstan";"KAZ";"Premier League";"05-07-2026 11:00";"NS";"Atyrau";"";"";"Kaspiy";"2 | 2.8";"1.9 | 2";"4.4";"4.7";"80";"65";"50";"35";"4.5";"4.1";"1.8 | 1.8";"1.9 | 2.7"
"Kazakhstan";"KAZ";"Premier League";"05-07-2026 12:00";"NS";"Kaisar";"";"";"Irtysh";"2.1 | 2";"3.1 | 2.4";"4.8";"4.7";"95";"85";"55";"25";"4.5";"4.6";"2.9 | 2.2";"2.1 | 2"
"Kazakhstan";"KAZ";"Premier League";"05-07-2026 12:00";"NS";"Ordabasy";"";"";"Ulytau";"2.6 | 2.5";"1.9 | 3";"5";"4.7";"80";"70";"65";"40";"4.5";"4.7";"1.6 | 2.9";"2.6 | 2.3"
"Kyrgyzstan";"KGZ";"Top Liga";"05-07-2026 21:00";"POSTPONED";"Bars";"";"";"FTs Bishkek";"2 | 1";"2.7 | 2.9";"4.3";"4";"69";"62";"45";"31";"3.9";"4";"2.7 | 2.4";"2 | 1"
"South Korea";"KOR";"Korean Cup";"05-07-2026 06:00";"NS";"Geoje Citizen";"";"";"Incheon Seogot";"";"";"";"2";"";"";"";"";"2";"";"";""
"South Korea";"KOR";"Korean Cup";"05-07-2026 06:00";"NS";"Namyangju";"";"";"Jungnang Chorus Mustang";"1.3 | 1.8";"1.7 | 1.1";"3";"2";"68";"36";"6";"0";"2";"2.8";"1.6 | 1.1";"1.3 | 1.6"
"South Korea";"KOR";"Korean Cup";"05-07-2026 07:00";"NS";"Pyeongtaek Citizen";"";"";"Yeoju Sejong";"2.3 | 2.4";"2.8 | 2.2";"4.8";"2";"85";"75";"55";"40";"2";"4.7";"2.8 | 2.1";"2.1 | 2.4"
"South Korea";"KOR";"Korean Cup";"05-07-2026 07:00";"NS";"Gyeongju HNP";"";"";"Seosan Pioneer";"1.6 | 1.5";"2.4 | 1.9";"3.7";"2";"74";"47";"32";"11";"2";"3.6";"2.4 | 1.8";"1.6 | 1.5"
"South Korea";"KOR";"Korean Cup";"05-07-2026 07:00";"NS";"Busan Transportation";"";"";"Gijang United";"1.4 | 1.7";"1.1 | 1.4";"2.8";"2";"55";"25";"10";"5";"2";"2.8";"1 | 1.4";"1.4 | 1.7"
"South Korea";"KOR";"K League 2";"05-07-2026 07:30";"NS";"Jeonnam Dragons";"";"";"Busan I'Park";"1.9 | 1.7";"2 | 1.5";"3.6";"4.2";"65";"55";"35";"25";"3.9";"3.4";"2 | 1.5";"1.6 | 1.6"
"South Korea";"KOR";"K League 2";"05-07-2026 07:30";"NS";"Gyeongnam";"";"";"Cheonan City";"3.2 | 2.1";"1.7 | 1.5";"4.2";"4.2";"85";"60";"45";"30";"3.9";"4";"1.6 | 1.3";"3.2 | 1.9"
"South Korea";"KOR";"K League 2";"05-07-2026 07:30";"NS";"Gimpo";"";"";"Chungnam Asan";"2.2 | 2";"1.8 | 1.4";"3.7";"4.2";"80";"50";"25";"15";"3.9";"3.4";"1.8 | 1.2";"1.9 | 1.9"
"South Korea";"KOR";"K League 2";"05-07-2026 07:30";"NS";"Gimhae City";"";"";"Seoul E.";"2 | 2.1";"2.3 | 1.7";"4";"4.2";"75";"65";"40";"25";"3.9";"3.8";"2.1 | 1.4";"2 | 2"
"Lithuania";"LTU";"A Lyga";"05-07-2026 12:45";"NS";"FA Šiauliai";"";"";"Žalgiris";"1.9 | 1.7";"1.6 | 2.1";"3.6";"4.1";"58";"47";"36";"31";"3.9";"3.6";"1.6 | 2.1";"1.9 | 1.7"
"Latvia";"LVA";"Virsliga";"05-07-2026 10:00";"NS";"Grobiņa";"";"";"Tukums";"2.3 | 2";"2.1 | 2.1";"4.2";"4.4";"80";"75";"55";"25";"4.3";"4";"2 | 2.1";"2.3 | 1.7"
"Latvia";"LVA";"First Liga";"05-07-2026 09:00";"NS";"Rīgas FS II";"";"";"Super Nova II";"1.8 | 1.8";"2.1 | 2.2";"4";"4.4";"74";"47";"42";"26";"4.2";"4";"2.1 | 2.2";"1.8 | 1.8"
"Latvia";"LVA";"First Liga";"05-07-2026 09:00";"NS";"Valmiera";"";"";"Leevon / PPK";"2.7 | 2.6";"2.3 | 3.1";"5.4";"4.4";"89";"68";"68";"57";"4.2";"5.2";"2.2 | 2.9";"2.6 | 2.6"
"Macau";"MAC";"Primeira Division";"05-07-2026 08:00";"NS";"Chiba";"";"";"Cheng Fung";"1.9 | 1.5";"1.8 | 2.7";"4";"3.9";"80";"75";"35";"10";"3.6";"3.8";"1.8 | 2.4";"1.8 | 1.5"
"Macau";"MAC";"Primeira Division";"05-07-2026 10:00";"NS";"Universidade de Macau";"";"";"Hang Sai SC";"1.3 | 1.5";"0.7 | 2.1";"2.8";"3.9";"62";"36";"10";"5";"3.6";"2.8";"0.7 | 2";"1.3 | 1.5"
"Moldova";"MDA";"Super Liga";"05-07-2026 12:00";"NS";"Dacia-Buiucani";"";"";"Sireți";"2.8 | 2.1";"2.7 | 2.4";"5";"";"80";"80";"52";"41";"";"5";"2.6 | 2.4";"2.8 | 2.1"
"Moldova";"MDA";"Super Liga";"05-07-2026 14:00";"NS";"Zimbru";"";"";"CSF Bălți";"1.6 | 2.3";"2.3 | 1.9";"4";"";"70";"60";"45";"35";"";"4";"2.3 | 1.9";"1.6 | 2.1"
"Nicaragua";"NCA";"Copa Nicaragua";"05-07-2026 20:00";"NS";"Rancho Santana";"";"";"Managua";"3.6 | 3";"2 | 2.6";"5.6";"4.4";"94";"82";"56";"44";"4.2";"5.4";"1.9 | 2.6";"3.5 | 2.8"
"Norway";"NOR";"1. Division";"05-07-2026 14:15";"NS";"Odd";"";"";"Haugesund";"1.5 | 1.4";"1.8 | 2.2";"3.4";"3.4";"65";"45";"25";"5";"3.4";"3.4";"1.8 | 2.1";"1.5 | 1.4"
"Paraguay";"PAR";"Campeonato Femenino";"05-07-2026 15:00";"NS";"Sportivo Luqueño W";"";"";"2 de Mayo W";"2.2 | 1.3";"2 | 2.2";"3.8";"3.9";"65";"45";"25";"20";"3.7";"3.6";"1.7 | 2";"2.2 | 1.2"
"Paraguay";"PAR";"Campeonato Femenino";"05-07-2026 17:15";"NS";"Sportivo Trinidense W";"";"";"Deportivo Recoleta W";"2.8 | 2.2";"3.1 | 0.8";"4.4";"3.9";"76";"64";"52";"28";"3.7";"4.2";"3 | 0.8";"2.6 | 2.1"
"Paraguay";"PAR";"Campeonato Femenino";"05-07-2026 19:30";"NS";"Rubio Ñú";"";"";"Sportivo Ameliano W";"2.2 | 1.6";"2.6 | 1.6";"4.1";"3.9";"78";"46";"36";"18";"3.7";"3.8";"2.5 | 1.5";"2 | 1.5"
"Réunion";"REU";"Regionale 1";"05-07-2026 08:30";"NS";"Jeanne d'Arc";"";"";"Saint-Louisienne";"";"";"";"0";"";"";"";"";"0";"";"";""
"Réunion";"REU";"Regionale 1";"05-07-2026 08:30";"NS";"Trois Bassins";"";"";"Saint-Denis";"";"";"";"0";"";"";"";"";"0";"";"";""
"Réunion";"REU";"Regionale 1";"05-07-2026 08:30";"NS";"ES Dominicaine";"";"";"Stade Tamponnaise";"";"";"";"0";"";"";"";"";"0";"";"";""
"Réunion";"REU";"Regionale 1";"05-07-2026 08:30";"NS";"Bagatelle Sainte-Suzanne";"";"";"Bénédictine";"";"";"";"0";"";"";"";"";"0";"";"";""
"Réunion";"REU";"Regionale 1";"05-07-2026 08:30";"NS";"Excelsior";"";"";"Ville Sainte-Suzanne";"";"";"";"0";"";"";"";"";"0";"";"";""
"Réunion";"REU";"Regionale 1";"05-07-2026 08:30";"NS";"Saint-Pierroise";"";"";"Sainte-Rose";"";"";"";"0";"";"";"";"";"0";"";"";""
"Réunion";"REU";"Regionale 1";"05-07-2026 08:30";"NS";"Piton Saint-Leu";"";"";"St Pauloise FC";"";"";"";"0";"";"";"";"";"0";"";"";""
"Russia";"RUS";"FNL 2 - Group 1";"05-07-2026 10:30";"NS";"Dinamo Makhachkala 2";"";"";"Shakhter Donetsk";"1.8 | 1.7";"1.7 | 1.8";"3.4";"3.8";"67";"62";"38";"28";"3.6";"3.3";"1.7 | 1.8";"1.6 | 1.7"
"Russia";"RUS";"FNL 2 - Group 2";"05-07-2026 10:00";"NS";"Luki-Energiya";"";"";"Cherepovets";"1.9 | 2";"1.9 | 1";"3.4";"3.9";"66";"49";"38";"20";"3.8";"3.4";"1.8 | 1";"1.9 | 2"
"Russia";"RUS";"FNL 2 - Group 2";"05-07-2026 12:00";"NS";"Torpedo Vladimir";"";"";"Kosmos Dolgoprudny";"1.8 | 2.9";"1.9 | 1.4";"4";"3.9";"84";"63";"26";"5";"3.8";"4";"1.9 | 1.4";"1.8 | 2.9"
"Russia";"RUS";"FNL 2 - Group 2";"05-07-2026 12:00";"NS";"Spartak Moskva II";"";"";"Murom";"2.2 | 1.5";"2.2 | 2.3";"4.1";"3.9";"90";"65";"45";"15";"3.8";"4.1";"2.2 | 2.3";"2.2 | 1.4"
"Russia";"RUS";"FNL 2 - Group 2";"05-07-2026 13:00";"NS";"Dinamo Vologda";"";"";"Yenisey II";"2.3 | 1.8";"3.2 | 1.3";"4.3";"3.9";"75";"60";"45";"40";"3.8";"4.2";"3.2 | 1.3";"2.2 | 1.8"
"Russia";"RUS";"FNL 2 - Group 4";"05-07-2026 05:00";"NS";"Ural 2";"";"";"Chelyabinsk II";"1.9 | 2.2";"2.1 | 2.2";"4.2";"4.3";"80";"60";"45";"30";"4.2";"4.2";"2.1 | 2.2";"1.9 | 2.1"
"Russia";"RUS";"FNL 2 - Group 4";"05-07-2026 07:00";"NS";"Dinamo Barnaul";"";"";"KDV";"1.9 | 1.8";"1.6 | 1.8";"3.5";"4.3";"56";"50";"38";"22";"4.2";"3.5";"1.6 | 1.8";"1.9 | 1.8"
"Russia";"RUS";"FNL 2 - Group 4";"05-07-2026 07:00";"NS";"Akron II";"";"";"Zenit Izhevsk";"1.4 | 3.1";"2.2 | 2.3";"4.6";"4.3";"78";"67";"61";"56";"4.2";"4.2";"2.1 | 2.2";"1.3 | 2.9"
"Russia";"RUS";"FNL 2 - Group 4";"05-07-2026 09:00";"NS";"Nosta";"";"";"Orenburg II";"1.8 | 2.3";"2.6 | 2.6";"4.6";"4.3";"78";"72";"55";"29";"4.2";"4.6";"2.6 | 2.4";"1.8 | 2.3"
"Russia";"RUS";"FNL 2 - Group 4";"05-07-2026 10:00";"NS";"Pobeda Nizhny Novgorod";"";"";"Khimik Dzerzhinsk";"2.3 | 1.7";"2 | 1.8";"3.8";"4.3";"74";"64";"36";"20";"4.2";"3.7";"2 | 1.7";"2.3 | 1.4"
"Russia";"RUS";"FNL 2 - Group 4";"05-07-2026 12:00";"NS";"Rubin Kazan' II";"";"";"Krylya Sovetov Samara II";"2.4 | 1.7";"1.4 | 2";"3.8";"4.3";"64";"64";"42";"16";"4.2";"3.7";"1.3 | 2";"2.4 | 1.7"
"United States";"USA";"USL Championship";"05-07-2026 20:00";"NS";"Miami FC II";"";"";"Birmingham Legion";"2.8 | 2.1";"1.8 | 2.1";"4.4";"4.6";"95";"65";"40";"20";"4.5";"4.2";"1.6 | 2.1";"2.7 | 2.1"
"United States";"USA";"USL League Two";"05-07-2026 16:00";"NS";"St. Croix";"";"";"Edgewater Castle";"1.6 | 2.5";"1.1 | 2.3";"3.8";"4";"63";"56";"48";"25";"3.8";"3.8";"1.1 | 2.3";"1.6 | 2.5"
"United States";"USA";"USL League Two";"05-07-2026 17:00";"NS";"Eagle FC";"";"";"West Chester United II";"";"";"";"4";"";"";"";"";"3.8";"";"";""
"United States";"USA";"USL League Two";"05-07-2026 17:00";"NS";"Project 51O";"";"";"Davis Legacy";"2.7 | 1.5";"1.2 | 1.9";"3.6";"4";"64";"50";"38";"14";"3.8";"3.2";"1 | 1.8";"2.3 | 1.4"
"United States";"USA";"USL League Two";"05-07-2026 18:00";"NS";"Virginia Marauders";"";"";"Bethesda SC";"2.8 | 2";"1.2 | 1.8";"3.9";"4";"88";"50";"25";"25";"3.8";"3.5";"1 | 1.5";"2.5 | 2"
"United States";"USA";"USL League Two";"05-07-2026 18:00";"NS";"West Seattle Junction";"";"";"Oly Town";"2.6 | 2";"3.4 | 1.6";"4.8";"4";"73";"73";"56";"48";"3.8";"4.6";"3.1 | 1.6";"2.6 | 2"
"United States";"USA";"USL League Two";"05-07-2026 18:00";"NS";"Ballard";"";"";"Tacoma Stars";"1.5 | 2.4";"1.8 | 1.9";"3.7";"4";"62";"50";"44";"25";"3.8";"3.6";"1.8 | 1.8";"1.5 | 2.4"
"United States";"USA";"USL League Two";"05-07-2026 19:00";"NS";"North Carolina II";"";"";"Asheville City";"1.7 | 1.7";"2 | 1.7";"3.5";"4";"84";"50";"34";"16";"3.8";"3.3";"1.7 | 1.7";"1.7 | 1.7"
"United States";"USA";"USL League Two";"05-07-2026 19:00";"NS";"San Francisco City";"";"";"Academica";"2 | 2.7";"2.8 | 2.3";"4.9";"4";"74";"74";"74";"44";"3.8";"4.3";"2.6 | 2";"2 | 2"
"United States";"USA";"USL League Two";"05-07-2026 20:00";"NS";"Pennsylvania Classics";"";"";"Reading United";"";"";"";"4";"";"";"";"";"3.8";"";"";""
"United States";"USA";"USL League Two";"05-07-2026 20:00";"NS";"Christos";"";"";"Loudoun United II";"1.9 | 2.2";"2.1 | 2";"4.1";"4";"86";"64";"36";"22";"3.8";"3.8";"2 | 2";"1.9 | 1.8"
"United States";"USA";"USL League Two";"05-07-2026 20:00";"NS";"Little Rock Rangers";"";"";"Louisiana Krewe";"";"";"";"4";"";"";"";"";"3.8";"";"";""
"United States";"USA";"USL League Two";"05-07-2026 20:00";"NS";"Bigfoot";"";"";"Bangers";"2.1 | 1.2";"1.9 | 1.8";"3.5";"4";"70";"40";"29";"11";"3.8";"3.4";"1.9 | 1.8";"2.1 | 1"
"United States";"USA";"USL League Two";"05-07-2026 20:00";"NS";"Miami";"";"";"Miami AC";"3.8 | 2.5";"2.8 | 1.5";"5.3";"4";"92";"75";"66";"56";"3.8";"5";"2.8 | 1.5";"3.2 | 2.5"
"United States";"USA";"USL League Two";"05-07-2026 20:30";"NS";"Ironbound";"";"";"Staten Island Athletic";"1.3 | 2";"1 | 2.3";"3.3";"4";"66";"50";"33";"16";"3.8";"3.3";"1 | 2.3";"1.3 | 2"
"United States";"USA";"USL League Two";"05-07-2026 20:30";"NS";"East Atlanta";"";"";"Birmingham Legion II";"2 | 1.8";"1.8 | 2";"3.8";"4";"71";"58";"42";"16";"3.8";"3.6";"1.8 | 1.8";"1.8 | 1.8"
"United States";"USA";"USL League Two";"05-07-2026 21:00";"NS";"Northern Virginia";"";"";"Patuxent";"1.2 | 3.2";"2.7 | 0.5";"3.8";"4";"92";"71";"16";"8";"3.8";"3.6";"2.3 | 0.5";"1.2 | 3.2"
"United States";"USA";"USL League Two";"05-07-2026 21:00";"NS";"Marin";"";"";"SF Glens";"2 | 2";"1.7 | 3";"4.4";"4";"84";"54";"42";"28";"3.8";"4";"1.5 | 2.9";"1.8 | 1.9"
"United States";"USA";"USL League Two";"05-07-2026 22:00";"NS";"City SC";"";"";"Redlands";"1.8 | 1.5";"2.5 | 2";"3.9";"4";"62";"42";"29";"8";"3.8";"3.6";"2.2 | 2";"1.8 | 1.2"
"United States";"USA";"USL League One";"05-07-2026 20:00";"NS";"Westchester SC";"";"";"Athletic Club Boise";"1.9 | 2.5";"2.8 | 3.3";"5.2";"5.1";"85";"80";"70";"40";"4.9";"5.1";"2.7 | 3.2";"1.9 | 2.4"
"United States";"USA";"MLS Next Pro";"05-07-2026 18:00";"NS";"Connecticut United";"";"";"Carolina Core";"2.5 | 1.8";"2.8 | 2";"4.6";"4.5";"85";"70";"45";"25";"4.3";"4.2";"2.5 | 1.9";"2.4 | 1.5"
"United States";"USA";"MLS Next Pro";"05-07-2026 19:00";"NS";"FC Cincinnati II";"";"";"New York RB II";"3.2 | 2.5";"2 | 2.1";"4.9";"4.5";"85";"75";"55";"40";"4.3";"4.7";"2 | 2.1";"2.8 | 2.5"
"United States";"USA";"MLS Next Pro";"05-07-2026 20:00";"NS";"New England II";"";"";"Philadelphia Union II";"2.3 | 2.8";"3 | 2.3";"5.2";"4.5";"80";"70";"50";"45";"4.3";"4.8";"2.7 | 2.2";"2.2 | 2.6"
"United States";"USA";"MLS Next Pro";"05-07-2026 20:00";"NS";"Crown Legacy";"";"";"Orlando City II";"2 | 1.9";"3.4 | 1.9";"4.6";"4.5";"95";"65";"50";"30";"4.3";"4.2";"3 | 1.7";"1.7 | 1.9"
"United States";"USA";"MLS Next Pro";"05-07-2026 20:00";"NS";"Houston Dynamo FC II";"";"";"Minnesota United II";"3 | 1.8";"2.7 | 2.1";"4.8";"4.5";"85";"75";"55";"35";"4.3";"4.6";"2.5 | 2";"2.9 | 1.7"
"United States";"USA";"MLS Next Pro";"05-07-2026 21:00";"NS";"Huntsville City";"";"";"Chicago Fire II";"2.3 | 2.2";"1.9 | 1.6";"4";"4.5";"85";"65";"30";"20";"4.3";"3.8";"1.8 | 1.5";"2.1 | 2.2"
"United States";"USA";"MLS Next Pro";"05-07-2026 21:30";"NS";"Austin II";"";"";"Colorado Rapids II";"2.4 | 2.8";"2.2 | 2";"4.7";"4.5";"95";"75";"60";"30";"4.3";"4.4";"2.1 | 2";"2.4 | 2.4"
"United States";"USA";"MLS Next Pro";"05-07-2026 22:00";"NS";"Los Angeles FC 2";"";"";"Real Monarchs";"2.4 | 3";"2.8 | 2.8";"5.5";"4.5";"95";"85";"65";"45";"4.3";"5.2";"2.6 | 2.7";"2.2 | 3"
"United States";"USA";"MLS Next Pro";"05-07-2026 23:00";"NS";"Tacoma Defiance";"";"";"Portland Timbers II";"2.1 | 2.7";"1.7 | 2.5";"4.5";"4.5";"90";"65";"50";"35";"4.3";"4.4";"1.7 | 2.5";"2.1 | 2.6"
"United States";"USA";"UWS";"05-07-2026 22:00";"NS";"San Fernando Valley W";"";"";"SoCal W";"";"";"";"0";"";"";"";"";"0";"";"";""
"Vietnam";"VIE";"U21 Championship";"05-07-2026 04:30";"NS";"Đồng Nai U21";"";"";"Tây Ninh U21";"2 | 2";"1.3 | 1.4";"3.4";"";"100";"36";"0";"0";"";"3.1";"1 | 1.4";"2 | 1.8"
"Vietnam";"VIE";"U21 Championship";"05-07-2026 04:30";"NS";"Mê Kông Cần Thơ U21";"";"";"HV An Giang U21";"";"";"";"";"";"";"";"";"";"";"";""
"Vietnam";"VIE";"U21 Championship";"05-07-2026 05:00";"NS";"TP Hồ Chí Minh U21";"";"";"Đà Nẵng U21";"2.8 | 1.9";"1 | 1.9";"3.8";"";"65";"45";"45";"16";"";"3.4";"1 | 1.8";"2.4 | 1.8"
"Vietnam";"VIE";"U21 Championship";"05-07-2026 05:00";"NS";"Hoàng Anh Gia Lai U21 I";"";"";"TĐTT Gia Lai U21";"";"";"";"";"";"";"";"";"";"";"";""
"Vietnam";"VIE";"U21 Championship";"05-07-2026 05:30";"NS";"Thể Công – Viettel U21";"";"";"Hà Nội Bulls U21";"";"";"";"";"";"";"";"";"";"";"";""
"Vietnam";"VIE";"U21 Championship";"05-07-2026 05:30";"NS";"Hà Nội U21";"";"";"PVF Vietnam U21";"2 | 1.8";"2 | 1";"3.4";"";"62";"50";"37";"18";"";"3.2";"2 | 0.9";"2 | 1.6"
"Vietnam";"VIE";"U21 Championship";"05-07-2026 06:00";"NS";"PVF-CAND U21";"";"";"Thanh Hóa U21";"3.2 | 2";"3.2 | 1.8";"5.1";"";"70";"60";"50";"50";"";"4.8";"2.8 | 1.8";"3 | 2"
"Vietnam";"VIE";"U21 Championship";"05-07-2026 06:00";"NS";"Công An Hà Nội U21";"";"";"SLNA U21";"3.5 | 2";"2 | 2.2";"4.8";"";"88";"75";"75";"50";"";"4.2";"2 | 2";"2.5 | 1.8"
"Argentina";"ARG";"Primera Division Women";"05-07-2026 14:00";"NS";"Boca Juniors W";"";"";"Lanús W";"1.7 | 2.2";"2.1 | 1.1";"3.6";"4.4";"80";"45";"30";"15";"4.2";"3.4";"1.9 | 1";"1.7 | 2.1"
"Argentina";"ARG";"Primera Division Women";"05-07-2026 14:00";"NS";"Ferro Carril Oeste W";"";"";"San Luis W";"2.4 | 2.1";"2.6 | 1.8";"4.4";"4.4";"85";"75";"50";"25";"4.2";"4.1";"2.6 | 1.6";"2.2 | 1.8"
"Argentina";"ARG";"Primera Division Women";"05-07-2026 14:00";"NS";"Talleres de Córdoba W";"";"";"Unión W";"2.3 | 2.9";"2.5 | 1.3";"4.5";"4.4";"80";"60";"55";"35";"4.2";"4.2";"2.3 | 1.2";"2.2 | 2.7"
"Argentina";"ARG";"Primera Division Women";"05-07-2026 14:00";"NS";"San Lorenzo W";"";"";"Independiente W";"2.3 | 1";"2 | 3.2";"4.2";"4.4";"75";"65";"35";"20";"4.2";"4.2";"1.9 | 3.1";"2.3 | 1"
"Argentina";"ARG";"Primera Division Women";"05-07-2026 14:00";"NS";"Racing Club W";"";"";"Huracán W";"2.2 | 1.2";"2.5 | 1.1";"3.5";"4.4";"70";"50";"30";"20";"4.2";"3.4";"2.4 | 1.1";"2.2 | 1.2"
"Argentina";"ARG";"Primera Division Women";"05-07-2026 14:00";"NS";"Newell's Old Boys W";"";"";"Belgrano W";"2.6 | 2.4";"2.2 | 2.2";"4.7";"4.4";"90";"70";"60";"25";"4.2";"4.5";"2.1 | 2.1";"2.5 | 2.3"
"Argentina";"ARG";"Primera Division Women";"05-07-2026 14:00";"NS";"Gimnasia La Plata W";"";"";"River Plate W";"2.7 | 2.5";"2.9 | 2.9";"5.5";"4.4";"95";"80";"65";"45";"4.2";"5.4";"2.9 | 2.8";"2.6 | 2.4"
"Argentina";"ARG";"Primera Division Women";"05-07-2026 14:00";"NS";"Banfield W";"";"";"SAT W";"2 | 1.7";"2.1 | 1.7";"3.8";"4.4";"75";"55";"35";"15";"4.2";"3.6";"2.1 | 1.6";"1.9 | 1.6"
"Australia";"AUS";"Western Australia NPL Women";"05-07-2026 04:00";"NS";"UWA Nedlands W";"";"";"Subiaco W";"0.8 | 0.9";"0.7 | 1.2";"1.8";"1.3";"26";"16";"5";"0";"1.3";"1.7";"0.7 | 1.2";"0.8 | 0.8"
"Australia";"AUS";"Western Australia NPL Women";"05-07-2026 04:00";"NS";"Perth RedStar W";"";"";"Perth W";"0.8 | 0.8";"0.8 | 0.7";"1.4";"1.3";"18";"12";"0";"0";"1.3";"1.4";"0.8 | 0.7";"0.8 | 0.8"
"Australia";"AUS";"Western Australia NPL Women";"05-07-2026 04:00";"NS";"Balcatta W";"";"";"Sorrento W";"1 | 0.9";"0.8 | 0.7";"1.7";"1.3";"28";"11";"5";"0";"1.3";"1.7";"0.8 | 0.7";"1 | 0.9"
"Australia";"AUS";"Capital Territory NPL Women";"05-07-2026 01:30";"NS";"Majura W";"";"";"Canberra W";"0.2 | 1.2";"0.2 | 0.7";"1.1";"1";"16";"8";"8";"0";"0.9";"1";"0.2 | 0.5";"0.2 | 1"
"Australia";"AUS";"Capital Territory NPL Women";"05-07-2026 01:30";"NS";"Canberra Olympic W";"";"";"Belconnen United W";"0.9 | 0.7";"0.7 | 1";"1.6";"1";"33";"28";"6";"0";"0.9";"1.5";"0.7 | 1";"0.8 | 0.7"
"Australia";"AUS";"Capital Territory NPL Women";"05-07-2026 03:00";"NS";"Tuggeranong United W";"";"";"Woden Weston W";"0.4 | 0.3";"0.6 | 0.6";"1";"1";"10";"0";"0";"0";"0.9";"0.8";"0.6 | 0.4";"0.4 | 0.3"
"Australia";"AUS";"Queensland NPL Women";"05-07-2026 05:00";"NS";"Brisbane City W";"";"";"Eastern Suburbs NPL";"0 | 0.3";"0.7 | 0.6";"0.8";"1.3";"6";"0";"0";"0";"1.2";"0.8";"0.7 | 0.6";"0 | 0.3"
"Australia";"AUS";"Victoria NPL Women";"05-07-2026 02:00";"NS";"Boroondara Eagles W";"";"";"South Melbourne W";"0.3 | 1.1";"0.7 | 1.1";"1.6";"1.5";"12";"12";"12";"0";"1.5";"1.6";"0.7 | 1.1";"0.3 | 1.1"
"Australia";"AUS";"New South Wales NPL Women";"05-07-2026 02:00";"NS";"Illawarra Stingrays W";"";"";"Sydney University W";"0.9 | 0.9";"0.6 | 0.8";"1.6";"1.8";"30";"5";"0";"0";"1.8";"1.4";"0.6 | 0.6";"0.8 | 0.9"
"Australia";"AUS";"New South Wales NPL Women";"05-07-2026 02:10";"NS";"Gladesville Ravens W";"";"";"Western Sydney II W";"0.9 | 0.6";"0.9 | 0.4";"1.4";"1.8";"25";"0";"0";"0";"1.8";"1.3";"0.8 | 0.4";"0.8 | 0.6"
"Australia";"AUS";"New South Wales NPL Women";"05-07-2026 03:50";"NS";"APIA Leichhardt W";"";"";"NWS Spirit W";"0.4 | 1.3";"1.1 | 1.1";"2";"1.8";"35";"15";"5";"0";"1.8";"1.8";"1.1 | 1.1";"0.3 | 1.2"
"Australia";"AUS";"New South Wales NPL Women";"05-07-2026 04:00";"NS";"Mt Druitt Town W";"";"";"Manly United W";"1.3 | 0.6";"0.8 | 0.9";"1.8";"1.8";"30";"15";"5";"5";"1.8";"1.8";"0.8 | 0.9";"1.2 | 0.6"
"Australia";"AUS";"New South Wales NPL Women";"05-07-2026 04:30";"NS";"Hills United W";"";"";"Macarthur Rams W";"0.9 | 1.2";"0.8 | 0.7";"1.8";"1.8";"35";"10";"0";"0";"1.8";"1.7";"0.7 | 0.6";"0.9 | 1.2"
"Australia";"AUS";"New South Wales NPL Women";"05-07-2026 04:40";"NS";"Sydney Olympic W";"";"";"Bulls Academy W";"1.1 | 0.5";"1.3 | 0.9";"1.9";"1.8";"35";"20";"10";"5";"1.8";"1.8";"1.3 | 0.9";"1 | 0.5"
"Australia";"AUS";"VIC Premier League Womens";"05-07-2026 02:00";"NS";"Melbourne University W";"";"";"Bundoora United W";"";"";"";"1";"";"";"";"";"1";"";"";""
"Australia";"AUS";"VIC Premier League Womens";"05-07-2026 02:00";"NS";"Bayside Argonauts W";"";"";"Banyule City W";"";"";"";"1";"";"";"";"";"1";"";"";""
"China";"CHN";"Super League Women";"05-07-2026 05:00";"NS";"Beijing BG Phoenix W";"";"";"Shaanxi Chang AN Athletic FC W";"0.3 | 0.2";"1.2 | 0.3";"1";"1.3";"11";"0";"0";"0";"1.2";"1";"1.1 | 0.3";"0.3 | 0.2"
"China";"CHN";"Super League Women";"05-07-2026 06:00";"NS";"Changchun Dazhong Zhiye W";"";"";"Guangdong Meizhou Hakka W";"1.1 | 1.1";"1.1 | 1";"2.2";"1.3";"47";"21";"10";"0";"1.2";"2.1";"1.1 | 1";"1.1 | 1"
"China";"CHN";"Super League Women";"05-07-2026 08:35";"NS";"Wuhan Jiangda W";"";"";"Liaoning Shenbei Hefeng W";"0.8 | 0.9";"0.8 | 1";"1.7";"1.3";"32";"5";"5";"0";"1.2";"1.7";"0.8 | 1";"0.8 | 0.9"
"Finland";"FIN";"Kansallinen Liiga Women";"05-07-2026 10:00";"NS";"VIFK W";"";"";"Gnistan W";"1.2 | 1.6";"0.6 | 0.9";"2.2";"2.4";"35";"22";"0";"0";"2.4";"2.2";"0.6 | 0.9";"1.2 | 1.6"
"Finland";"FIN";"Ykkönen Women";"05-07-2026 07:00";"NS";"HJK II W";"";"";"ONS W";"0.4 | 0.8";"0.7 | 1.1";"1.5";"1.7";"15";"15";"15";"5";"1.7";"1.5";"0.7 | 1.1";"0.4 | 0.8"
"Iceland";"ISL";"2. Deild Women";"05-07-2026 11:00";"NS";"KFR W";"";"";"Einherji W";"";"";"";"2.1";"";"";"";"";"2";"";"";""
"Latvia";"LVA";"Women League";"05-07-2026 13:00";"NS";"Metta W";"";"";"Riga W";"";"";"";"2";"";"";"";"";"2";"";"";""
"Northern Ireland";"NIR";"Women's Premiership League Cup";"05-07-2026 11:00";"NS";"Cliftonville W";"";"";"Glentoran BU W";"0.5 | 0.6";"0.5 | 0.9";"1.2";"2.2";"7";"0";"0";"0";"2.2";"1.2";"0.5 | 0.9";"0.5 | 0.6"
"Russia";"RUS";"Women's Cup";"05-07-2026 07:00";"NS";"Rubin Kazan W";"";"";"Dinamo Moskva W";"1.7 | 0.8";"1.7 | 1.3";"2.8";"0";"36";"31";"20";"10";"0";"2.5";"1.4 | 1.3";"1.7 | 0.6"
"Vietnam";"VIE";"Women's National League";"05-07-2026 06:00";"NS";"Ha Noi W";"";"";"PP Ha Nam W";"0.9 | 0.5";"1.3 | 0.4";"1.6";"0";"20";"15";"0";"0";"0";"1.6";"1.3 | 0.4";"0.9 | 0.5"
"Vietnam";"VIE";"Women's National League";"05-07-2026 06:00";"NS";"TKS Viet Nam W";"";"";"Ho Chi Minh City W";"1 | 0.6";"1.2 | 0.2";"1.5";"0";"25";"12";"0";"0";"0";"1.5";"1.2 | 0.2";"1 | 0.6"
"World";"WOR";"Club Friendlies 1";"05-07-2026 12:00";"NS";"MTE 1904";"";"";"Beşiktaş";"2.8 | 2";"2.1 | 2.6";"4.8";"3.3";"80";"60";"60";"40";"3";"4.7";"2 | 2.6";"2.8 | 2"
"World";"WOR";"Club Friendlies 2";"05-07-2026 21:00";"NS";"Cracovia Kraków";"";"";"İstanbul Başakşehir";"2.2 | 2";"1.9 | 1.6";"3.8";"0.3";"70";"50";"35";"20";"0.3";"3.6";"1.7 | 1.5";"2 | 1.9"
"World";"WOR";"Club Friendlies 3";"05-07-2026 06:00";"CANCELLED";"Prostějov";"";"";"Skalica";"1.8 | 2.2";"1.1 | 1.7";"3.4";"2.1";"55";"40";"30";"15";"2";"3.4";"1.1 | 1.7";"1.8 | 2.2"
"World";"WOR";"Club Friendlies 3";"05-07-2026 08:00";"NS";"AGF";"";"";"Motherwell";"1.1 | 2.6";"2.7 | 3.2";"4.8";"2.1";"85";"65";"50";"40";"2";"4.7";"2.7 | 3.2";"1.1 | 2.4"
"World";"WOR";"Club Friendlies 3";"05-07-2026 09:00";"NS";"Altona 93";"";"";"Phönix Lübeck";"";"";"";"2.1";"";"";"";"";"2";"";"";""
"World";"WOR";"Club Friendlies 3";"05-07-2026 09:30";"NS";"RKAV Volendam";"";"";"FC Volendam";"1.1 | 1.7";"1 | 1.7";"2.8";"2.1";"65";"30";"10";"5";"2";"2.8";"1 | 1.7";"1.1 | 1.7"
"World";"WOR";"Club Friendlies 3";"05-07-2026 10:00";"NS";"SK Rapid";"";"";"Pardubice";"1.7 | 1.7";"1 | 1.9";"3.2";"2.1";"63";"36";"15";"15";"2";"2.8";"1 | 1.7";"1.4 | 1.6"
"World";"WOR";"Club Friendlies 3";"05-07-2026 10:30";"NS";"Rosenborg";"";"";"Molde";"1.8 | 1.7";"2.2 | 1.4";"3.6";"2.1";"70";"45";"15";"10";"2";"3.5";"2.2 | 1.4";"1.8 | 1.6"
"World";"WOR";"Club Friendlies 3";"05-07-2026 11:00";"NS";"Metalist 1925 Kharkiv";"";"";"Young Boys";"1.6 | 2.3";"2.2 | 2.7";"4.4";"2.1";"75";"60";"45";"35";"2";"4.2";"2.1 | 2.4";"1.6 | 2.3"
"World";"WOR";"Club Friendlies 3";"05-07-2026 12:00";"NS";"FT Braunschweig";"";"";"Eintracht Braunschweig";"";"";"";"2.1";"";"";"";"";"2";"";"";""
"World";"WOR";"Club Friendlies 3";"05-07-2026 12:15";"NS";"SK Rapid";"";"";"Rapid Bucuresti";"1.7 | 2.2";"1 | 2.6";"3.8";"2.1";"68";"46";"15";"15";"2";"3.6";"1 | 2.5";"1.4 | 2.2"
"World";"WOR";"Hybrid Friendlies";"05-07-2026 19:00";"NS";"Los Angeles FC";"";"";"El Salvador";"2.3 | 1.8";"2.3 | 1.7";"4";"3";"85";"55";"45";"25";"2.7";"4";"2.3 | 1.7";"2.2 | 1.8"
"World";"WOR";"U17 National Team Friendlies";"05-07-2026 08:35";"NS";"China PR U17";"";"";"Australia U17";"1.3 | 1";"1.3 | 1.6";"2.7";"0";"35";"18";"18";"10";"0";"2.7";"1.3 | 1.6";"1.3 | 1"
"South Africa";"RSA";"Super League Women";"05-07-2026 05:00";"NS";"University of JHB W";"";"";"City Lads W";"1.2 | 1.3";"0.6 | 1.7";"2.4";"2.7";"54";"16";"0";"0";"2.6";"2.3";"0.6 | 1.7";"1 | 1.3"
"South Africa";"RSA";"Super League Women";"05-07-2026 07:30";"NS";"Stellenbosch W";"";"";"Diepkloof Ladies";"";"";"";"2.7";"";"";"";"";"2.6";"";"";""
"South Africa";"RSA";"Super League Women";"05-07-2026 10:30";"NS";"TS Galaxy Queens W";"";"";"Richmond United W";"0.5 | 0.7";"1.5 | 1.3";"2";"2.7";"42";"16";"0";"0";"2.6";"2";"1.5 | 1.3";"0.5 | 0.7"